{
  "version" : "4.0.0",
  "gauges" : {
    "jenkins.executor.count.value" : {
      "value" : 2
    },
    "jenkins.executor.free.value" : {
      "value" : 2
    },
    "jenkins.executor.in-use.value" : {
      "value" : 0
    },
    "jenkins.health-check.count" : {
      "value" : 4
    },
    "jenkins.health-check.inverse-score" : {
      "value" : 0.0
    },
    "jenkins.health-check.score" : {
      "value" : 1.0
    },
    "jenkins.job.averageDepth" : {
      "value" : 0.0
    },
    "jenkins.job.count.value" : {
      "value" : 0
    },
    "jenkins.node.count.value" : {
      "value" : 1
    },
    "jenkins.node.offline.value" : {
      "value" : 0
    },
    "jenkins.node.online.value" : {
      "value" : 1
    },
    "jenkins.plugins.active" : {
      "value" : 119
    },
    "jenkins.plugins.failed" : {
      "value" : 0
    },
    "jenkins.plugins.inactive" : {
      "value" : 0
    },
    "jenkins.plugins.withUpdate" : {
      "value" : 64
    },
    "jenkins.project.count.value" : {
      "value" : 0
    },
    "jenkins.project.disabled.count.value" : {
      "value" : 0
    },
    "jenkins.project.enabled.count.value" : {
      "value" : 0
    },
    "jenkins.queue.blocked.value" : {
      "value" : 0
    },
    "jenkins.queue.buildable.value" : {
      "value" : 0
    },
    "jenkins.queue.pending.value" : {
      "value" : 0
    },
    "jenkins.queue.size.value" : {
      "value" : 0
    },
    "jenkins.queue.stuck.value" : {
      "value" : 0
    },
    "jenkins.versions.core" : {
      "value" : "2.150.3"
    },
    "jenkins.versions.plugin.ace-editor" : {
      "value" : "1.1"
    },
    "jenkins.versions.plugin.ant" : {
      "value" : "1.11"
    },
    "jenkins.versions.plugin.antisamy-markup-formatter" : {
      "value" : "2.0"
    },
    "jenkins.versions.plugin.apache-httpcomponents-client-4-api" : {
      "value" : "4.5.10-2.0"
    },
    "jenkins.versions.plugin.artifactory" : {
      "value" : "3.1.0"
    },
    "jenkins.versions.plugin.authentication-tokens" : {
      "value" : "1.3"
    },
    "jenkins.versions.plugin.blueocean" : {
      "value" : "1.10.1"
    },
    "jenkins.versions.plugin.blueocean-autofavorite" : {
      "value" : "1.2.2"
    },
    "jenkins.versions.plugin.blueocean-bitbucket-pipeline" : {
      "value" : "1.10.1"
    },
    "jenkins.versions.plugin.blueocean-commons" : {
      "value" : "1.10.1"
    },
    "jenkins.versions.plugin.blueocean-config" : {
      "value" : "1.10.1"
    },
    "jenkins.versions.plugin.blueocean-core-js" : {
      "value" : "1.10.1"
    },
    "jenkins.versions.plugin.blueocean-dashboard" : {
      "value" : "1.10.1"
    },
    "jenkins.versions.plugin.blueocean-display-url" : {
      "value" : "2.2.0"
    },
    "jenkins.versions.plugin.blueocean-events" : {
      "value" : "1.10.1"
    },
    "jenkins.versions.plugin.blueocean-git-pipeline" : {
      "value" : "1.10.1"
    },
    "jenkins.versions.plugin.blueocean-github-pipeline" : {
      "value" : "1.10.1"
    },
    "jenkins.versions.plugin.blueocean-i18n" : {
      "value" : "1.10.1"
    },
    "jenkins.versions.plugin.blueocean-jira" : {
      "value" : "1.10.1"
    },
    "jenkins.versions.plugin.blueocean-jwt" : {
      "value" : "1.10.1"
    },
    "jenkins.versions.plugin.blueocean-personalization" : {
      "value" : "1.10.1"
    },
    "jenkins.versions.plugin.blueocean-pipeline-api-impl" : {
      "value" : "1.10.1"
    },
    "jenkins.versions.plugin.blueocean-pipeline-editor" : {
      "value" : "1.10.1"
    },
    "jenkins.versions.plugin.blueocean-pipeline-scm-api" : {
      "value" : "1.10.1"
    },
    "jenkins.versions.plugin.blueocean-rest" : {
      "value" : "1.10.1"
    },
    "jenkins.versions.plugin.blueocean-rest-impl" : {
      "value" : "1.10.1"
    },
    "jenkins.versions.plugin.blueocean-web" : {
      "value" : "1.10.1"
    },
    "jenkins.versions.plugin.bouncycastle-api" : {
      "value" : "2.17"
    },
    "jenkins.versions.plugin.branch-api" : {
      "value" : "2.1.2"
    },
    "jenkins.versions.plugin.build-timeout" : {
      "value" : "1.19.1"
    },
    "jenkins.versions.plugin.cloudbees-bitbucket-branch-source" : {
      "value" : "2.4.0"
    },
    "jenkins.versions.plugin.cloudbees-folder" : {
      "value" : "6.11.1"
    },
    "jenkins.versions.plugin.command-launcher" : {
      "value" : "1.3"
    },
    "jenkins.versions.plugin.config-file-provider" : {
      "value" : "3.4.1"
    },
    "jenkins.versions.plugin.configuration-as-code" : {
      "value" : "1.36"
    },
    "jenkins.versions.plugin.credentials" : {
      "value" : "2.3.5"
    },
    "jenkins.versions.plugin.credentials-binding" : {
      "value" : "1.21"
    },
    "jenkins.versions.plugin.display-url-api" : {
      "value" : "2.3.2"
    },
    "jenkins.versions.plugin.docker-commons" : {
      "value" : "1.13"
    },
    "jenkins.versions.plugin.docker-workflow" : {
      "value" : "1.17"
    },
    "jenkins.versions.plugin.durable-task" : {
      "value" : "1.34"
    },
    "jenkins.versions.plugin.email-ext" : {
      "value" : "2.69"
    },
    "jenkins.versions.plugin.favorite" : {
      "value" : "2.3.2"
    },
    "jenkins.versions.plugin.git" : {
      "value" : "4.2.2"
    },
    "jenkins.versions.plugin.git-client" : {
      "value" : "3.2.1"
    },
    "jenkins.versions.plugin.git-server" : {
      "value" : "1.7"
    },
    "jenkins.versions.plugin.gitea" : {
      "value" : "1.0.8"
    },
    "jenkins.versions.plugin.github" : {
      "value" : "1.29.3"
    },
    "jenkins.versions.plugin.github-api" : {
      "value" : "1.106"
    },
    "jenkins.versions.plugin.github-branch-source" : {
      "value" : "2.6.0"
    },
    "jenkins.versions.plugin.gitlab-plugin" : {
      "value" : "1.5.11"
    },
    "jenkins.versions.plugin.gradle" : {
      "value" : "1.36"
    },
    "jenkins.versions.plugin.handlebars" : {
      "value" : "1.1.1"
    },
    "jenkins.versions.plugin.handy-uri-templates-2-api" : {
      "value" : "2.1.6-1.0"
    },
    "jenkins.versions.plugin.htmlpublisher" : {
      "value" : "1.17"
    },
    "jenkins.versions.plugin.ivy" : {
      "value" : "1.28"
    },
    "jenkins.versions.plugin.jackson2-api" : {
      "value" : "2.10.3"
    },
    "jenkins.versions.plugin.javadoc" : {
      "value" : "1.4"
    },
    "jenkins.versions.plugin.jdk-tool" : {
      "value" : "1.4"
    },
    "jenkins.versions.plugin.jenkins-design-language" : {
      "value" : "1.10.1"
    },
    "jenkins.versions.plugin.jira" : {
      "value" : "3.0.5"
    },
    "jenkins.versions.plugin.jquery-detached" : {
      "value" : "1.2.1"
    },
    "jenkins.versions.plugin.jsch" : {
      "value" : "0.1.55.1"
    },
    "jenkins.versions.plugin.junit" : {
      "value" : "1.26.1"
    },
    "jenkins.versions.plugin.jx-resources" : {
      "value" : "1.0.35"
    },
    "jenkins.versions.plugin.kubernetes" : {
      "value" : "1.14.3"
    },
    "jenkins.versions.plugin.kubernetes-credentials" : {
      "value" : "0.4.0"
    },
    "jenkins.versions.plugin.kubernetes-credentials-provider" : {
      "value" : "0.11"
    },
    "jenkins.versions.plugin.ldap" : {
      "value" : "1.21"
    },
    "jenkins.versions.plugin.localization-zh-cn" : {
      "value" : "0.0.11"
    },
    "jenkins.versions.plugin.lockable-resources" : {
      "value" : "2.3"
    },
    "jenkins.versions.plugin.mailer" : {
      "value" : "1.30"
    },
    "jenkins.versions.plugin.mapdb-api" : {
      "value" : "1.0.9.0"
    },
    "jenkins.versions.plugin.matrix-auth" : {
      "value" : "2.5"
    },
    "jenkins.versions.plugin.matrix-project" : {
      "value" : "1.14"
    },
    "jenkins.versions.plugin.maven-plugin" : {
      "value" : "3.2"
    },
    "jenkins.versions.plugin.mercurial" : {
      "value" : "2.4"
    },
    "jenkins.versions.plugin.metrics" : {
      "value" : "4.0.2.2"
    },
    "jenkins.versions.plugin.momentjs" : {
      "value" : "1.1.1"
    },
    "jenkins.versions.plugin.pam-auth" : {
      "value" : "1.6"
    },
    "jenkins.versions.plugin.pipeline-build-step" : {
      "value" : "2.7"
    },
    "jenkins.versions.plugin.pipeline-github-lib" : {
      "value" : "1.0"
    },
    "jenkins.versions.plugin.pipeline-graph-analysis" : {
      "value" : "1.9"
    },
    "jenkins.versions.plugin.pipeline-input-step" : {
      "value" : "2.9"
    },
    "jenkins.versions.plugin.pipeline-milestone-step" : {
      "value" : "1.3.1"
    },
    "jenkins.versions.plugin.pipeline-model-api" : {
      "value" : "1.3.4.1"
    },
    "jenkins.versions.plugin.pipeline-model-declarative-agent" : {
      "value" : "1.1.1"
    },
    "jenkins.versions.plugin.pipeline-model-definition" : {
      "value" : "1.3.4.1"
    },
    "jenkins.versions.plugin.pipeline-model-extensions" : {
      "value" : "1.3.4.1"
    },
    "jenkins.versions.plugin.pipeline-rest-api" : {
      "value" : "2.13"
    },
    "jenkins.versions.plugin.pipeline-stage-step" : {
      "value" : "2.3"
    },
    "jenkins.versions.plugin.pipeline-stage-tags-metadata" : {
      "value" : "1.3.4.1"
    },
    "jenkins.versions.plugin.pipeline-stage-view" : {
      "value" : "2.13"
    },
    "jenkins.versions.plugin.plain-credentials" : {
      "value" : "1.5"
    },
    "jenkins.versions.plugin.pubsub-light" : {
      "value" : "1.12"
    },
    "jenkins.versions.plugin.resource-disposer" : {
      "value" : "0.12"
    },
    "jenkins.versions.plugin.scm-api" : {
      "value" : "2.6.3"
    },
    "jenkins.versions.plugin.script-security" : {
      "value" : "1.71"
    },
    "jenkins.versions.plugin.sse-gateway" : {
      "value" : "1.17"
    },
    "jenkins.versions.plugin.ssh-credentials" : {
      "value" : "1.17.4"
    },
    "jenkins.versions.plugin.ssh-slaves" : {
      "value" : "1.30.4"
    },
    "jenkins.versions.plugin.structs" : {
      "value" : "1.20"
    },
    "jenkins.versions.plugin.subversion" : {
      "value" : "2.13.1"
    },
    "jenkins.versions.plugin.support-core" : {
      "value" : "2.54"
    },
    "jenkins.versions.plugin.timestamper" : {
      "value" : "1.11.2"
    },
    "jenkins.versions.plugin.token-macro" : {
      "value" : "2.12"
    },
    "jenkins.versions.plugin.variant" : {
      "value" : "1.1"
    },
    "jenkins.versions.plugin.workflow-aggregator" : {
      "value" : "2.6"
    },
    "jenkins.versions.plugin.workflow-api" : {
      "value" : "2.40"
    },
    "jenkins.versions.plugin.workflow-basic-steps" : {
      "value" : "2.19"
    },
    "jenkins.versions.plugin.workflow-cps" : {
      "value" : "2.80"
    },
    "jenkins.versions.plugin.workflow-cps-global-lib" : {
      "value" : "2.12"
    },
    "jenkins.versions.plugin.workflow-durable-task-step" : {
      "value" : "2.31"
    },
    "jenkins.versions.plugin.workflow-job" : {
      "value" : "2.37"
    },
    "jenkins.versions.plugin.workflow-multibranch" : {
      "value" : "2.20"
    },
    "jenkins.versions.plugin.workflow-scm-step" : {
      "value" : "2.10"
    },
    "jenkins.versions.plugin.workflow-step-api" : {
      "value" : "2.22"
    },
    "jenkins.versions.plugin.workflow-support" : {
      "value" : "3.4"
    },
    "jenkins.versions.plugin.ws-cleanup" : {
      "value" : "0.38"
    },
    "system.cpu.load" : {
      "value" : 4.15
    },
    "vm.blocked.count" : {
      "value" : 0
    },
    "vm.class.loaded" : {
      "value" : 16372
    },
    "vm.class.unloaded" : {
      "value" : 1
    },
    "vm.count" : {
      "value" : 47
    },
    "vm.cpu.load" : {
      "value" : 0.42929905408683
    },
    "vm.daemon.count" : {
      "value" : 30
    },
    "vm.deadlock.count" : {
      "value" : 0
    },
    "vm.deadlocks" : {
      "value" : [ ]
    },
    "vm.file.descriptor.ratio" : {
      "value" : 6.923675537109375E-4
    },
    "vm.gc.Copy.count" : {
      "value" : 658
    },
    "vm.gc.Copy.time" : {
      "value" : 5425
    },
    "vm.gc.MarkSweepCompact.count" : {
      "value" : 7
    },
    "vm.gc.MarkSweepCompact.time" : {
      "value" : 1954
    },
    "vm.memory.heap.committed" : {
      "value" : 175366144
    },
    "vm.memory.heap.init" : {
      "value" : 16777216
    },
    "vm.memory.heap.max" : {
      "value" : 251396096
    },
    "vm.memory.heap.usage" : {
      "value" : 0.3698480345534085
    },
    "vm.memory.heap.used" : {
      "value" : 92978352
    },
    "vm.memory.non-heap.committed" : {
      "value" : 141688832
    },
    "vm.memory.non-heap.init" : {
      "value" : 2555904
    },
    "vm.memory.non-heap.max" : {
      "value" : -1
    },
    "vm.memory.non-heap.usage" : {
      "value" : -1.29074696E8
    },
    "vm.memory.non-heap.used" : {
      "value" : 129074696
    },
    "vm.memory.pools.Code-Cache.committed" : {
      "value" : 21364736
    },
    "vm.memory.pools.Code-Cache.init" : {
      "value" : 2555904
    },
    "vm.memory.pools.Code-Cache.max" : {
      "value" : 251658240
    },
    "vm.memory.pools.Code-Cache.usage" : {
      "value" : 0.08424301147460937
    },
    "vm.memory.pools.Code-Cache.used" : {
      "value" : 21200448
    },
    "vm.memory.pools.Compressed-Class-Space.committed" : {
      "value" : 13762560
    },
    "vm.memory.pools.Compressed-Class-Space.init" : {
      "value" : 0
    },
    "vm.memory.pools.Compressed-Class-Space.max" : {
      "value" : 1073741824
    },
    "vm.memory.pools.Compressed-Class-Space.usage" : {
      "value" : 0.010442495346069336
    },
    "vm.memory.pools.Compressed-Class-Space.used" : {
      "value" : 11212544
    },
    "vm.memory.pools.Eden-Space.committed" : {
      "value" : 48496640
    },
    "vm.memory.pools.Eden-Space.init" : {
      "value" : 4521984
    },
    "vm.memory.pools.Eden-Space.max" : {
      "value" : 69337088
    },
    "vm.memory.pools.Eden-Space.usage" : {
      "value" : 0.028123707762287335
    },
    "vm.memory.pools.Eden-Space.used" : {
      "value" : 1950016
    },
    "vm.memory.pools.Eden-Space.used-after-gc" : {
      "value" : 0
    },
    "vm.memory.pools.Metaspace.committed" : {
      "value" : 106561536
    },
    "vm.memory.pools.Metaspace.init" : {
      "value" : 0
    },
    "vm.memory.pools.Metaspace.max" : {
      "value" : -1
    },
    "vm.memory.pools.Metaspace.usage" : {
      "value" : 0.9071104230329413
    },
    "vm.memory.pools.Metaspace.used" : {
      "value" : 96663080
    },
    "vm.memory.pools.Survivor-Space.committed" : {
      "value" : 6029312
    },
    "vm.memory.pools.Survivor-Space.init" : {
      "value" : 524288
    },
    "vm.memory.pools.Survivor-Space.max" : {
      "value" : 8650752
    },
    "vm.memory.pools.Survivor-Space.usage" : {
      "value" : 0.37934644294507575
    },
    "vm.memory.pools.Survivor-Space.used" : {
      "value" : 3281632
    },
    "vm.memory.pools.Survivor-Space.used-after-gc" : {
      "value" : 3281632
    },
    "vm.memory.pools.Tenured-Gen.committed" : {
      "value" : 120840192
    },
    "vm.memory.pools.Tenured-Gen.init" : {
      "value" : 11206656
    },
    "vm.memory.pools.Tenured-Gen.max" : {
      "value" : 173408256
    },
    "vm.memory.pools.Tenured-Gen.usage" : {
      "value" : 0.5060122627610072
    },
    "vm.memory.pools.Tenured-Gen.used" : {
      "value" : 87746704
    },
    "vm.memory.pools.Tenured-Gen.used-after-gc" : {
      "value" : 72502688
    },
    "vm.memory.total.committed" : {
      "value" : 317054976
    },
    "vm.memory.total.init" : {
      "value" : 19333120
    },
    "vm.memory.total.max" : {
      "value" : 251396095
    },
    "vm.memory.total.used" : {
      "value" : 222054552
    },
    "vm.new.count" : {
      "value" : 0
    },
    "vm.runnable.count" : {
      "value" : 10
    },
    "vm.terminated.count" : {
      "value" : 0
    },
    "vm.timed_waiting.count" : {
      "value" : 23
    },
    "vm.uptime.milliseconds" : {
      "value" : 122767
    },
    "vm.waiting.count" : {
      "value" : 14
    }
  },
  "counters" : {
    "http.activeRequests" : {
      "count" : 0
    }
  },
  "histograms" : {
    "jenkins.executor.count.history" : {
      "count" : 2,
      "max" : 2,
      "mean" : 2.0,
      "min" : 2,
      "p50" : 2.0,
      "p75" : 2.0,
      "p95" : 2.0,
      "p98" : 2.0,
      "p99" : 2.0,
      "p999" : 2.0,
      "values" : [ 2, 2 ],
      "stddev" : 0.0
    },
    "jenkins.executor.free.history" : {
      "count" : 2,
      "max" : 2,
      "mean" : 2.0,
      "min" : 2,
      "p50" : 2.0,
      "p75" : 2.0,
      "p95" : 2.0,
      "p98" : 2.0,
      "p99" : 2.0,
      "p999" : 2.0,
      "values" : [ 2, 2 ],
      "stddev" : 0.0
    },
    "jenkins.executor.in-use.history" : {
      "count" : 2,
      "max" : 0,
      "mean" : 0.0,
      "min" : 0,
      "p50" : 0.0,
      "p75" : 0.0,
      "p95" : 0.0,
      "p98" : 0.0,
      "p99" : 0.0,
      "p999" : 0.0,
      "values" : [ 0, 0 ],
      "stddev" : 0.0
    },
    "jenkins.job.count.history" : {
      "count" : 2,
      "max" : 0,
      "mean" : 0.0,
      "min" : 0,
      "p50" : 0.0,
      "p75" : 0.0,
      "p95" : 0.0,
      "p98" : 0.0,
      "p99" : 0.0,
      "p999" : 0.0,
      "values" : [ 0, 0 ],
      "stddev" : 0.0
    },
    "jenkins.node.count.history" : {
      "count" : 2,
      "max" : 1,
      "mean" : 1.0,
      "min" : 1,
      "p50" : 1.0,
      "p75" : 1.0,
      "p95" : 1.0,
      "p98" : 1.0,
      "p99" : 1.0,
      "p999" : 1.0,
      "values" : [ 1, 1 ],
      "stddev" : 0.0
    },
    "jenkins.node.offline.history" : {
      "count" : 2,
      "max" : 0,
      "mean" : 0.0,
      "min" : 0,
      "p50" : 0.0,
      "p75" : 0.0,
      "p95" : 0.0,
      "p98" : 0.0,
      "p99" : 0.0,
      "p999" : 0.0,
      "values" : [ 0, 0 ],
      "stddev" : 0.0
    },
    "jenkins.node.online.history" : {
      "count" : 2,
      "max" : 1,
      "mean" : 1.0,
      "min" : 1,
      "p50" : 1.0,
      "p75" : 1.0,
      "p95" : 1.0,
      "p98" : 1.0,
      "p99" : 1.0,
      "p999" : 1.0,
      "values" : [ 1, 1 ],
      "stddev" : 0.0
    },
    "jenkins.project.count.history" : {
      "count" : 2,
      "max" : 0,
      "mean" : 0.0,
      "min" : 0,
      "p50" : 0.0,
      "p75" : 0.0,
      "p95" : 0.0,
      "p98" : 0.0,
      "p99" : 0.0,
      "p999" : 0.0,
      "values" : [ 0, 0 ],
      "stddev" : 0.0
    },
    "jenkins.project.disabled.count.history" : {
      "count" : 2,
      "max" : 0,
      "mean" : 0.0,
      "min" : 0,
      "p50" : 0.0,
      "p75" : 0.0,
      "p95" : 0.0,
      "p98" : 0.0,
      "p99" : 0.0,
      "p999" : 0.0,
      "values" : [ 0, 0 ],
      "stddev" : 0.0
    },
    "jenkins.project.enabled.count.history" : {
      "count" : 2,
      "max" : 0,
      "mean" : 0.0,
      "min" : 0,
      "p50" : 0.0,
      "p75" : 0.0,
      "p95" : 0.0,
      "p98" : 0.0,
      "p99" : 0.0,
      "p999" : 0.0,
      "values" : [ 0, 0 ],
      "stddev" : 0.0
    },
    "jenkins.queue.blocked.history" : {
      "count" : 2,
      "max" : 0,
      "mean" : 0.0,
      "min" : 0,
      "p50" : 0.0,
      "p75" : 0.0,
      "p95" : 0.0,
      "p98" : 0.0,
      "p99" : 0.0,
      "p999" : 0.0,
      "values" : [ 0, 0 ],
      "stddev" : 0.0
    },
    "jenkins.queue.buildable.history" : {
      "count" : 2,
      "max" : 0,
      "mean" : 0.0,
      "min" : 0,
      "p50" : 0.0,
      "p75" : 0.0,
      "p95" : 0.0,
      "p98" : 0.0,
      "p99" : 0.0,
      "p999" : 0.0,
      "values" : [ 0, 0 ],
      "stddev" : 0.0
    },
    "jenkins.queue.pending.history" : {
      "count" : 2,
      "max" : 0,
      "mean" : 0.0,
      "min" : 0,
      "p50" : 0.0,
      "p75" : 0.0,
      "p95" : 0.0,
      "p98" : 0.0,
      "p99" : 0.0,
      "p999" : 0.0,
      "values" : [ 0, 0 ],
      "stddev" : 0.0
    },
    "jenkins.queue.size.history" : {
      "count" : 2,
      "max" : 0,
      "mean" : 0.0,
      "min" : 0,
      "p50" : 0.0,
      "p75" : 0.0,
      "p95" : 0.0,
      "p98" : 0.0,
      "p99" : 0.0,
      "p999" : 0.0,
      "values" : [ 0, 0 ],
      "stddev" : 0.0
    },
    "jenkins.queue.stuck.history" : {
      "count" : 2,
      "max" : 0,
      "mean" : 0.0,
      "min" : 0,
      "p50" : 0.0,
      "p75" : 0.0,
      "p95" : 0.0,
      "p98" : 0.0,
      "p99" : 0.0,
      "p999" : 0.0,
      "values" : [ 0, 0 ],
      "stddev" : 0.0
    },
    "system.cpu.load.x100.history" : {
      "count" : 2,
      "max" : 446,
      "mean" : 435.99174997019685,
      "min" : 428,
      "p50" : 428.0,
      "p75" : 446.0,
      "p95" : 446.0,
      "p98" : 446.0,
      "p99" : 446.0,
      "p999" : 446.0,
      "values" : [ 428, 446 ],
      "stddev" : 8.943345675830825
    },
    "system.cpu.load.x100.window.15m" : {
      "count" : 2,
      "max" : 446,
      "mean" : 437.0,
      "min" : 428,
      "p50" : 437.0,
      "p75" : 446.0,
      "p95" : 446.0,
      "p98" : 446.0,
      "p99" : 446.0,
      "p999" : 446.0,
      "values" : [ 428, 446 ],
      "stddev" : 12.727922061357855
    },
    "system.cpu.load.x100.window.1h" : {
      "count" : 2,
      "max" : 446,
      "mean" : 437.0,
      "min" : 428,
      "p50" : 437.0,
      "p75" : 446.0,
      "p95" : 446.0,
      "p98" : 446.0,
      "p99" : 446.0,
      "p999" : 446.0,
      "values" : [ 428, 446 ],
      "stddev" : 12.727922061357855
    },
    "system.cpu.load.x100.window.5m" : {
      "count" : 2,
      "max" : 446,
      "mean" : 437.0,
      "min" : 428,
      "p50" : 437.0,
      "p75" : 446.0,
      "p95" : 446.0,
      "p98" : 446.0,
      "p99" : 446.0,
      "p999" : 446.0,
      "values" : [ 428, 446 ],
      "stddev" : 12.727922061357855
    },
    "vm.cpu.load.x100.history" : {
      "count" : 2,
      "max" : 128,
      "mean" : 82.40686097534117,
      "min" : 46,
      "p50" : 46.0,
      "p75" : 128.0,
      "p95" : 128.0,
      "p98" : 128.0,
      "p99" : 128.0,
      "p999" : 128.0,
      "values" : [ 46, 128 ],
      "stddev" : 40.741908078784874
    },
    "vm.cpu.load.x100.window.15m" : {
      "count" : 2,
      "max" : 128,
      "mean" : 87.0,
      "min" : 46,
      "p50" : 87.0,
      "p75" : 128.0,
      "p95" : 128.0,
      "p98" : 128.0,
      "p99" : 128.0,
      "p999" : 128.0,
      "values" : [ 46, 128 ],
      "stddev" : 57.982756057296896
    },
    "vm.cpu.load.x100.window.1h" : {
      "count" : 2,
      "max" : 128,
      "mean" : 87.0,
      "min" : 46,
      "p50" : 87.0,
      "p75" : 128.0,
      "p95" : 128.0,
      "p98" : 128.0,
      "p99" : 128.0,
      "p999" : 128.0,
      "values" : [ 46, 128 ],
      "stddev" : 57.982756057296896
    },
    "vm.cpu.load.x100.window.5m" : {
      "count" : 2,
      "max" : 128,
      "mean" : 87.0,
      "min" : 46,
      "p50" : 87.0,
      "p75" : 128.0,
      "p95" : 128.0,
      "p98" : 128.0,
      "p99" : 128.0,
      "p999" : 128.0,
      "values" : [ 46, 128 ],
      "stddev" : 57.982756057296896
    },
    "vm.file.descriptor.ratio.x100.history" : {
      "count" : 2,
      "max" : 0,
      "mean" : 0.0,
      "min" : 0,
      "p50" : 0.0,
      "p75" : 0.0,
      "p95" : 0.0,
      "p98" : 0.0,
      "p99" : 0.0,
      "p999" : 0.0,
      "values" : [ 0, 0 ],
      "stddev" : 0.0
    },
    "vm.file.descriptor.ratio.x100.window.15m" : {
      "count" : 2,
      "max" : 0,
      "mean" : 0.0,
      "min" : 0,
      "p50" : 0.0,
      "p75" : 0.0,
      "p95" : 0.0,
      "p98" : 0.0,
      "p99" : 0.0,
      "p999" : 0.0,
      "values" : [ 0, 0 ],
      "stddev" : 0.0
    },
    "vm.file.descriptor.ratio.x100.window.1h" : {
      "count" : 2,
      "max" : 0,
      "mean" : 0.0,
      "min" : 0,
      "p50" : 0.0,
      "p75" : 0.0,
      "p95" : 0.0,
      "p98" : 0.0,
      "p99" : 0.0,
      "p999" : 0.0,
      "values" : [ 0, 0 ],
      "stddev" : 0.0
    },
    "vm.file.descriptor.ratio.x100.window.5m" : {
      "count" : 2,
      "max" : 0,
      "mean" : 0.0,
      "min" : 0,
      "p50" : 0.0,
      "p75" : 0.0,
      "p95" : 0.0,
      "p98" : 0.0,
      "p99" : 0.0,
      "p999" : 0.0,
      "values" : [ 0, 0 ],
      "stddev" : 0.0
    },
    "vm.memory.heap.committed.history" : {
      "count" : 2,
      "max" : 175366144,
      "mean" : 1.5555285539833295E8,
      "min" : 130740224,
      "p50" : 1.75366144E8,
      "p75" : 1.75366144E8,
      "p95" : 1.75366144E8,
      "p98" : 1.75366144E8,
      "p99" : 1.75366144E8,
      "p999" : 1.75366144E8,
      "values" : [ 130740224, 175366144 ],
      "stddev" : 2.2172501592331797E7
    },
    "vm.memory.heap.committed.window.15m" : {
      "count" : 2,
      "max" : 175366144,
      "mean" : 1.53053184E8,
      "min" : 130740224,
      "p50" : 1.53053184E8,
      "p75" : 1.75366144E8,
      "p95" : 1.75366144E8,
      "p98" : 1.75366144E8,
      "p99" : 1.75366144E8,
      "p999" : 1.75366144E8,
      "values" : [ 130740224, 175366144 ],
      "stddev" : 3.1555290648688376E7
    },
    "vm.memory.heap.committed.window.1h" : {
      "count" : 2,
      "max" : 175366144,
      "mean" : 1.53053184E8,
      "min" : 130740224,
      "p50" : 1.53053184E8,
      "p75" : 1.75366144E8,
      "p95" : 1.75366144E8,
      "p98" : 1.75366144E8,
      "p99" : 1.75366144E8,
      "p999" : 1.75366144E8,
      "values" : [ 130740224, 175366144 ],
      "stddev" : 3.1555290648688376E7
    },
    "vm.memory.heap.committed.window.5m" : {
      "count" : 2,
      "max" : 175366144,
      "mean" : 1.53053184E8,
      "min" : 130740224,
      "p50" : 1.53053184E8,
      "p75" : 1.75366144E8,
      "p95" : 1.75366144E8,
      "p98" : 1.75366144E8,
      "p99" : 1.75366144E8,
      "p999" : 1.75366144E8,
      "values" : [ 130740224, 175366144 ],
      "stddev" : 3.1555290648688376E7
    },
    "vm.memory.heap.usage.x100.history" : {
      "count" : 2,
      "max" : 40,
      "mean" : 37.77594443782152,
      "min" : 36,
      "p50" : 36.0,
      "p75" : 40.0,
      "p95" : 40.0,
      "p98" : 40.0,
      "p99" : 40.0,
      "p999" : 40.0,
      "values" : [ 36, 40 ],
      "stddev" : 1.987410150184628
    },
    "vm.memory.heap.usage.x100.window.15m" : {
      "count" : 2,
      "max" : 40,
      "mean" : 38.0,
      "min" : 36,
      "p50" : 38.0,
      "p75" : 40.0,
      "p95" : 40.0,
      "p98" : 40.0,
      "p99" : 40.0,
      "p999" : 40.0,
      "values" : [ 36, 40 ],
      "stddev" : 2.8284271247461903
    },
    "vm.memory.heap.usage.x100.window.1h" : {
      "count" : 2,
      "max" : 40,
      "mean" : 38.0,
      "min" : 36,
      "p50" : 38.0,
      "p75" : 40.0,
      "p95" : 40.0,
      "p98" : 40.0,
      "p99" : 40.0,
      "p999" : 40.0,
      "values" : [ 36, 40 ],
      "stddev" : 2.8284271247461903
    },
    "vm.memory.heap.usage.x100.window.5m" : {
      "count" : 2,
      "max" : 40,
      "mean" : 38.0,
      "min" : 36,
      "p50" : 38.0,
      "p75" : 40.0,
      "p95" : 40.0,
      "p98" : 40.0,
      "p99" : 40.0,
      "p999" : 40.0,
      "values" : [ 36, 40 ],
      "stddev" : 2.8284271247461903
    },
    "vm.memory.heap.used.history" : {
      "count" : 2,
      "max" : 99963384,
      "mean" : 9.513935410830139E7,
      "min" : 91287288,
      "p50" : 9.1287288E7,
      "p75" : 9.9963384E7,
      "p95" : 9.9963384E7,
      "p98" : 9.9963384E7,
      "p99" : 9.9963384E7,
      "p999" : 9.9963384E7,
      "values" : [ 91287288, 99963384 ],
      "stddev" : 4310740.313594063
    },
    "vm.memory.heap.used.window.15m" : {
      "count" : 2,
      "max" : 99963384,
      "mean" : 9.5625336E7,
      "min" : 91287288,
      "p50" : 9.5625336E7,
      "p75" : 9.9963384E7,
      "p95" : 9.9963384E7,
      "p98" : 9.9963384E7,
      "p99" : 9.9963384E7,
      "p999" : 9.9963384E7,
      "values" : [ 91287288, 99963384 ],
      "stddev" : 6134926.31582548
    },
    "vm.memory.heap.used.window.1h" : {
      "count" : 2,
      "max" : 99963384,
      "mean" : 9.5625336E7,
      "min" : 91287288,
      "p50" : 9.5625336E7,
      "p75" : 9.9963384E7,
      "p95" : 9.9963384E7,
      "p98" : 9.9963384E7,
      "p99" : 9.9963384E7,
      "p999" : 9.9963384E7,
      "values" : [ 91287288, 99963384 ],
      "stddev" : 6134926.31582548
    },
    "vm.memory.heap.used.window.5m" : {
      "count" : 2,
      "max" : 99963384,
      "mean" : 9.5625336E7,
      "min" : 91287288,
      "p50" : 9.5625336E7,
      "p75" : 9.9963384E7,
      "p95" : 9.9963384E7,
      "p98" : 9.9963384E7,
      "p99" : 9.9963384E7,
      "p999" : 9.9963384E7,
      "values" : [ 91287288, 99963384 ],
      "stddev" : 6134926.31582548
    },
    "vm.memory.non-heap.committed.history" : {
      "count" : 2,
      "max" : 138149888,
      "mean" : 1.370732962742371E8,
      "min" : 135725056,
      "p50" : 1.38149888E8,
      "p75" : 1.38149888E8,
      "p95" : 1.38149888E8,
      "p98" : 1.38149888E8,
      "p99" : 1.38149888E8,
      "p999" : 1.38149888E8,
      "values" : [ 135725056, 138149888 ],
      "stddev" : 1204783.9323231229
    },
    "vm.memory.non-heap.committed.window.15m" : {
      "count" : 2,
      "max" : 138149888,
      "mean" : 1.36937472E8,
      "min" : 135725056,
      "p50" : 1.36937472E8,
      "p75" : 1.38149888E8,
      "p95" : 1.38149888E8,
      "p98" : 1.38149888E8,
      "p99" : 1.38149888E8,
      "p999" : 1.38149888E8,
      "values" : [ 135725056, 138149888 ],
      "stddev" : 1714615.1504381385
    },
    "vm.memory.non-heap.committed.window.1h" : {
      "count" : 2,
      "max" : 138149888,
      "mean" : 1.36937472E8,
      "min" : 135725056,
      "p50" : 1.36937472E8,
      "p75" : 1.38149888E8,
      "p95" : 1.38149888E8,
      "p98" : 1.38149888E8,
      "p99" : 1.38149888E8,
      "p999" : 1.38149888E8,
      "values" : [ 135725056, 138149888 ],
      "stddev" : 1714615.1504381385
    },
    "vm.memory.non-heap.committed.window.5m" : {
      "count" : 2,
      "max" : 138149888,
      "mean" : 1.36937472E8,
      "min" : 135725056,
      "p50" : 1.36937472E8,
      "p75" : 1.38149888E8,
      "p95" : 1.38149888E8,
      "p98" : 1.38149888E8,
      "p99" : 1.38149888E8,
      "p999" : 1.38149888E8,
      "values" : [ 135725056, 138149888 ],
      "stddev" : 1714615.1504381385
    },
    "vm.memory.non-heap.usage.x100.history" : {
      "count" : 2,
      "max" : -12306303200,
      "mean" : -1.2441314937713158E10,
      "min" : -12549124000,
      "p50" : -1.2549124E10,
      "p75" : -1.23063032E10,
      "p95" : -1.23063032E10,
      "p98" : -1.23063032E10,
      "p99" : -1.23063032E10,
      "p999" : -1.23063032E10,
      "values" : [ -12549124000, -12306303200 ],
      "stddev" : 1.2064613064898787E8
    },
    "vm.memory.non-heap.usage.x100.window.15m" : {
      "count" : 2,
      "max" : -12306303200,
      "mean" : -1.24277136E10,
      "min" : -12549124000,
      "p50" : -1.24277136E10,
      "p75" : -1.23063032E10,
      "p95" : -1.23063032E10,
      "p98" : -1.23063032E10,
      "p99" : -1.23063032E10,
      "p999" : -1.23063032E10,
      "values" : [ -12549124000, -12306303200 ],
      "stddev" : 1.717002342931424E8
    },
    "vm.memory.non-heap.usage.x100.window.1h" : {
      "count" : 2,
      "max" : -12306303200,
      "mean" : -1.24277136E10,
      "min" : -12549124000,
      "p50" : -1.24277136E10,
      "p75" : -1.23063032E10,
      "p95" : -1.23063032E10,
      "p98" : -1.23063032E10,
      "p99" : -1.23063032E10,
      "p999" : -1.23063032E10,
      "values" : [ -12549124000, -12306303200 ],
      "stddev" : 1.717002342931424E8
    },
    "vm.memory.non-heap.usage.x100.window.5m" : {
      "count" : 2,
      "max" : -12306303200,
      "mean" : -1.24277136E10,
      "min" : -12549124000,
      "p50" : -1.24277136E10,
      "p75" : -1.23063032E10,
      "p95" : -1.23063032E10,
      "p98" : -1.23063032E10,
      "p99" : -1.23063032E10,
      "p999" : -1.23063032E10,
      "values" : [ -12549124000, -12306303200 ],
      "stddev" : 1.717002342931424E8
    },
    "vm.memory.non-heap.used.history" : {
      "count" : 2,
      "max" : 125491240,
      "mean" : 1.2441317779224259E8,
      "min" : 123063096,
      "p50" : 1.2549124E8,
      "p75" : 1.2549124E8,
      "p95" : 1.2549124E8,
      "p98" : 1.2549124E8,
      "p99" : 1.2549124E8,
      "p999" : 1.2549124E8,
      "values" : [ 123063096, 125491240 ],
      "stddev" : 1206429.5079274757
    },
    "vm.memory.non-heap.used.window.15m" : {
      "count" : 2,
      "max" : 125491240,
      "mean" : 1.24277168E8,
      "min" : 123063096,
      "p50" : 1.24277168E8,
      "p75" : 1.2549124E8,
      "p95" : 1.2549124E8,
      "p98" : 1.2549124E8,
      "p99" : 1.2549124E8,
      "p999" : 1.2549124E8,
      "values" : [ 123063096, 125491240 ],
      "stddev" : 1716957.0880974282
    },
    "vm.memory.non-heap.used.window.1h" : {
      "count" : 2,
      "max" : 125491240,
      "mean" : 1.24277168E8,
      "min" : 123063096,
      "p50" : 1.24277168E8,
      "p75" : 1.2549124E8,
      "p95" : 1.2549124E8,
      "p98" : 1.2549124E8,
      "p99" : 1.2549124E8,
      "p999" : 1.2549124E8,
      "values" : [ 123063096, 125491240 ],
      "stddev" : 1716957.0880974282
    },
    "vm.memory.non-heap.used.window.5m" : {
      "count" : 2,
      "max" : 125491240,
      "mean" : 1.24277168E8,
      "min" : 123063096,
      "p50" : 1.24277168E8,
      "p75" : 1.2549124E8,
      "p95" : 1.2549124E8,
      "p98" : 1.2549124E8,
      "p99" : 1.2549124E8,
      "p999" : 1.2549124E8,
      "values" : [ 123063096, 125491240 ],
      "stddev" : 1716957.0880974282
    },
    "vm.memory.pools.Code-Cache.committed.history" : {
      "count" : 2,
      "max" : 19922944,
      "mean" : 1.9544682042299516E7,
      "min" : 19070976,
      "p50" : 1.9922944E7,
      "p75" : 1.9922944E7,
      "p95" : 1.9922944E7,
      "p98" : 1.9922944E7,
      "p99" : 1.9922944E7,
      "p999" : 1.9922944E7,
      "values" : [ 19070976, 19922944 ],
      "stddev" : 423302.46270812425
    },
    "vm.memory.pools.Code-Cache.committed.window.15m" : {
      "count" : 2,
      "max" : 19922944,
      "mean" : 1.949696E7,
      "min" : 19070976,
      "p50" : 1.949696E7,
      "p75" : 1.9922944E7,
      "p95" : 1.9922944E7,
      "p98" : 1.9922944E7,
      "p99" : 1.9922944E7,
      "p999" : 1.9922944E7,
      "values" : [ 19070976, 19922944 ],
      "stddev" : 602432.3501539405
    },
    "vm.memory.pools.Code-Cache.committed.window.1h" : {
      "count" : 2,
      "max" : 19922944,
      "mean" : 1.949696E7,
      "min" : 19070976,
      "p50" : 1.949696E7,
      "p75" : 1.9922944E7,
      "p95" : 1.9922944E7,
      "p98" : 1.9922944E7,
      "p99" : 1.9922944E7,
      "p999" : 1.9922944E7,
      "values" : [ 19070976, 19922944 ],
      "stddev" : 602432.3501539405
    },
    "vm.memory.pools.Code-Cache.committed.window.5m" : {
      "count" : 2,
      "max" : 19922944,
      "mean" : 1.949696E7,
      "min" : 19070976,
      "p50" : 1.949696E7,
      "p75" : 1.9922944E7,
      "p95" : 1.9922944E7,
      "p98" : 1.9922944E7,
      "p99" : 1.9922944E7,
      "p999" : 1.9922944E7,
      "values" : [ 19070976, 19922944 ],
      "stddev" : 602432.3501539405
    },
    "vm.memory.pools.Code-Cache.usage.x100.history" : {
      "count" : 2,
      "max" : 8,
      "mean" : 7.5560138905446195,
      "min" : 7,
      "p50" : 8.0,
      "p75" : 8.0,
      "p95" : 8.0,
      "p98" : 8.0,
      "p99" : 8.0,
      "p999" : 8.0,
      "values" : [ 7, 8 ],
      "stddev" : 0.496852537546157
    },
    "vm.memory.pools.Code-Cache.usage.x100.window.15m" : {
      "count" : 2,
      "max" : 8,
      "mean" : 7.5,
      "min" : 7,
      "p50" : 7.5,
      "p75" : 8.0,
      "p95" : 8.0,
      "p98" : 8.0,
      "p99" : 8.0,
      "p999" : 8.0,
      "values" : [ 7, 8 ],
      "stddev" : 0.7071067811865476
    },
    "vm.memory.pools.Code-Cache.usage.x100.window.1h" : {
      "count" : 2,
      "max" : 8,
      "mean" : 7.5,
      "min" : 7,
      "p50" : 7.5,
      "p75" : 8.0,
      "p95" : 8.0,
      "p98" : 8.0,
      "p99" : 8.0,
      "p999" : 8.0,
      "values" : [ 7, 8 ],
      "stddev" : 0.7071067811865476
    },
    "vm.memory.pools.Code-Cache.usage.x100.window.5m" : {
      "count" : 2,
      "max" : 8,
      "mean" : 7.5,
      "min" : 7,
      "p50" : 7.5,
      "p75" : 8.0,
      "p95" : 8.0,
      "p98" : 8.0,
      "p99" : 8.0,
      "p999" : 8.0,
      "values" : [ 7, 8 ],
      "stddev" : 0.7071067811865476
    },
    "vm.memory.pools.Code-Cache.used.history" : {
      "count" : 2,
      "max" : 19739456,
      "mean" : 1.928779781057323E7,
      "min" : 18722176,
      "p50" : 1.9739456E7,
      "p75" : 1.9739456E7,
      "p95" : 1.9739456E7,
      "p98" : 1.9739456E7,
      "p99" : 1.9739456E7,
      "p999" : 1.9739456E7,
      "values" : [ 18722176, 19739456 ],
      "stddev" : 505438.14939495455
    },
    "vm.memory.pools.Code-Cache.used.window.15m" : {
      "count" : 2,
      "max" : 19739456,
      "mean" : 1.9230816E7,
      "min" : 18722176,
      "p50" : 1.9230816E7,
      "p75" : 1.9739456E7,
      "p95" : 1.9739456E7,
      "p98" : 1.9739456E7,
      "p99" : 1.9739456E7,
      "p999" : 1.9739456E7,
      "values" : [ 18722176, 19739456 ],
      "stddev" : 719325.5863654511
    },
    "vm.memory.pools.Code-Cache.used.window.1h" : {
      "count" : 2,
      "max" : 19739456,
      "mean" : 1.9230816E7,
      "min" : 18722176,
      "p50" : 1.9230816E7,
      "p75" : 1.9739456E7,
      "p95" : 1.9739456E7,
      "p98" : 1.9739456E7,
      "p99" : 1.9739456E7,
      "p999" : 1.9739456E7,
      "values" : [ 18722176, 19739456 ],
      "stddev" : 719325.5863654511
    },
    "vm.memory.pools.Code-Cache.used.window.5m" : {
      "count" : 2,
      "max" : 19739456,
      "mean" : 1.9230816E7,
      "min" : 18722176,
      "p50" : 1.9230816E7,
      "p75" : 1.9739456E7,
      "p95" : 1.9739456E7,
      "p98" : 1.9739456E7,
      "p99" : 1.9739456E7,
      "p999" : 1.9739456E7,
      "values" : [ 18722176, 19739456 ],
      "stddev" : 719325.5863654511
    },
    "vm.memory.pools.Compressed-Class-Space.committed.history" : {
      "count" : 2,
      "max" : 13500416,
      "mean" : 1.3384027705322929E7,
      "min" : 13238272,
      "p50" : 1.3500416E7,
      "p75" : 1.3500416E7,
      "p95" : 1.3500416E7,
      "p98" : 1.3500416E7,
      "p99" : 1.3500416E7,
      "p999" : 1.3500416E7,
      "values" : [ 13238272, 13500416 ],
      "stddev" : 130246.91160249978
    },
    "vm.memory.pools.Compressed-Class-Space.committed.window.15m" : {
      "count" : 2,
      "max" : 13500416,
      "mean" : 1.3369344E7,
      "min" : 13238272,
      "p50" : 1.3369344E7,
      "p75" : 1.3500416E7,
      "p95" : 1.3500416E7,
      "p98" : 1.3500416E7,
      "p99" : 1.3500416E7,
      "p999" : 1.3500416E7,
      "values" : [ 13238272, 13500416 ],
      "stddev" : 185363.80004736633
    },
    "vm.memory.pools.Compressed-Class-Space.committed.window.1h" : {
      "count" : 2,
      "max" : 13500416,
      "mean" : 1.3369344E7,
      "min" : 13238272,
      "p50" : 1.3369344E7,
      "p75" : 1.3500416E7,
      "p95" : 1.3500416E7,
      "p98" : 1.3500416E7,
      "p99" : 1.3500416E7,
      "p999" : 1.3500416E7,
      "values" : [ 13238272, 13500416 ],
      "stddev" : 185363.80004736633
    },
    "vm.memory.pools.Compressed-Class-Space.committed.window.5m" : {
      "count" : 2,
      "max" : 13500416,
      "mean" : 1.3369344E7,
      "min" : 13238272,
      "p50" : 1.3369344E7,
      "p75" : 1.3500416E7,
      "p95" : 1.3500416E7,
      "p98" : 1.3500416E7,
      "p99" : 1.3500416E7,
      "p999" : 1.3500416E7,
      "values" : [ 13238272, 13500416 ],
      "stddev" : 185363.80004736633
    },
    "vm.memory.pools.Compressed-Class-Space.usage.x100.history" : {
      "count" : 2,
      "max" : 1,
      "mean" : 1.0,
      "min" : 1,
      "p50" : 1.0,
      "p75" : 1.0,
      "p95" : 1.0,
      "p98" : 1.0,
      "p99" : 1.0,
      "p999" : 1.0,
      "values" : [ 1, 1 ],
      "stddev" : 0.0
    },
    "vm.memory.pools.Compressed-Class-Space.usage.x100.window.15m" : {
      "count" : 2,
      "max" : 1,
      "mean" : 1.0,
      "min" : 1,
      "p50" : 1.0,
      "p75" : 1.0,
      "p95" : 1.0,
      "p98" : 1.0,
      "p99" : 1.0,
      "p999" : 1.0,
      "values" : [ 1, 1 ],
      "stddev" : 0.0
    },
    "vm.memory.pools.Compressed-Class-Space.usage.x100.window.1h" : {
      "count" : 2,
      "max" : 1,
      "mean" : 1.0,
      "min" : 1,
      "p50" : 1.0,
      "p75" : 1.0,
      "p95" : 1.0,
      "p98" : 1.0,
      "p99" : 1.0,
      "p999" : 1.0,
      "values" : [ 1, 1 ],
      "stddev" : 0.0
    },
    "vm.memory.pools.Compressed-Class-Space.usage.x100.window.5m" : {
      "count" : 2,
      "max" : 1,
      "mean" : 1.0,
      "min" : 1,
      "p50" : 1.0,
      "p75" : 1.0,
      "p95" : 1.0,
      "p98" : 1.0,
      "p99" : 1.0,
      "p999" : 1.0,
      "values" : [ 1, 1 ],
      "stddev" : 0.0
    },
    "vm.memory.pools.Compressed-Class-Space.used.history" : {
      "count" : 2,
      "max" : 10965064,
      "mean" : 1.0894704633262387E7,
      "min" : 10806592,
      "p50" : 1.0965064E7,
      "p75" : 1.0965064E7,
      "p95" : 1.0965064E7,
      "p98" : 1.0965064E7,
      "p99" : 1.0965064E7,
      "p999" : 1.0965064E7,
      "values" : [ 10806592, 10965064 ],
      "stddev" : 78737.21533001459
    },
    "vm.memory.pools.Compressed-Class-Space.used.window.15m" : {
      "count" : 2,
      "max" : 10965064,
      "mean" : 1.0885828E7,
      "min" : 10806592,
      "p50" : 1.0885828E7,
      "p75" : 1.0965064E7,
      "p95" : 1.0965064E7,
      "p98" : 1.0965064E7,
      "p99" : 1.0965064E7,
      "p999" : 1.0965064E7,
      "values" : [ 10806592, 10965064 ],
      "stddev" : 112056.62582819456
    },
    "vm.memory.pools.Compressed-Class-Space.used.window.1h" : {
      "count" : 2,
      "max" : 10965064,
      "mean" : 1.0885828E7,
      "min" : 10806592,
      "p50" : 1.0885828E7,
      "p75" : 1.0965064E7,
      "p95" : 1.0965064E7,
      "p98" : 1.0965064E7,
      "p99" : 1.0965064E7,
      "p999" : 1.0965064E7,
      "values" : [ 10806592, 10965064 ],
      "stddev" : 112056.62582819456
    },
    "vm.memory.pools.Compressed-Class-Space.used.window.5m" : {
      "count" : 2,
      "max" : 10965064,
      "mean" : 1.0885828E7,
      "min" : 10806592,
      "p50" : 1.0885828E7,
      "p75" : 1.0965064E7,
      "p95" : 1.0965064E7,
      "p98" : 1.0965064E7,
      "p99" : 1.0965064E7,
      "p999" : 1.0965064E7,
      "values" : [ 10806592, 10965064 ],
      "stddev" : 112056.62582819456
    },
    "vm.memory.pools.Eden-Space.committed.history" : {
      "count" : 2,
      "max" : 48496640,
      "mean" : 4.305548722384693E7,
      "min" : 36241408,
      "p50" : 4.849664E7,
      "p75" : 4.849664E7,
      "p95" : 4.849664E7,
      "p98" : 4.849664E7,
      "p99" : 4.849664E7,
      "p999" : 4.849664E7,
      "values" : [ 36241408, 48496640 ],
      "stddev" : 6089043.117416864
    },
    "vm.memory.pools.Eden-Space.committed.window.15m" : {
      "count" : 2,
      "max" : 48496640,
      "mean" : 4.2369024E7,
      "min" : 36241408,
      "p50" : 4.2369024E7,
      "p75" : 4.849664E7,
      "p95" : 4.849664E7,
      "p98" : 4.849664E7,
      "p99" : 4.849664E7,
      "p999" : 4.849664E7,
      "values" : [ 36241408, 48496640 ],
      "stddev" : 8665757.652214374
    },
    "vm.memory.pools.Eden-Space.committed.window.1h" : {
      "count" : 2,
      "max" : 48496640,
      "mean" : 4.2369024E7,
      "min" : 36241408,
      "p50" : 4.2369024E7,
      "p75" : 4.849664E7,
      "p95" : 4.849664E7,
      "p98" : 4.849664E7,
      "p99" : 4.849664E7,
      "p999" : 4.849664E7,
      "values" : [ 36241408, 48496640 ],
      "stddev" : 8665757.652214374
    },
    "vm.memory.pools.Eden-Space.committed.window.5m" : {
      "count" : 2,
      "max" : 48496640,
      "mean" : 4.2369024E7,
      "min" : 36241408,
      "p50" : 4.2369024E7,
      "p75" : 4.849664E7,
      "p95" : 4.849664E7,
      "p98" : 4.849664E7,
      "p99" : 4.849664E7,
      "p999" : 4.849664E7,
      "values" : [ 36241408, 48496640 ],
      "stddev" : 8665757.652214374
    },
    "vm.memory.pools.Eden-Space.usage.x100.history" : {
      "count" : 2,
      "max" : 48,
      "mean" : 36.323708298562984,
      "min" : 27,
      "p50" : 27.0,
      "p75" : 48.0,
      "p95" : 48.0,
      "p98" : 48.0,
      "p99" : 48.0,
      "p999" : 48.0,
      "values" : [ 27, 48 ],
      "stddev" : 10.433903288469297
    },
    "vm.memory.pools.Eden-Space.usage.x100.window.15m" : {
      "count" : 2,
      "max" : 27,
      "mean" : 16.0,
      "min" : 5,
      "p50" : 16.0,
      "p75" : 27.0,
      "p95" : 27.0,
      "p98" : 27.0,
      "p99" : 27.0,
      "p999" : 27.0,
      "values" : [ 5, 27 ],
      "stddev" : 15.556349186104045
    },
    "vm.memory.pools.Eden-Space.usage.x100.window.1h" : {
      "count" : 2,
      "max" : 27,
      "mean" : 16.0,
      "min" : 5,
      "p50" : 16.0,
      "p75" : 27.0,
      "p95" : 27.0,
      "p98" : 27.0,
      "p99" : 27.0,
      "p999" : 27.0,
      "values" : [ 5, 27 ],
      "stddev" : 15.556349186104045
    },
    "vm.memory.pools.Eden-Space.usage.x100.window.5m" : {
      "count" : 2,
      "max" : 27,
      "mean" : 16.0,
      "min" : 5,
      "p50" : 16.0,
      "p75" : 27.0,
      "p95" : 27.0,
      "p98" : 27.0,
      "p99" : 27.0,
      "p999" : 27.0,
      "values" : [ 5, 27 ],
      "stddev" : 15.556349186104045
    },
    "vm.memory.pools.Eden-Space.used.history" : {
      "count" : 2,
      "max" : 18793072,
      "mean" : 1.2028840617669892E7,
      "min" : 3557840,
      "p50" : 1.8793072E7,
      "p75" : 1.8793072E7,
      "p95" : 1.8793072E7,
      "p98" : 1.8793072E7,
      "p99" : 1.8793072E7,
      "p999" : 1.8793072E7,
      "values" : [ 3557840, 18793072 ],
      "stddev" : 7569663.679304413
    },
    "vm.memory.pools.Eden-Space.used.window.15m" : {
      "count" : 2,
      "max" : 18793072,
      "mean" : 1.1175456E7,
      "min" : 3557840,
      "p50" : 1.1175456E7,
      "p75" : 1.8793072E7,
      "p95" : 1.8793072E7,
      "p98" : 1.8793072E7,
      "p99" : 1.8793072E7,
      "p999" : 1.8793072E7,
      "values" : [ 3557840, 18793072 ],
      "stddev" : 1.0772935860150287E7
    },
    "vm.memory.pools.Eden-Space.used.window.1h" : {
      "count" : 2,
      "max" : 18793072,
      "mean" : 1.1175456E7,
      "min" : 3557840,
      "p50" : 1.1175456E7,
      "p75" : 1.8793072E7,
      "p95" : 1.8793072E7,
      "p98" : 1.8793072E7,
      "p99" : 1.8793072E7,
      "p999" : 1.8793072E7,
      "values" : [ 3557840, 18793072 ],
      "stddev" : 1.0772935860150287E7
    },
    "vm.memory.pools.Eden-Space.used.window.5m" : {
      "count" : 2,
      "max" : 18793072,
      "mean" : 1.1175456E7,
      "min" : 3557840,
      "p50" : 1.1175456E7,
      "p75" : 1.8793072E7,
      "p95" : 1.8793072E7,
      "p98" : 1.8793072E7,
      "p99" : 1.8793072E7,
      "p999" : 1.8793072E7,
      "values" : [ 3557840, 18793072 ],
      "stddev" : 1.0772935860150287E7
    },
    "vm.memory.pools.Metaspace.committed.history" : {
      "count" : 2,
      "max" : 104726528,
      "mean" : 1.0414458652661464E8,
      "min" : 103415808,
      "p50" : 1.04726528E8,
      "p75" : 1.04726528E8,
      "p95" : 1.04726528E8,
      "p98" : 1.04726528E8,
      "p99" : 1.04726528E8,
      "p999" : 1.04726528E8,
      "values" : [ 103415808, 104726528 ],
      "stddev" : 651234.5580124989
    },
    "vm.memory.pools.Metaspace.committed.window.15m" : {
      "count" : 2,
      "max" : 104726528,
      "mean" : 1.04071168E8,
      "min" : 103415808,
      "p50" : 1.04071168E8,
      "p75" : 1.04726528E8,
      "p95" : 1.04726528E8,
      "p98" : 1.04726528E8,
      "p99" : 1.04726528E8,
      "p999" : 1.04726528E8,
      "values" : [ 103415808, 104726528 ],
      "stddev" : 926819.0002368316
    },
    "vm.memory.pools.Metaspace.committed.window.1h" : {
      "count" : 2,
      "max" : 104726528,
      "mean" : 1.04071168E8,
      "min" : 103415808,
      "p50" : 1.04071168E8,
      "p75" : 1.04726528E8,
      "p95" : 1.04726528E8,
      "p98" : 1.04726528E8,
      "p99" : 1.04726528E8,
      "p999" : 1.04726528E8,
      "values" : [ 103415808, 104726528 ],
      "stddev" : 926819.0002368316
    },
    "vm.memory.pools.Metaspace.committed.window.5m" : {
      "count" : 2,
      "max" : 104726528,
      "mean" : 1.04071168E8,
      "min" : 103415808,
      "p50" : 1.04071168E8,
      "p75" : 1.04726528E8,
      "p95" : 1.04726528E8,
      "p98" : 1.04726528E8,
      "p99" : 1.04726528E8,
      "p999" : 1.04726528E8,
      "values" : [ 103415808, 104726528 ],
      "stddev" : 926819.0002368316
    },
    "vm.memory.pools.Metaspace.usage.x100.history" : {
      "count" : 2,
      "max" : 91,
      "mean" : 90.55601389054462,
      "min" : 90,
      "p50" : 91.0,
      "p75" : 91.0,
      "p95" : 91.0,
      "p98" : 91.0,
      "p99" : 91.0,
      "p999" : 91.0,
      "values" : [ 90, 91 ],
      "stddev" : 0.496852537546157
    },
    "vm.memory.pools.Metaspace.usage.x100.window.15m" : {
      "count" : 2,
      "max" : 91,
      "mean" : 90.5,
      "min" : 90,
      "p50" : 90.5,
      "p75" : 91.0,
      "p95" : 91.0,
      "p98" : 91.0,
      "p99" : 91.0,
      "p999" : 91.0,
      "values" : [ 90, 91 ],
      "stddev" : 0.7071067811865476
    },
    "vm.memory.pools.Metaspace.usage.x100.window.1h" : {
      "count" : 2,
      "max" : 91,
      "mean" : 90.5,
      "min" : 90,
      "p50" : 90.5,
      "p75" : 91.0,
      "p95" : 91.0,
      "p98" : 91.0,
      "p99" : 91.0,
      "p999" : 91.0,
      "values" : [ 90, 91 ],
      "stddev" : 0.7071067811865476
    },
    "vm.memory.pools.Metaspace.usage.x100.window.5m" : {
      "count" : 2,
      "max" : 91,
      "mean" : 90.5,
      "min" : 90,
      "p50" : 90.5,
      "p75" : 91.0,
      "p95" : 91.0,
      "p98" : 91.0,
      "p99" : 91.0,
      "p999" : 91.0,
      "values" : [ 90, 91 ],
      "stddev" : 0.7071067811865476
    },
    "vm.memory.pools.Metaspace.used.history" : {
      "count" : 2,
      "max" : 94786720,
      "mean" : 9.423077480129549E7,
      "min" : 93534552,
      "p50" : 9.478672E7,
      "p75" : 9.478672E7,
      "p95" : 9.478672E7,
      "p98" : 9.478672E7,
      "p99" : 9.478672E7,
      "p999" : 9.478672E7,
      "values" : [ 93534552, 94786720 ],
      "stddev" : 622142.8482340963
    },
    "vm.memory.pools.Metaspace.used.window.15m" : {
      "count" : 2,
      "max" : 94786720,
      "mean" : 9.4160636E7,
      "min" : 93534552,
      "p50" : 9.4160636E7,
      "p75" : 9.478672E7,
      "p95" : 9.478672E7,
      "p98" : 9.478672E7,
      "p99" : 9.478672E7,
      "p999" : 9.478672E7,
      "values" : [ 93534552, 94786720 ],
      "stddev" : 885416.4839847968
    },
    "vm.memory.pools.Metaspace.used.window.1h" : {
      "count" : 2,
      "max" : 94786720,
      "mean" : 9.4160636E7,
      "min" : 93534552,
      "p50" : 9.4160636E7,
      "p75" : 9.478672E7,
      "p95" : 9.478672E7,
      "p98" : 9.478672E7,
      "p99" : 9.478672E7,
      "p999" : 9.478672E7,
      "values" : [ 93534552, 94786720 ],
      "stddev" : 885416.4839847968
    },
    "vm.memory.pools.Metaspace.used.window.5m" : {
      "count" : 2,
      "max" : 94786720,
      "mean" : 9.4160636E7,
      "min" : 93534552,
      "p50" : 9.4160636E7,
      "p75" : 9.478672E7,
      "p95" : 9.478672E7,
      "p98" : 9.478672E7,
      "p99" : 9.478672E7,
      "p999" : 9.478672E7,
      "values" : [ 93534552, 94786720 ],
      "stddev" : 885416.4839847968
    },
    "vm.memory.pools.Survivor-Space.committed.history" : {
      "count" : 2,
      "max" : 6029312,
      "mean" : 5330982.231937573,
      "min" : 4456448,
      "p50" : 6029312.0,
      "p75" : 6029312.0,
      "p95" : 6029312.0,
      "p98" : 6029312.0,
      "p99" : 6029312.0,
      "p999" : 6029312.0,
      "values" : [ 4456448, 6029312 ],
      "stddev" : 781481.4696149987
    },
    "vm.memory.pools.Survivor-Space.committed.window.15m" : {
      "count" : 2,
      "max" : 6029312,
      "mean" : 5242880.0,
      "min" : 4456448,
      "p50" : 5242880.0,
      "p75" : 6029312.0,
      "p95" : 6029312.0,
      "p98" : 6029312.0,
      "p99" : 6029312.0,
      "p999" : 6029312.0,
      "values" : [ 4456448, 6029312 ],
      "stddev" : 1112182.8002841978
    },
    "vm.memory.pools.Survivor-Space.committed.window.1h" : {
      "count" : 2,
      "max" : 6029312,
      "mean" : 5242880.0,
      "min" : 4456448,
      "p50" : 5242880.0,
      "p75" : 6029312.0,
      "p95" : 6029312.0,
      "p98" : 6029312.0,
      "p99" : 6029312.0,
      "p999" : 6029312.0,
      "values" : [ 4456448, 6029312 ],
      "stddev" : 1112182.8002841978
    },
    "vm.memory.pools.Survivor-Space.committed.window.5m" : {
      "count" : 2,
      "max" : 6029312,
      "mean" : 5242880.0,
      "min" : 4456448,
      "p50" : 5242880.0,
      "p75" : 6029312.0,
      "p95" : 6029312.0,
      "p98" : 6029312.0,
      "p99" : 6029312.0,
      "p999" : 6029312.0,
      "values" : [ 4456448, 6029312 ],
      "stddev" : 1112182.8002841978
    },
    "vm.memory.pools.Survivor-Space.usage.x100.history" : {
      "count" : 2,
      "max" : 2,
      "mean" : 0.8879722189107602,
      "min" : 0,
      "p50" : 0.0,
      "p75" : 2.0,
      "p95" : 2.0,
      "p98" : 2.0,
      "p99" : 2.0,
      "p999" : 2.0,
      "values" : [ 0, 2 ],
      "stddev" : 0.993705075092314
    },
    "vm.memory.pools.Survivor-Space.usage.x100.window.15m" : {
      "count" : 2,
      "max" : 2,
      "mean" : 1.0,
      "min" : 0,
      "p50" : 1.0,
      "p75" : 2.0,
      "p95" : 2.0,
      "p98" : 2.0,
      "p99" : 2.0,
      "p999" : 2.0,
      "values" : [ 0, 2 ],
      "stddev" : 1.4142135623730951
    },
    "vm.memory.pools.Survivor-Space.usage.x100.window.1h" : {
      "count" : 2,
      "max" : 2,
      "mean" : 1.0,
      "min" : 0,
      "p50" : 1.0,
      "p75" : 2.0,
      "p95" : 2.0,
      "p98" : 2.0,
      "p99" : 2.0,
      "p999" : 2.0,
      "values" : [ 0, 2 ],
      "stddev" : 1.4142135623730951
    },
    "vm.memory.pools.Survivor-Space.usage.x100.window.5m" : {
      "count" : 2,
      "max" : 2,
      "mean" : 1.0,
      "min" : 0,
      "p50" : 1.0,
      "p75" : 2.0,
      "p95" : 2.0,
      "p98" : 2.0,
      "p99" : 2.0,
      "p999" : 2.0,
      "values" : [ 0, 2 ],
      "stddev" : 1.4142135623730951
    },
    "vm.memory.pools.Survivor-Space.used.history" : {
      "count" : 2,
      "max" : 187992,
      "mean" : 83465.83668873581,
      "min" : 0,
      "p50" : 0.0,
      "p75" : 187992.0,
      "p95" : 187992.0,
      "p98" : 187992.0,
      "p99" : 187992.0,
      "p999" : 187992.0,
      "values" : [ 0, 187992 ],
      "stddev" : 93404.30223837715
    },
    "vm.memory.pools.Survivor-Space.used.window.15m" : {
      "count" : 2,
      "max" : 187992,
      "mean" : 93996.0,
      "min" : 0,
      "p50" : 93996.0,
      "p75" : 187992.0,
      "p95" : 187992.0,
      "p98" : 187992.0,
      "p99" : 187992.0,
      "p999" : 187992.0,
      "values" : [ 0, 187992 ],
      "stddev" : 132930.41800882143
    },
    "vm.memory.pools.Survivor-Space.used.window.1h" : {
      "count" : 2,
      "max" : 187992,
      "mean" : 93996.0,
      "min" : 0,
      "p50" : 93996.0,
      "p75" : 187992.0,
      "p95" : 187992.0,
      "p98" : 187992.0,
      "p99" : 187992.0,
      "p999" : 187992.0,
      "values" : [ 0, 187992 ],
      "stddev" : 132930.41800882143
    },
    "vm.memory.pools.Survivor-Space.used.window.5m" : {
      "count" : 2,
      "max" : 187992,
      "mean" : 93996.0,
      "min" : 0,
      "p50" : 93996.0,
      "p75" : 187992.0,
      "p95" : 187992.0,
      "p98" : 187992.0,
      "p99" : 187992.0,
      "p999" : 187992.0,
      "values" : [ 0, 187992 ],
      "stddev" : 132930.41800882143
    },
    "vm.memory.pools.Tenured-Gen.committed.history" : {
      "count" : 2,
      "max" : 120840192,
      "mean" : 1.0716638594254848E8,
      "min" : 90042368,
      "p50" : 1.20840192E8,
      "p75" : 1.20840192E8,
      "p95" : 1.20840192E8,
      "p98" : 1.20840192E8,
      "p99" : 1.20840192E8,
      "p999" : 1.20840192E8,
      "values" : [ 90042368, 120840192 ],
      "stddev" : 1.5301977005299935E7
    },
    "vm.memory.pools.Tenured-Gen.committed.window.15m" : {
      "count" : 2,
      "max" : 120840192,
      "mean" : 1.0544128E8,
      "min" : 90042368,
      "p50" : 1.0544128E8,
      "p75" : 1.20840192E8,
      "p95" : 1.20840192E8,
      "p98" : 1.20840192E8,
      "p99" : 1.20840192E8,
      "p999" : 1.20840192E8,
      "values" : [ 90042368, 120840192 ],
      "stddev" : 2.1777350196189802E7
    },
    "vm.memory.pools.Tenured-Gen.committed.window.1h" : {
      "count" : 2,
      "max" : 120840192,
      "mean" : 1.0544128E8,
      "min" : 90042368,
      "p50" : 1.0544128E8,
      "p75" : 1.20840192E8,
      "p95" : 1.20840192E8,
      "p98" : 1.20840192E8,
      "p99" : 1.20840192E8,
      "p999" : 1.20840192E8,
      "values" : [ 90042368, 120840192 ],
      "stddev" : 2.1777350196189802E7
    },
    "vm.memory.pools.Tenured-Gen.committed.window.5m" : {
      "count" : 2,
      "max" : 120840192,
      "mean" : 1.0544128E8,
      "min" : 90042368,
      "p50" : 1.0544128E8,
      "p75" : 1.20840192E8,
      "p95" : 1.20840192E8,
      "p98" : 1.20840192E8,
      "p99" : 1.20840192E8,
      "p999" : 1.20840192E8,
      "values" : [ 90042368, 120840192 ],
      "stddev" : 2.1777350196189802E7
    },
    "vm.memory.pools.Tenured-Gen.usage.x100.history" : {
      "count" : 2,
      "max" : 42,
      "mean" : 40.22405556217848,
      "min" : 38,
      "p50" : 42.0,
      "p75" : 42.0,
      "p95" : 42.0,
      "p98" : 42.0,
      "p99" : 42.0,
      "p999" : 42.0,
      "values" : [ 38, 42 ],
      "stddev" : 1.987410150184628
    },
    "vm.memory.pools.Tenured-Gen.usage.x100.window.15m" : {
      "count" : 2,
      "max" : 42,
      "mean" : 40.0,
      "min" : 38,
      "p50" : 40.0,
      "p75" : 42.0,
      "p95" : 42.0,
      "p98" : 42.0,
      "p99" : 42.0,
      "p999" : 42.0,
      "values" : [ 38, 42 ],
      "stddev" : 2.8284271247461903
    },
    "vm.memory.pools.Tenured-Gen.usage.x100.window.1h" : {
      "count" : 2,
      "max" : 42,
      "mean" : 40.0,
      "min" : 38,
      "p50" : 40.0,
      "p75" : 42.0,
      "p95" : 42.0,
      "p98" : 42.0,
      "p99" : 42.0,
      "p999" : 42.0,
      "values" : [ 38, 42 ],
      "stddev" : 2.8284271247461903
    },
    "vm.memory.pools.Tenured-Gen.usage.x100.window.5m" : {
      "count" : 2,
      "max" : 42,
      "mean" : 40.0,
      "min" : 38,
      "p50" : 40.0,
      "p75" : 42.0,
      "p95" : 42.0,
      "p98" : 42.0,
      "p99" : 42.0,
      "p999" : 42.0,
      "values" : [ 38, 42 ],
      "stddev" : 2.8284271247461903
    },
    "vm.memory.pools.Tenured-Gen.used.history" : {
      "count" : 2,
      "max" : 72502688,
      "mean" : 6.970566075576413E7,
      "min" : 66202880,
      "p50" : 7.2502688E7,
      "p75" : 7.2502688E7,
      "p95" : 7.2502688E7,
      "p98" : 7.2502688E7,
      "p99" : 7.2502688E7,
      "p999" : 7.2502688E7,
      "values" : [ 66202880, 72502688 ],
      "stddev" : 3130075.5908535803
    },
    "vm.memory.pools.Tenured-Gen.used.window.15m" : {
      "count" : 2,
      "max" : 72502688,
      "mean" : 6.9352784E7,
      "min" : 66202880,
      "p50" : 6.9352784E7,
      "p75" : 7.2502688E7,
      "p95" : 7.2502688E7,
      "p98" : 7.2502688E7,
      "p99" : 7.2502688E7,
      "p999" : 7.2502688E7,
      "values" : [ 66202880, 72502688 ],
      "stddev" : 4454636.956973261
    },
    "vm.memory.pools.Tenured-Gen.used.window.1h" : {
      "count" : 2,
      "max" : 72502688,
      "mean" : 6.9352784E7,
      "min" : 66202880,
      "p50" : 6.9352784E7,
      "p75" : 7.2502688E7,
      "p95" : 7.2502688E7,
      "p98" : 7.2502688E7,
      "p99" : 7.2502688E7,
      "p999" : 7.2502688E7,
      "values" : [ 66202880, 72502688 ],
      "stddev" : 4454636.956973261
    },
    "vm.memory.pools.Tenured-Gen.used.window.5m" : {
      "count" : 2,
      "max" : 72502688,
      "mean" : 6.9352784E7,
      "min" : 66202880,
      "p50" : 6.9352784E7,
      "p75" : 7.2502688E7,
      "p95" : 7.2502688E7,
      "p98" : 7.2502688E7,
      "p99" : 7.2502688E7,
      "p999" : 7.2502688E7,
      "values" : [ 66202880, 72502688 ],
      "stddev" : 4454636.956973261
    },
    "vm.memory.total.committed.history" : {
      "count" : 2,
      "max" : 313516032,
      "mean" : 2.9262615167257005E8,
      "min" : 266465280,
      "p50" : 3.13516032E8,
      "p75" : 3.13516032E8,
      "p95" : 3.13516032E8,
      "p98" : 3.13516032E8,
      "p99" : 3.13516032E8,
      "p999" : 3.13516032E8,
      "values" : [ 266465280, 313516032 ],
      "stddev" : 2.337728552465492E7
    },
    "vm.memory.total.committed.window.15m" : {
      "count" : 2,
      "max" : 313516032,
      "mean" : 2.89990656E8,
      "min" : 266465280,
      "p50" : 2.89990656E8,
      "p75" : 3.13516032E8,
      "p95" : 3.13516032E8,
      "p98" : 3.13516032E8,
      "p99" : 3.13516032E8,
      "p999" : 3.13516032E8,
      "values" : [ 266465280, 313516032 ],
      "stddev" : 3.3269905799126513E7
    },
    "vm.memory.total.committed.window.1h" : {
      "count" : 2,
      "max" : 313516032,
      "mean" : 2.89990656E8,
      "min" : 266465280,
      "p50" : 2.89990656E8,
      "p75" : 3.13516032E8,
      "p95" : 3.13516032E8,
      "p98" : 3.13516032E8,
      "p99" : 3.13516032E8,
      "p999" : 3.13516032E8,
      "values" : [ 266465280, 313516032 ],
      "stddev" : 3.3269905799126513E7
    },
    "vm.memory.total.committed.window.5m" : {
      "count" : 2,
      "max" : 313516032,
      "mean" : 2.89990656E8,
      "min" : 266465280,
      "p50" : 2.89990656E8,
      "p75" : 3.13516032E8,
      "p95" : 3.13516032E8,
      "p98" : 3.13516032E8,
      "p99" : 3.13516032E8,
      "p999" : 3.13516032E8,
      "values" : [ 266465280, 313516032 ],
      "stddev" : 3.3269905799126513E7
    },
    "vm.memory.total.used.history" : {
      "count" : 2,
      "max" : 216794232,
      "mean" : 2.0623532237793228E8,
      "min" : 193012160,
      "p50" : 2.16794232E8,
      "p75" : 2.16794232E8,
      "p95" : 2.16794232E8,
      "p98" : 2.16794232E8,
      "p99" : 2.16794232E8,
      "p999" : 2.16794232E8,
      "values" : [ 193012160, 216794232 ],
      "stddev" : 1.181618282130541E7
    },
    "vm.memory.total.used.window.15m" : {
      "count" : 2,
      "max" : 216796344,
      "mean" : 2.04904252E8,
      "min" : 193012160,
      "p50" : 2.04904252E8,
      "p75" : 2.16796344E8,
      "p95" : 2.16796344E8,
      "p98" : 2.16796344E8,
      "p99" : 2.16796344E8,
      "p999" : 2.16796344E8,
      "values" : [ 193012160, 216796344 ],
      "stddev" : 1.6817957791388586E7
    },
    "vm.memory.total.used.window.1h" : {
      "count" : 2,
      "max" : 216796344,
      "mean" : 2.04904252E8,
      "min" : 193012160,
      "p50" : 2.04904252E8,
      "p75" : 2.16796344E8,
      "p95" : 2.16796344E8,
      "p98" : 2.16796344E8,
      "p99" : 2.16796344E8,
      "p999" : 2.16796344E8,
      "values" : [ 193012160, 216796344 ],
      "stddev" : 1.6817957791388586E7
    },
    "vm.memory.total.used.window.5m" : {
      "count" : 2,
      "max" : 216796344,
      "mean" : 2.04904252E8,
      "min" : 193012160,
      "p50" : 2.04904252E8,
      "p75" : 2.16796344E8,
      "p95" : 2.16796344E8,
      "p98" : 2.16796344E8,
      "p99" : 2.16796344E8,
      "p999" : 2.16796344E8,
      "values" : [ 193012160, 216796344 ],
      "stddev" : 1.6817957791388586E7
    }
  },
  "meters" : {
    "http.responseCodes.badRequest" : {
      "count" : 0,
      "m15_rate" : 0.0,
      "m1_rate" : 0.0,
      "m5_rate" : 0.0,
      "mean_rate" : 0.0,
      "units" : "events/minute"
    },
    "http.responseCodes.created" : {
      "count" : 0,
      "m15_rate" : 0.0,
      "m1_rate" : 0.0,
      "m5_rate" : 0.0,
      "mean_rate" : 0.0,
      "units" : "events/minute"
    },
    "http.responseCodes.forbidden" : {
      "count" : 0,
      "m15_rate" : 0.0,
      "m1_rate" : 0.0,
      "m5_rate" : 0.0,
      "mean_rate" : 0.0,
      "units" : "events/minute"
    },
    "http.responseCodes.noContent" : {
      "count" : 0,
      "m15_rate" : 0.0,
      "m1_rate" : 0.0,
      "m5_rate" : 0.0,
      "mean_rate" : 0.0,
      "units" : "events/minute"
    },
    "http.responseCodes.notFound" : {
      "count" : 2,
      "m15_rate" : 0.13186479998544262,
      "m1_rate" : 1.7067006944195073,
      "m5_rate" : 0.38701182776974535,
      "mean_rate" : 1.2453316737355749,
      "units" : "events/minute"
    },
    "http.responseCodes.notModified" : {
      "count" : 0,
      "m15_rate" : 0.0,
      "m1_rate" : 0.0,
      "m5_rate" : 0.0,
      "mean_rate" : 0.0,
      "units" : "events/minute"
    },
    "http.responseCodes.ok" : {
      "count" : 9,
      "m15_rate" : 0.5870100109186266,
      "m1_rate" : 6.519117845780528,
      "m5_rate" : 1.6858677415624823,
      "mean_rate" : 5.603989486017966,
      "units" : "events/minute"
    },
    "http.responseCodes.other" : {
      "count" : 0,
      "m15_rate" : 0.0,
      "m1_rate" : 0.0,
      "m5_rate" : 0.0,
      "mean_rate" : 0.0,
      "units" : "events/minute"
    },
    "http.responseCodes.serverError" : {
      "count" : 0,
      "m15_rate" : 0.0,
      "m1_rate" : 0.0,
      "m5_rate" : 0.0,
      "mean_rate" : 0.0,
      "units" : "events/minute"
    },
    "http.responseCodes.serviceUnavailable" : {
      "count" : 15,
      "m15_rate" : 22.52928920607721,
      "m1_rate" : 10.568567448203654,
      "m5_rate" : 19.930028510065366,
      "mean_rate" : 9.339965147635702,
      "units" : "events/minute"
    },
    "jenkins.job.scheduled" : {
      "count" : 0,
      "m15_rate" : 0.0,
      "m1_rate" : 0.0,
      "m5_rate" : 0.0,
      "mean_rate" : 0.0,
      "units" : "events/minute"
    },
    "jenkins.runs.aborted" : {
      "count" : 0,
      "m15_rate" : 0.0,
      "m1_rate" : 0.0,
      "m5_rate" : 0.0,
      "mean_rate" : 0.0,
      "units" : "events/minute"
    },
    "jenkins.runs.failure" : {
      "count" : 0,
      "m15_rate" : 0.0,
      "m1_rate" : 0.0,
      "m5_rate" : 0.0,
      "mean_rate" : 0.0,
      "units" : "events/minute"
    },
    "jenkins.runs.not_built" : {
      "count" : 0,
      "m15_rate" : 0.0,
      "m1_rate" : 0.0,
      "m5_rate" : 0.0,
      "mean_rate" : 0.0,
      "units" : "events/minute"
    },
    "jenkins.runs.success" : {
      "count" : 0,
      "m15_rate" : 0.0,
      "m1_rate" : 0.0,
      "m5_rate" : 0.0,
      "mean_rate" : 0.0,
      "units" : "events/minute"
    },
    "jenkins.runs.total" : {
      "count" : 0,
      "m15_rate" : 0.0,
      "m1_rate" : 0.0,
      "m5_rate" : 0.0,
      "mean_rate" : 0.0,
      "units" : "events/minute"
    },
    "jenkins.runs.unstable" : {
      "count" : 0,
      "m15_rate" : 0.0,
      "m1_rate" : 0.0,
      "m5_rate" : 0.0,
      "mean_rate" : 0.0,
      "units" : "events/minute"
    },
    "jenkins.task.scheduled" : {
      "count" : 0,
      "m15_rate" : 0.0,
      "m1_rate" : 0.0,
      "m5_rate" : 0.0,
      "mean_rate" : 0.0,
      "units" : "events/minute"
    }
  },
  "timers" : {
    "http.requests" : {
      "count" : 26,
      "max" : 3.8359775230000004,
      "mean" : 0.46359683830883675,
      "min" : 0.00249,
      "p50" : 0.105402256,
      "p75" : 0.233811646,
      "p95" : 3.316856924,
      "p98" : 3.8359775230000004,
      "p99" : 3.8359775230000004,
      "p999" : 3.8359775230000004,
      "values" : [ 0.00249, 0.002759145, 0.00395796, 0.004440261, 0.00507421, 0.008105534000000001, 0.008118285000000001, 0.008918619000000001, 0.019159901, 0.020790596, 0.033761626, 0.036947655, 0.041675877, 0.051715841000000005, 0.086587066, 0.105402256, 0.131058943, 0.13668079500000002, 0.19509858200000002, 0.196715456, 0.233811646, 0.236435461, 0.24045033600000001, 2.3023381830000003, 3.316856924, 3.8359775230000004 ],
      "stddev" : 1.0243116269237464,
      "m15_rate" : 23.248164016981278,
      "m1_rate" : 18.794385988403686,
      "m5_rate" : 22.0029080793976,
      "mean_rate" : 16.19055677623458,
      "duration_units" : "seconds",
      "rate_units" : "calls/minute"
    },
    "jenkins.health-check.duration" : {
      "count" : 1,
      "max" : 0.21856302000000002,
      "mean" : 0.21856302000000002,
      "min" : 0.21856302000000002,
      "p50" : 0.21856302000000002,
      "p75" : 0.21856302000000002,
      "p95" : 0.21856302000000002,
      "p98" : 0.21856302000000002,
      "p99" : 0.21856302000000002,
      "p999" : 0.21856302000000002,
      "values" : [ 0.21856302000000002 ],
      "stddev" : 0.0,
      "m15_rate" : 0.0650207444190263,
      "m1_rate" : 0.6874881644801457,
      "m5_rate" : 0.18555084482753387,
      "mean_rate" : 1.6083900331760257,
      "duration_units" : "seconds",
      "rate_units" : "calls/minute"
    },
    "jenkins.job.blocked.duration" : {
      "count" : 0,
      "max" : 0.0,
      "mean" : 0.0,
      "min" : 0.0,
      "p50" : 0.0,
      "p75" : 0.0,
      "p95" : 0.0,
      "p98" : 0.0,
      "p99" : 0.0,
      "p999" : 0.0,
      "values" : [ ],
      "stddev" : 0.0,
      "m15_rate" : 0.0,
      "m1_rate" : 0.0,
      "m5_rate" : 0.0,
      "mean_rate" : 0.0,
      "duration_units" : "seconds",
      "rate_units" : "calls/minute"
    },
    "jenkins.job.buildable.duration" : {
      "count" : 0,
      "max" : 0.0,
      "mean" : 0.0,
      "min" : 0.0,
      "p50" : 0.0,
      "p75" : 0.0,
      "p95" : 0.0,
      "p98" : 0.0,
      "p99" : 0.0,
      "p999" : 0.0,
      "values" : [ ],
      "stddev" : 0.0,
      "m15_rate" : 0.0,
      "m1_rate" : 0.0,
      "m5_rate" : 0.0,
      "mean_rate" : 0.0,
      "duration_units" : "seconds",
      "rate_units" : "calls/minute"
    },
    "jenkins.job.building.duration" : {
      "count" : 0,
      "max" : 0.0,
      "mean" : 0.0,
      "min" : 0.0,
      "p50" : 0.0,
      "p75" : 0.0,
      "p95" : 0.0,
      "p98" : 0.0,
      "p99" : 0.0,
      "p999" : 0.0,
      "values" : [ ],
      "stddev" : 0.0,
      "m15_rate" : 0.0,
      "m1_rate" : 0.0,
      "m5_rate" : 0.0,
      "mean_rate" : 0.0,
      "duration_units" : "seconds",
      "rate_units" : "calls/minute"
    },
    "jenkins.job.execution.time" : {
      "count" : 0,
      "max" : 0.0,
      "mean" : 0.0,
      "min" : 0.0,
      "p50" : 0.0,
      "p75" : 0.0,
      "p95" : 0.0,
      "p98" : 0.0,
      "p99" : 0.0,
      "p999" : 0.0,
      "values" : [ ],
      "stddev" : 0.0,
      "m15_rate" : 0.0,
      "m1_rate" : 0.0,
      "m5_rate" : 0.0,
      "mean_rate" : 0.0,
      "duration_units" : "seconds",
      "rate_units" : "calls/minute"
    },
    "jenkins.job.queuing.duration" : {
      "count" : 0,
      "max" : 0.0,
      "mean" : 0.0,
      "min" : 0.0,
      "p50" : 0.0,
      "p75" : 0.0,
      "p95" : 0.0,
      "p98" : 0.0,
      "p99" : 0.0,
      "p999" : 0.0,
      "values" : [ ],
      "stddev" : 0.0,
      "m15_rate" : 0.0,
      "m1_rate" : 0.0,
      "m5_rate" : 0.0,
      "mean_rate" : 0.0,
      "duration_units" : "seconds",
      "rate_units" : "calls/minute"
    },
    "jenkins.job.total.duration" : {
      "count" : 0,
      "max" : 0.0,
      "mean" : 0.0,
      "min" : 0.0,
      "p50" : 0.0,
      "p75" : 0.0,
      "p95" : 0.0,
      "p98" : 0.0,
      "p99" : 0.0,
      "p999" : 0.0,
      "values" : [ ],
      "stddev" : 0.0,
      "m15_rate" : 0.0,
      "m1_rate" : 0.0,
      "m5_rate" : 0.0,
      "mean_rate" : 0.0,
      "duration_units" : "seconds",
      "rate_units" : "calls/minute"
    },
    "jenkins.job.waiting.duration" : {
      "count" : 0,
      "max" : 0.0,
      "mean" : 0.0,
      "min" : 0.0,
      "p50" : 0.0,
      "p75" : 0.0,
      "p95" : 0.0,
      "p98" : 0.0,
      "p99" : 0.0,
      "p999" : 0.0,
      "values" : [ ],
      "stddev" : 0.0,
      "m15_rate" : 0.0,
      "m1_rate" : 0.0,
      "m5_rate" : 0.0,
      "mean_rate" : 0.0,
      "duration_units" : "seconds",
      "rate_units" : "calls/minute"
    },
    "jenkins.task.blocked.duration" : {
      "count" : 0,
      "max" : 0.0,
      "mean" : 0.0,
      "min" : 0.0,
      "p50" : 0.0,
      "p75" : 0.0,
      "p95" : 0.0,
      "p98" : 0.0,
      "p99" : 0.0,
      "p999" : 0.0,
      "values" : [ ],
      "stddev" : 0.0,
      "m15_rate" : 0.0,
      "m1_rate" : 0.0,
      "m5_rate" : 0.0,
      "mean_rate" : 0.0,
      "duration_units" : "seconds",
      "rate_units" : "calls/minute"
    },
    "jenkins.task.buildable.duration" : {
      "count" : 0,
      "max" : 0.0,
      "mean" : 0.0,
      "min" : 0.0,
      "p50" : 0.0,
      "p75" : 0.0,
      "p95" : 0.0,
      "p98" : 0.0,
      "p99" : 0.0,
      "p999" : 0.0,
      "values" : [ ],
      "stddev" : 0.0,
      "m15_rate" : 0.0,
      "m1_rate" : 0.0,
      "m5_rate" : 0.0,
      "mean_rate" : 0.0,
      "duration_units" : "seconds",
      "rate_units" : "calls/minute"
    },
    "jenkins.task.execution.duration" : {
      "count" : 0,
      "max" : 0.0,
      "mean" : 0.0,
      "min" : 0.0,
      "p50" : 0.0,
      "p75" : 0.0,
      "p95" : 0.0,
      "p98" : 0.0,
      "p99" : 0.0,
      "p999" : 0.0,
      "values" : [ ],
      "stddev" : 0.0,
      "m15_rate" : 0.0,
      "m1_rate" : 0.0,
      "m5_rate" : 0.0,
      "mean_rate" : 0.0,
      "duration_units" : "seconds",
      "rate_units" : "calls/minute"
    },
    "jenkins.task.queuing.duration" : {
      "count" : 0,
      "max" : 0.0,
      "mean" : 0.0,
      "min" : 0.0,
      "p50" : 0.0,
      "p75" : 0.0,
      "p95" : 0.0,
      "p98" : 0.0,
      "p99" : 0.0,
      "p999" : 0.0,
      "values" : [ ],
      "stddev" : 0.0,
      "m15_rate" : 0.0,
      "m1_rate" : 0.0,
      "m5_rate" : 0.0,
      "mean_rate" : 0.0,
      "duration_units" : "seconds",
      "rate_units" : "calls/minute"
    },
    "jenkins.task.waiting.duration" : {
      "count" : 0,
      "max" : 0.0,
      "mean" : 0.0,
      "min" : 0.0,
      "p50" : 0.0,
      "p75" : 0.0,
      "p95" : 0.0,
      "p98" : 0.0,
      "p99" : 0.0,
      "p999" : 0.0,
      "values" : [ ],
      "stddev" : 0.0,
      "m15_rate" : 0.0,
      "m1_rate" : 0.0,
      "m5_rate" : 0.0,
      "mean_rate" : 0.0,
      "duration_units" : "seconds",
      "rate_units" : "calls/minute"
    }
  }
}