{
  "version" : "4.0.0",
  "gauges" : {
    "jenkins.executor.count.value" : {
      "value" : 3
    },
    "jenkins.executor.free.value" : {
      "value" : 3
    },
    "jenkins.executor.in-use.value" : {
      "value" : 0
    },
    "jenkins.health-check.count" : {
      "value" : 4
    },
    "jenkins.health-check.inverse-score" : {
      "value" : 0.0
    },
    "jenkins.health-check.score" : {
      "value" : 1.0
    },
    "jenkins.job.averageDepth" : {
      "value" : 1.0
    },
    "jenkins.job.count.value" : {
      "value" : 1
    },
    "jenkins.node.count.value" : {
      "value" : 2
    },
    "jenkins.node.offline.value" : {
      "value" : 0
    },
    "jenkins.node.online.value" : {
      "value" : 2
    },
    "jenkins.plugins.active" : {
      "value" : 119
    },
    "jenkins.plugins.failed" : {
      "value" : 0
    },
    "jenkins.plugins.inactive" : {
      "value" : 0
    },
    "jenkins.plugins.withUpdate" : {
      "value" : 64
    },
    "jenkins.project.count.value" : {
      "value" : 1
    },
    "jenkins.project.disabled.count.value" : {
      "value" : 0
    },
    "jenkins.project.enabled.count.value" : {
      "value" : 1
    },
    "jenkins.queue.blocked.value" : {
      "value" : 0
    },
    "jenkins.queue.buildable.value" : {
      "value" : 0
    },
    "jenkins.queue.pending.value" : {
      "value" : 0
    },
    "jenkins.queue.size.value" : {
      "value" : 0
    },
    "jenkins.queue.stuck.value" : {
      "value" : 0
    },
    "jenkins.versions.core" : {
      "value" : "2.150.3"
    },
    "jenkins.versions.plugin.ace-editor" : {
      "value" : "1.1"
    },
    "jenkins.versions.plugin.ant" : {
      "value" : "1.11"
    },
    "jenkins.versions.plugin.antisamy-markup-formatter" : {
      "value" : "2.0"
    },
    "jenkins.versions.plugin.apache-httpcomponents-client-4-api" : {
      "value" : "4.5.10-2.0"
    },
    "jenkins.versions.plugin.artifactory" : {
      "value" : "3.1.0"
    },
    "jenkins.versions.plugin.authentication-tokens" : {
      "value" : "1.3"
    },
    "jenkins.versions.plugin.blueocean" : {
      "value" : "1.10.1"
    },
    "jenkins.versions.plugin.blueocean-autofavorite" : {
      "value" : "1.2.2"
    },
    "jenkins.versions.plugin.blueocean-bitbucket-pipeline" : {
      "value" : "1.10.1"
    },
    "jenkins.versions.plugin.blueocean-commons" : {
      "value" : "1.10.1"
    },
    "jenkins.versions.plugin.blueocean-config" : {
      "value" : "1.10.1"
    },
    "jenkins.versions.plugin.blueocean-core-js" : {
      "value" : "1.10.1"
    },
    "jenkins.versions.plugin.blueocean-dashboard" : {
      "value" : "1.10.1"
    },
    "jenkins.versions.plugin.blueocean-display-url" : {
      "value" : "2.2.0"
    },
    "jenkins.versions.plugin.blueocean-events" : {
      "value" : "1.10.1"
    },
    "jenkins.versions.plugin.blueocean-git-pipeline" : {
      "value" : "1.10.1"
    },
    "jenkins.versions.plugin.blueocean-github-pipeline" : {
      "value" : "1.10.1"
    },
    "jenkins.versions.plugin.blueocean-i18n" : {
      "value" : "1.10.1"
    },
    "jenkins.versions.plugin.blueocean-jira" : {
      "value" : "1.10.1"
    },
    "jenkins.versions.plugin.blueocean-jwt" : {
      "value" : "1.10.1"
    },
    "jenkins.versions.plugin.blueocean-personalization" : {
      "value" : "1.10.1"
    },
    "jenkins.versions.plugin.blueocean-pipeline-api-impl" : {
      "value" : "1.10.1"
    },
    "jenkins.versions.plugin.blueocean-pipeline-editor" : {
      "value" : "1.10.1"
    },
    "jenkins.versions.plugin.blueocean-pipeline-scm-api" : {
      "value" : "1.10.1"
    },
    "jenkins.versions.plugin.blueocean-rest" : {
      "value" : "1.10.1"
    },
    "jenkins.versions.plugin.blueocean-rest-impl" : {
      "value" : "1.10.1"
    },
    "jenkins.versions.plugin.blueocean-web" : {
      "value" : "1.10.1"
    },
    "jenkins.versions.plugin.bouncycastle-api" : {
      "value" : "2.17"
    },
    "jenkins.versions.plugin.branch-api" : {
      "value" : "2.1.2"
    },
    "jenkins.versions.plugin.build-timeout" : {
      "value" : "1.19.1"
    },
    "jenkins.versions.plugin.cloudbees-bitbucket-branch-source" : {
      "value" : "2.4.0"
    },
    "jenkins.versions.plugin.cloudbees-folder" : {
      "value" : "6.11.1"
    },
    "jenkins.versions.plugin.command-launcher" : {
      "value" : "1.3"
    },
    "jenkins.versions.plugin.config-file-provider" : {
      "value" : "3.4.1"
    },
    "jenkins.versions.plugin.configuration-as-code" : {
      "value" : "1.36"
    },
    "jenkins.versions.plugin.credentials" : {
      "value" : "2.3.5"
    },
    "jenkins.versions.plugin.credentials-binding" : {
      "value" : "1.21"
    },
    "jenkins.versions.plugin.display-url-api" : {
      "value" : "2.3.2"
    },
    "jenkins.versions.plugin.docker-commons" : {
      "value" : "1.13"
    },
    "jenkins.versions.plugin.docker-workflow" : {
      "value" : "1.17"
    },
    "jenkins.versions.plugin.durable-task" : {
      "value" : "1.34"
    },
    "jenkins.versions.plugin.email-ext" : {
      "value" : "2.69"
    },
    "jenkins.versions.plugin.favorite" : {
      "value" : "2.3.2"
    },
    "jenkins.versions.plugin.git" : {
      "value" : "4.2.2"
    },
    "jenkins.versions.plugin.git-client" : {
      "value" : "3.2.1"
    },
    "jenkins.versions.plugin.git-server" : {
      "value" : "1.7"
    },
    "jenkins.versions.plugin.gitea" : {
      "value" : "1.0.8"
    },
    "jenkins.versions.plugin.github" : {
      "value" : "1.29.3"
    },
    "jenkins.versions.plugin.github-api" : {
      "value" : "1.106"
    },
    "jenkins.versions.plugin.github-branch-source" : {
      "value" : "2.6.0"
    },
    "jenkins.versions.plugin.gitlab-plugin" : {
      "value" : "1.5.11"
    },
    "jenkins.versions.plugin.gradle" : {
      "value" : "1.36"
    },
    "jenkins.versions.plugin.handlebars" : {
      "value" : "1.1.1"
    },
    "jenkins.versions.plugin.handy-uri-templates-2-api" : {
      "value" : "2.1.6-1.0"
    },
    "jenkins.versions.plugin.htmlpublisher" : {
      "value" : "1.17"
    },
    "jenkins.versions.plugin.ivy" : {
      "value" : "1.28"
    },
    "jenkins.versions.plugin.jackson2-api" : {
      "value" : "2.10.3"
    },
    "jenkins.versions.plugin.javadoc" : {
      "value" : "1.4"
    },
    "jenkins.versions.plugin.jdk-tool" : {
      "value" : "1.4"
    },
    "jenkins.versions.plugin.jenkins-design-language" : {
      "value" : "1.10.1"
    },
    "jenkins.versions.plugin.jira" : {
      "value" : "3.0.5"
    },
    "jenkins.versions.plugin.jquery-detached" : {
      "value" : "1.2.1"
    },
    "jenkins.versions.plugin.jsch" : {
      "value" : "0.1.55.1"
    },
    "jenkins.versions.plugin.junit" : {
      "value" : "1.26.1"
    },
    "jenkins.versions.plugin.jx-resources" : {
      "value" : "1.0.35"
    },
    "jenkins.versions.plugin.kubernetes" : {
      "value" : "1.14.3"
    },
    "jenkins.versions.plugin.kubernetes-credentials" : {
      "value" : "0.4.0"
    },
    "jenkins.versions.plugin.kubernetes-credentials-provider" : {
      "value" : "0.11"
    },
    "jenkins.versions.plugin.ldap" : {
      "value" : "1.21"
    },
    "jenkins.versions.plugin.localization-zh-cn" : {
      "value" : "0.0.11"
    },
    "jenkins.versions.plugin.lockable-resources" : {
      "value" : "2.3"
    },
    "jenkins.versions.plugin.mailer" : {
      "value" : "1.30"
    },
    "jenkins.versions.plugin.mapdb-api" : {
      "value" : "1.0.9.0"
    },
    "jenkins.versions.plugin.matrix-auth" : {
      "value" : "2.5"
    },
    "jenkins.versions.plugin.matrix-project" : {
      "value" : "1.14"
    },
    "jenkins.versions.plugin.maven-plugin" : {
      "value" : "3.2"
    },
    "jenkins.versions.plugin.mercurial" : {
      "value" : "2.4"
    },
    "jenkins.versions.plugin.metrics" : {
      "value" : "4.0.2.2"
    },
    "jenkins.versions.plugin.momentjs" : {
      "value" : "1.1.1"
    },
    "jenkins.versions.plugin.pam-auth" : {
      "value" : "1.6"
    },
    "jenkins.versions.plugin.pipeline-build-step" : {
      "value" : "2.7"
    },
    "jenkins.versions.plugin.pipeline-github-lib" : {
      "value" : "1.0"
    },
    "jenkins.versions.plugin.pipeline-graph-analysis" : {
      "value" : "1.9"
    },
    "jenkins.versions.plugin.pipeline-input-step" : {
      "value" : "2.9"
    },
    "jenkins.versions.plugin.pipeline-milestone-step" : {
      "value" : "1.3.1"
    },
    "jenkins.versions.plugin.pipeline-model-api" : {
      "value" : "1.3.4.1"
    },
    "jenkins.versions.plugin.pipeline-model-declarative-agent" : {
      "value" : "1.1.1"
    },
    "jenkins.versions.plugin.pipeline-model-definition" : {
      "value" : "1.3.4.1"
    },
    "jenkins.versions.plugin.pipeline-model-extensions" : {
      "value" : "1.3.4.1"
    },
    "jenkins.versions.plugin.pipeline-rest-api" : {
      "value" : "2.13"
    },
    "jenkins.versions.plugin.pipeline-stage-step" : {
      "value" : "2.3"
    },
    "jenkins.versions.plugin.pipeline-stage-tags-metadata" : {
      "value" : "1.3.4.1"
    },
    "jenkins.versions.plugin.pipeline-stage-view" : {
      "value" : "2.13"
    },
    "jenkins.versions.plugin.plain-credentials" : {
      "value" : "1.5"
    },
    "jenkins.versions.plugin.pubsub-light" : {
      "value" : "1.12"
    },
    "jenkins.versions.plugin.resource-disposer" : {
      "value" : "0.12"
    },
    "jenkins.versions.plugin.scm-api" : {
      "value" : "2.6.3"
    },
    "jenkins.versions.plugin.script-security" : {
      "value" : "1.71"
    },
    "jenkins.versions.plugin.sse-gateway" : {
      "value" : "1.17"
    },
    "jenkins.versions.plugin.ssh-credentials" : {
      "value" : "1.17.4"
    },
    "jenkins.versions.plugin.ssh-slaves" : {
      "value" : "1.30.4"
    },
    "jenkins.versions.plugin.structs" : {
      "value" : "1.20"
    },
    "jenkins.versions.plugin.subversion" : {
      "value" : "2.13.1"
    },
    "jenkins.versions.plugin.support-core" : {
      "value" : "2.54"
    },
    "jenkins.versions.plugin.timestamper" : {
      "value" : "1.11.2"
    },
    "jenkins.versions.plugin.token-macro" : {
      "value" : "2.12"
    },
    "jenkins.versions.plugin.variant" : {
      "value" : "1.1"
    },
    "jenkins.versions.plugin.workflow-aggregator" : {
      "value" : "2.6"
    },
    "jenkins.versions.plugin.workflow-api" : {
      "value" : "2.40"
    },
    "jenkins.versions.plugin.workflow-basic-steps" : {
      "value" : "2.19"
    },
    "jenkins.versions.plugin.workflow-cps" : {
      "value" : "2.80"
    },
    "jenkins.versions.plugin.workflow-cps-global-lib" : {
      "value" : "2.12"
    },
    "jenkins.versions.plugin.workflow-durable-task-step" : {
      "value" : "2.31"
    },
    "jenkins.versions.plugin.workflow-job" : {
      "value" : "2.37"
    },
    "jenkins.versions.plugin.workflow-multibranch" : {
      "value" : "2.20"
    },
    "jenkins.versions.plugin.workflow-scm-step" : {
      "value" : "2.10"
    },
    "jenkins.versions.plugin.workflow-step-api" : {
      "value" : "2.22"
    },
    "jenkins.versions.plugin.workflow-support" : {
      "value" : "3.4"
    },
    "jenkins.versions.plugin.ws-cleanup" : {
      "value" : "0.38"
    },
    "system.cpu.load" : {
      "value" : 1.99
    },
    "vm.blocked.count" : {
      "value" : 0
    },
    "vm.class.loaded" : {
      "value" : 16127
    },
    "vm.class.unloaded" : {
      "value" : 0
    },
    "vm.count" : {
      "value" : 84
    },
    "vm.cpu.load" : {
      "value" : 1.2653636913157364
    },
    "vm.daemon.count" : {
      "value" : 68
    },
    "vm.deadlock.count" : {
      "value" : 0
    },
    "vm.deadlocks" : {
      "value" : [ ]
    },
    "vm.file.descriptor.ratio" : {
      "value" : 7.162094116210938E-4
    },
    "vm.gc.PS-MarkSweep.count" : {
      "value" : 4
    },
    "vm.gc.PS-MarkSweep.time" : {
      "value" : 699
    },
    "vm.gc.PS-Scavenge.count" : {
      "value" : 75
    },
    "vm.gc.PS-Scavenge.time" : {
      "value" : 812
    },
    "vm.memory.heap.committed" : {
      "value" : 455081984
    },
    "vm.memory.heap.init" : {
      "value" : 62914560
    },
    "vm.memory.heap.max" : {
      "value" : 870842368
    },
    "vm.memory.heap.usage" : {
      "value" : 0.291770572191545
    },
    "vm.memory.heap.used" : {
      "value" : 254086176
    },
    "vm.memory.non-heap.committed" : {
      "value" : 138428416
    },
    "vm.memory.non-heap.init" : {
      "value" : 2555904
    },
    "vm.memory.non-heap.max" : {
      "value" : -1
    },
    "vm.memory.non-heap.usage" : {
      "value" : -1.25085512E8
    },
    "vm.memory.non-heap.used" : {
      "value" : 125085512
    },
    "vm.memory.pools.Code-Cache.committed" : {
      "value" : 20381696
    },
    "vm.memory.pools.Code-Cache.init" : {
      "value" : 2555904
    },
    "vm.memory.pools.Code-Cache.max" : {
      "value" : 251658240
    },
    "vm.memory.pools.Code-Cache.usage" : {
      "value" : 0.08014907836914062
    },
    "vm.memory.pools.Code-Cache.used" : {
      "value" : 20170176
    },
    "vm.memory.pools.Compressed-Class-Space.committed" : {
      "value" : 13672448
    },
    "vm.memory.pools.Compressed-Class-Space.init" : {
      "value" : 0
    },
    "vm.memory.pools.Compressed-Class-Space.max" : {
      "value" : 1073741824
    },
    "vm.memory.pools.Compressed-Class-Space.usage" : {
      "value" : 0.010204702615737915
    },
    "vm.memory.pools.Compressed-Class-Space.used" : {
      "value" : 10957216
    },
    "vm.memory.pools.Metaspace.committed" : {
      "value" : 104374272
    },
    "vm.memory.pools.Metaspace.init" : {
      "value" : 0
    },
    "vm.memory.pools.Metaspace.max" : {
      "value" : -1
    },
    "vm.memory.pools.Metaspace.usage" : {
      "value" : 0.9002056752070089
    },
    "vm.memory.pools.Metaspace.used" : {
      "value" : 93958312
    },
    "vm.memory.pools.PS-Eden-Space.committed" : {
      "value" : 317718528
    },
    "vm.memory.pools.PS-Eden-Space.init" : {
      "value" : 15728640
    },
    "vm.memory.pools.PS-Eden-Space.max" : {
      "value" : 317718528
    },
    "vm.memory.pools.PS-Eden-Space.usage" : {
      "value" : 0.5464300778832766
    },
    "vm.memory.pools.PS-Eden-Space.used" : {
      "value" : 173610960
    },
    "vm.memory.pools.PS-Eden-Space.used-after-gc" : {
      "value" : 0
    },
    "vm.memory.pools.PS-Old-Gen.committed" : {
      "value" : 133169152
    },
    "vm.memory.pools.PS-Old-Gen.init" : {
      "value" : 41943040
    },
    "vm.memory.pools.PS-Old-Gen.max" : {
      "value" : 653262848
    },
    "vm.memory.pools.PS-Old-Gen.usage" : {
      "value" : 0.11872535570857995
    },
    "vm.memory.pools.PS-Old-Gen.used" : {
      "value" : 77558864
    },
    "vm.memory.pools.PS-Old-Gen.used-after-gc" : {
      "value" : 53959104
    },
    "vm.memory.pools.PS-Survivor-Space.committed" : {
      "value" : 4194304
    },
    "vm.memory.pools.PS-Survivor-Space.init" : {
      "value" : 2621440
    },
    "vm.memory.pools.PS-Survivor-Space.max" : {
      "value" : 4194304
    },
    "vm.memory.pools.PS-Survivor-Space.usage" : {
      "value" : 0.6953125
    },
    "vm.memory.pools.PS-Survivor-Space.used" : {
      "value" : 2916352
    },
    "vm.memory.pools.PS-Survivor-Space.used-after-gc" : {
      "value" : 2916352
    },
    "vm.memory.total.committed" : {
      "value" : 593510400
    },
    "vm.memory.total.init" : {
      "value" : 65470464
    },
    "vm.memory.total.max" : {
      "value" : 870842367
    },
    "vm.memory.total.used" : {
      "value" : 379185328
    },
    "vm.new.count" : {
      "value" : 0
    },
    "vm.runnable.count" : {
      "value" : 11
    },
    "vm.terminated.count" : {
      "value" : 0
    },
    "vm.timed_waiting.count" : {
      "value" : 58
    },
    "vm.uptime.milliseconds" : {
      "value" : 33008
    },
    "vm.waiting.count" : {
      "value" : 15
    }
  },
  "counters" : {
    "http.activeRequests" : {
      "count" : 0
    }
  },
  "histograms" : {
    "jenkins.executor.count.history" : {
      "count" : 1,
      "max" : 3,
      "mean" : 3.0,
      "min" : 3,
      "p50" : 3.0,
      "p75" : 3.0,
      "p95" : 3.0,
      "p98" : 3.0,
      "p99" : 3.0,
      "p999" : 3.0,
      "values" : [ 3 ],
      "stddev" : 0.0
    },
    "jenkins.executor.free.history" : {
      "count" : 1,
      "max" : 3,
      "mean" : 3.0,
      "min" : 3,
      "p50" : 3.0,
      "p75" : 3.0,
      "p95" : 3.0,
      "p98" : 3.0,
      "p99" : 3.0,
      "p999" : 3.0,
      "values" : [ 3 ],
      "stddev" : 0.0
    },
    "jenkins.executor.in-use.history" : {
      "count" : 1,
      "max" : 0,
      "mean" : 0.0,
      "min" : 0,
      "p50" : 0.0,
      "p75" : 0.0,
      "p95" : 0.0,
      "p98" : 0.0,
      "p99" : 0.0,
      "p999" : 0.0,
      "values" : [ 0 ],
      "stddev" : 0.0
    },
    "jenkins.job.count.history" : {
      "count" : 1,
      "max" : 1,
      "mean" : 1.0,
      "min" : 1,
      "p50" : 1.0,
      "p75" : 1.0,
      "p95" : 1.0,
      "p98" : 1.0,
      "p99" : 1.0,
      "p999" : 1.0,
      "values" : [ 1 ],
      "stddev" : 0.0
    },
    "jenkins.node.count.history" : {
      "count" : 1,
      "max" : 2,
      "mean" : 2.0,
      "min" : 2,
      "p50" : 2.0,
      "p75" : 2.0,
      "p95" : 2.0,
      "p98" : 2.0,
      "p99" : 2.0,
      "p999" : 2.0,
      "values" : [ 2 ],
      "stddev" : 0.0
    },
    "jenkins.node.offline.history" : {
      "count" : 1,
      "max" : 0,
      "mean" : 0.0,
      "min" : 0,
      "p50" : 0.0,
      "p75" : 0.0,
      "p95" : 0.0,
      "p98" : 0.0,
      "p99" : 0.0,
      "p999" : 0.0,
      "values" : [ 0 ],
      "stddev" : 0.0
    },
    "jenkins.node.online.history" : {
      "count" : 1,
      "max" : 2,
      "mean" : 2.0,
      "min" : 2,
      "p50" : 2.0,
      "p75" : 2.0,
      "p95" : 2.0,
      "p98" : 2.0,
      "p99" : 2.0,
      "p999" : 2.0,
      "values" : [ 2 ],
      "stddev" : 0.0
    },
    "jenkins.project.count.history" : {
      "count" : 1,
      "max" : 1,
      "mean" : 1.0,
      "min" : 1,
      "p50" : 1.0,
      "p75" : 1.0,
      "p95" : 1.0,
      "p98" : 1.0,
      "p99" : 1.0,
      "p999" : 1.0,
      "values" : [ 1 ],
      "stddev" : 0.0
    },
    "jenkins.project.disabled.count.history" : {
      "count" : 1,
      "max" : 0,
      "mean" : 0.0,
      "min" : 0,
      "p50" : 0.0,
      "p75" : 0.0,
      "p95" : 0.0,
      "p98" : 0.0,
      "p99" : 0.0,
      "p999" : 0.0,
      "values" : [ 0 ],
      "stddev" : 0.0
    },
    "jenkins.project.enabled.count.history" : {
      "count" : 1,
      "max" : 1,
      "mean" : 1.0,
      "min" : 1,
      "p50" : 1.0,
      "p75" : 1.0,
      "p95" : 1.0,
      "p98" : 1.0,
      "p99" : 1.0,
      "p999" : 1.0,
      "values" : [ 1 ],
      "stddev" : 0.0
    },
    "jenkins.queue.blocked.history" : {
      "count" : 1,
      "max" : 0,
      "mean" : 0.0,
      "min" : 0,
      "p50" : 0.0,
      "p75" : 0.0,
      "p95" : 0.0,
      "p98" : 0.0,
      "p99" : 0.0,
      "p999" : 0.0,
      "values" : [ 0 ],
      "stddev" : 0.0
    },
    "jenkins.queue.buildable.history" : {
      "count" : 1,
      "max" : 0,
      "mean" : 0.0,
      "min" : 0,
      "p50" : 0.0,
      "p75" : 0.0,
      "p95" : 0.0,
      "p98" : 0.0,
      "p99" : 0.0,
      "p999" : 0.0,
      "values" : [ 0 ],
      "stddev" : 0.0
    },
    "jenkins.queue.pending.history" : {
      "count" : 1,
      "max" : 0,
      "mean" : 0.0,
      "min" : 0,
      "p50" : 0.0,
      "p75" : 0.0,
      "p95" : 0.0,
      "p98" : 0.0,
      "p99" : 0.0,
      "p999" : 0.0,
      "values" : [ 0 ],
      "stddev" : 0.0
    },
    "jenkins.queue.size.history" : {
      "count" : 1,
      "max" : 0,
      "mean" : 0.0,
      "min" : 0,
      "p50" : 0.0,
      "p75" : 0.0,
      "p95" : 0.0,
      "p98" : 0.0,
      "p99" : 0.0,
      "p999" : 0.0,
      "values" : [ 0 ],
      "stddev" : 0.0
    },
    "jenkins.queue.stuck.history" : {
      "count" : 1,
      "max" : 0,
      "mean" : 0.0,
      "min" : 0,
      "p50" : 0.0,
      "p75" : 0.0,
      "p95" : 0.0,
      "p98" : 0.0,
      "p99" : 0.0,
      "p999" : 0.0,
      "values" : [ 0 ],
      "stddev" : 0.0
    },
    "system.cpu.load.x100.history" : {
      "count" : 1,
      "max" : 190,
      "mean" : 190.0,
      "min" : 190,
      "p50" : 190.0,
      "p75" : 190.0,
      "p95" : 190.0,
      "p98" : 190.0,
      "p99" : 190.0,
      "p999" : 190.0,
      "values" : [ 190 ],
      "stddev" : 0.0
    },
    "system.cpu.load.x100.window.15m" : {
      "count" : 1,
      "max" : 190,
      "mean" : 190.0,
      "min" : 190,
      "p50" : 190.0,
      "p75" : 190.0,
      "p95" : 190.0,
      "p98" : 190.0,
      "p99" : 190.0,
      "p999" : 190.0,
      "values" : [ 190 ],
      "stddev" : 0.0
    },
    "system.cpu.load.x100.window.1h" : {
      "count" : 1,
      "max" : 190,
      "mean" : 190.0,
      "min" : 190,
      "p50" : 190.0,
      "p75" : 190.0,
      "p95" : 190.0,
      "p98" : 190.0,
      "p99" : 190.0,
      "p999" : 190.0,
      "values" : [ 190 ],
      "stddev" : 0.0
    },
    "system.cpu.load.x100.window.5m" : {
      "count" : 1,
      "max" : 190,
      "mean" : 190.0,
      "min" : 190,
      "p50" : 190.0,
      "p75" : 190.0,
      "p95" : 190.0,
      "p98" : 190.0,
      "p99" : 190.0,
      "p999" : 190.0,
      "values" : [ 190 ],
      "stddev" : 0.0
    },
    "vm.cpu.load.x100.history" : {
      "count" : 1,
      "max" : 155,
      "mean" : 155.0,
      "min" : 155,
      "p50" : 155.0,
      "p75" : 155.0,
      "p95" : 155.0,
      "p98" : 155.0,
      "p99" : 155.0,
      "p999" : 155.0,
      "values" : [ 155 ],
      "stddev" : 0.0
    },
    "vm.cpu.load.x100.window.15m" : {
      "count" : 1,
      "max" : 155,
      "mean" : 155.0,
      "min" : 155,
      "p50" : 155.0,
      "p75" : 155.0,
      "p95" : 155.0,
      "p98" : 155.0,
      "p99" : 155.0,
      "p999" : 155.0,
      "values" : [ 155 ],
      "stddev" : 0.0
    },
    "vm.cpu.load.x100.window.1h" : {
      "count" : 1,
      "max" : 155,
      "mean" : 155.0,
      "min" : 155,
      "p50" : 155.0,
      "p75" : 155.0,
      "p95" : 155.0,
      "p98" : 155.0,
      "p99" : 155.0,
      "p999" : 155.0,
      "values" : [ 155 ],
      "stddev" : 0.0
    },
    "vm.cpu.load.x100.window.5m" : {
      "count" : 1,
      "max" : 155,
      "mean" : 155.0,
      "min" : 155,
      "p50" : 155.0,
      "p75" : 155.0,
      "p95" : 155.0,
      "p98" : 155.0,
      "p99" : 155.0,
      "p999" : 155.0,
      "values" : [ 155 ],
      "stddev" : 0.0
    },
    "vm.file.descriptor.ratio.x100.history" : {
      "count" : 1,
      "max" : 0,
      "mean" : 0.0,
      "min" : 0,
      "p50" : 0.0,
      "p75" : 0.0,
      "p95" : 0.0,
      "p98" : 0.0,
      "p99" : 0.0,
      "p999" : 0.0,
      "values" : [ 0 ],
      "stddev" : 0.0
    },
    "vm.file.descriptor.ratio.x100.window.15m" : {
      "count" : 1,
      "max" : 0,
      "mean" : 0.0,
      "min" : 0,
      "p50" : 0.0,
      "p75" : 0.0,
      "p95" : 0.0,
      "p98" : 0.0,
      "p99" : 0.0,
      "p999" : 0.0,
      "values" : [ 0 ],
      "stddev" : 0.0
    },
    "vm.file.descriptor.ratio.x100.window.1h" : {
      "count" : 1,
      "max" : 0,
      "mean" : 0.0,
      "min" : 0,
      "p50" : 0.0,
      "p75" : 0.0,
      "p95" : 0.0,
      "p98" : 0.0,
      "p99" : 0.0,
      "p999" : 0.0,
      "values" : [ 0 ],
      "stddev" : 0.0
    },
    "vm.file.descriptor.ratio.x100.window.5m" : {
      "count" : 1,
      "max" : 0,
      "mean" : 0.0,
      "min" : 0,
      "p50" : 0.0,
      "p75" : 0.0,
      "p95" : 0.0,
      "p98" : 0.0,
      "p99" : 0.0,
      "p999" : 0.0,
      "values" : [ 0 ],
      "stddev" : 0.0
    },
    "vm.memory.heap.committed.history" : {
      "count" : 1,
      "max" : 438829056,
      "mean" : 4.38829056E8,
      "min" : 438829056,
      "p50" : 4.38829056E8,
      "p75" : 4.38829056E8,
      "p95" : 4.38829056E8,
      "p98" : 4.38829056E8,
      "p99" : 4.38829056E8,
      "p999" : 4.38829056E8,
      "values" : [ 438829056 ],
      "stddev" : 0.0
    },
    "vm.memory.heap.committed.window.15m" : {
      "count" : 1,
      "max" : 438829056,
      "mean" : 4.38829056E8,
      "min" : 438829056,
      "p50" : 4.38829056E8,
      "p75" : 4.38829056E8,
      "p95" : 4.38829056E8,
      "p98" : 4.38829056E8,
      "p99" : 4.38829056E8,
      "p999" : 4.38829056E8,
      "values" : [ 438829056 ],
      "stddev" : 0.0
    },
    "vm.memory.heap.committed.window.1h" : {
      "count" : 1,
      "max" : 438829056,
      "mean" : 4.38829056E8,
      "min" : 438829056,
      "p50" : 4.38829056E8,
      "p75" : 4.38829056E8,
      "p95" : 4.38829056E8,
      "p98" : 4.38829056E8,
      "p99" : 4.38829056E8,
      "p999" : 4.38829056E8,
      "values" : [ 438829056 ],
      "stddev" : 0.0
    },
    "vm.memory.heap.committed.window.5m" : {
      "count" : 1,
      "max" : 438829056,
      "mean" : 4.38829056E8,
      "min" : 438829056,
      "p50" : 4.38829056E8,
      "p75" : 4.38829056E8,
      "p95" : 4.38829056E8,
      "p98" : 4.38829056E8,
      "p99" : 4.38829056E8,
      "p999" : 4.38829056E8,
      "values" : [ 438829056 ],
      "stddev" : 0.0
    },
    "vm.memory.heap.usage.x100.history" : {
      "count" : 1,
      "max" : 11,
      "mean" : 11.0,
      "min" : 11,
      "p50" : 11.0,
      "p75" : 11.0,
      "p95" : 11.0,
      "p98" : 11.0,
      "p99" : 11.0,
      "p999" : 11.0,
      "values" : [ 11 ],
      "stddev" : 0.0
    },
    "vm.memory.heap.usage.x100.window.15m" : {
      "count" : 1,
      "max" : 11,
      "mean" : 11.0,
      "min" : 11,
      "p50" : 11.0,
      "p75" : 11.0,
      "p95" : 11.0,
      "p98" : 11.0,
      "p99" : 11.0,
      "p999" : 11.0,
      "values" : [ 11 ],
      "stddev" : 0.0
    },
    "vm.memory.heap.usage.x100.window.1h" : {
      "count" : 1,
      "max" : 11,
      "mean" : 11.0,
      "min" : 11,
      "p50" : 11.0,
      "p75" : 11.0,
      "p95" : 11.0,
      "p98" : 11.0,
      "p99" : 11.0,
      "p999" : 11.0,
      "values" : [ 11 ],
      "stddev" : 0.0
    },
    "vm.memory.heap.usage.x100.window.5m" : {
      "count" : 1,
      "max" : 11,
      "mean" : 11.0,
      "min" : 11,
      "p50" : 11.0,
      "p75" : 11.0,
      "p95" : 11.0,
      "p98" : 11.0,
      "p99" : 11.0,
      "p999" : 11.0,
      "values" : [ 11 ],
      "stddev" : 0.0
    },
    "vm.memory.heap.used.history" : {
      "count" : 1,
      "max" : 95612896,
      "mean" : 9.5612896E7,
      "min" : 95612896,
      "p50" : 9.5612896E7,
      "p75" : 9.5612896E7,
      "p95" : 9.5612896E7,
      "p98" : 9.5612896E7,
      "p99" : 9.5612896E7,
      "p999" : 9.5612896E7,
      "values" : [ 95612896 ],
      "stddev" : 0.0
    },
    "vm.memory.heap.used.window.15m" : {
      "count" : 1,
      "max" : 95612896,
      "mean" : 9.5612896E7,
      "min" : 95612896,
      "p50" : 9.5612896E7,
      "p75" : 9.5612896E7,
      "p95" : 9.5612896E7,
      "p98" : 9.5612896E7,
      "p99" : 9.5612896E7,
      "p999" : 9.5612896E7,
      "values" : [ 95612896 ],
      "stddev" : 0.0
    },
    "vm.memory.heap.used.window.1h" : {
      "count" : 1,
      "max" : 95612896,
      "mean" : 9.5612896E7,
      "min" : 95612896,
      "p50" : 9.5612896E7,
      "p75" : 9.5612896E7,
      "p95" : 9.5612896E7,
      "p98" : 9.5612896E7,
      "p99" : 9.5612896E7,
      "p999" : 9.5612896E7,
      "values" : [ 95612896 ],
      "stddev" : 0.0
    },
    "vm.memory.heap.used.window.5m" : {
      "count" : 1,
      "max" : 95612896,
      "mean" : 9.5612896E7,
      "min" : 95612896,
      "p50" : 9.5612896E7,
      "p75" : 9.5612896E7,
      "p95" : 9.5612896E7,
      "p98" : 9.5612896E7,
      "p99" : 9.5612896E7,
      "p999" : 9.5612896E7,
      "values" : [ 95612896 ],
      "stddev" : 0.0
    },
    "vm.memory.non-heap.committed.history" : {
      "count" : 1,
      "max" : 134234112,
      "mean" : 1.34234112E8,
      "min" : 134234112,
      "p50" : 1.34234112E8,
      "p75" : 1.34234112E8,
      "p95" : 1.34234112E8,
      "p98" : 1.34234112E8,
      "p99" : 1.34234112E8,
      "p999" : 1.34234112E8,
      "values" : [ 134234112 ],
      "stddev" : 0.0
    },
    "vm.memory.non-heap.committed.window.15m" : {
      "count" : 1,
      "max" : 134234112,
      "mean" : 1.34234112E8,
      "min" : 134234112,
      "p50" : 1.34234112E8,
      "p75" : 1.34234112E8,
      "p95" : 1.34234112E8,
      "p98" : 1.34234112E8,
      "p99" : 1.34234112E8,
      "p999" : 1.34234112E8,
      "values" : [ 134234112 ],
      "stddev" : 0.0
    },
    "vm.memory.non-heap.committed.window.1h" : {
      "count" : 1,
      "max" : 134234112,
      "mean" : 1.34234112E8,
      "min" : 134234112,
      "p50" : 1.34234112E8,
      "p75" : 1.34234112E8,
      "p95" : 1.34234112E8,
      "p98" : 1.34234112E8,
      "p99" : 1.34234112E8,
      "p999" : 1.34234112E8,
      "values" : [ 134234112 ],
      "stddev" : 0.0
    },
    "vm.memory.non-heap.committed.window.5m" : {
      "count" : 1,
      "max" : 134234112,
      "mean" : 1.34234112E8,
      "min" : 134234112,
      "p50" : 1.34234112E8,
      "p75" : 1.34234112E8,
      "p95" : 1.34234112E8,
      "p98" : 1.34234112E8,
      "p99" : 1.34234112E8,
      "p999" : 1.34234112E8,
      "values" : [ 134234112 ],
      "stddev" : 0.0
    },
    "vm.memory.non-heap.usage.x100.history" : {
      "count" : 1,
      "max" : -12107758400,
      "mean" : -1.21077584E10,
      "min" : -12107758400,
      "p50" : -1.21077584E10,
      "p75" : -1.21077584E10,
      "p95" : -1.21077584E10,
      "p98" : -1.21077584E10,
      "p99" : -1.21077584E10,
      "p999" : -1.21077584E10,
      "values" : [ -12107758400 ],
      "stddev" : 0.0
    },
    "vm.memory.non-heap.usage.x100.window.15m" : {
      "count" : 1,
      "max" : -12107758400,
      "mean" : -1.21077584E10,
      "min" : -12107758400,
      "p50" : -1.21077584E10,
      "p75" : -1.21077584E10,
      "p95" : -1.21077584E10,
      "p98" : -1.21077584E10,
      "p99" : -1.21077584E10,
      "p999" : -1.21077584E10,
      "values" : [ -12107758400 ],
      "stddev" : 0.0
    },
    "vm.memory.non-heap.usage.x100.window.1h" : {
      "count" : 1,
      "max" : -12107758400,
      "mean" : -1.21077584E10,
      "min" : -12107758400,
      "p50" : -1.21077584E10,
      "p75" : -1.21077584E10,
      "p95" : -1.21077584E10,
      "p98" : -1.21077584E10,
      "p99" : -1.21077584E10,
      "p999" : -1.21077584E10,
      "values" : [ -12107758400 ],
      "stddev" : 0.0
    },
    "vm.memory.non-heap.usage.x100.window.5m" : {
      "count" : 1,
      "max" : -12107758400,
      "mean" : -1.21077584E10,
      "min" : -12107758400,
      "p50" : -1.21077584E10,
      "p75" : -1.21077584E10,
      "p95" : -1.21077584E10,
      "p98" : -1.21077584E10,
      "p99" : -1.21077584E10,
      "p999" : -1.21077584E10,
      "values" : [ -12107758400 ],
      "stddev" : 0.0
    },
    "vm.memory.non-heap.used.history" : {
      "count" : 1,
      "max" : 121077648,
      "mean" : 1.21077648E8,
      "min" : 121077648,
      "p50" : 1.21077648E8,
      "p75" : 1.21077648E8,
      "p95" : 1.21077648E8,
      "p98" : 1.21077648E8,
      "p99" : 1.21077648E8,
      "p999" : 1.21077648E8,
      "values" : [ 121077648 ],
      "stddev" : 0.0
    },
    "vm.memory.non-heap.used.window.15m" : {
      "count" : 1,
      "max" : 121077648,
      "mean" : 1.21077648E8,
      "min" : 121077648,
      "p50" : 1.21077648E8,
      "p75" : 1.21077648E8,
      "p95" : 1.21077648E8,
      "p98" : 1.21077648E8,
      "p99" : 1.21077648E8,
      "p999" : 1.21077648E8,
      "values" : [ 121077648 ],
      "stddev" : 0.0
    },
    "vm.memory.non-heap.used.window.1h" : {
      "count" : 1,
      "max" : 121077648,
      "mean" : 1.21077648E8,
      "min" : 121077648,
      "p50" : 1.21077648E8,
      "p75" : 1.21077648E8,
      "p95" : 1.21077648E8,
      "p98" : 1.21077648E8,
      "p99" : 1.21077648E8,
      "p999" : 1.21077648E8,
      "values" : [ 121077648 ],
      "stddev" : 0.0
    },
    "vm.memory.non-heap.used.window.5m" : {
      "count" : 1,
      "max" : 121077648,
      "mean" : 1.21077648E8,
      "min" : 121077648,
      "p50" : 1.21077648E8,
      "p75" : 1.21077648E8,
      "p95" : 1.21077648E8,
      "p98" : 1.21077648E8,
      "p99" : 1.21077648E8,
      "p999" : 1.21077648E8,
      "values" : [ 121077648 ],
      "stddev" : 0.0
    },
    "vm.memory.pools.Code-Cache.committed.history" : {
      "count" : 1,
      "max" : 19070976,
      "mean" : 1.9070976E7,
      "min" : 19070976,
      "p50" : 1.9070976E7,
      "p75" : 1.9070976E7,
      "p95" : 1.9070976E7,
      "p98" : 1.9070976E7,
      "p99" : 1.9070976E7,
      "p999" : 1.9070976E7,
      "values" : [ 19070976 ],
      "stddev" : 0.0
    },
    "vm.memory.pools.Code-Cache.committed.window.15m" : {
      "count" : 1,
      "max" : 19070976,
      "mean" : 1.9070976E7,
      "min" : 19070976,
      "p50" : 1.9070976E7,
      "p75" : 1.9070976E7,
      "p95" : 1.9070976E7,
      "p98" : 1.9070976E7,
      "p99" : 1.9070976E7,
      "p999" : 1.9070976E7,
      "values" : [ 19070976 ],
      "stddev" : 0.0
    },
    "vm.memory.pools.Code-Cache.committed.window.1h" : {
      "count" : 1,
      "max" : 19070976,
      "mean" : 1.9070976E7,
      "min" : 19070976,
      "p50" : 1.9070976E7,
      "p75" : 1.9070976E7,
      "p95" : 1.9070976E7,
      "p98" : 1.9070976E7,
      "p99" : 1.9070976E7,
      "p999" : 1.9070976E7,
      "values" : [ 19070976 ],
      "stddev" : 0.0
    },
    "vm.memory.pools.Code-Cache.committed.window.5m" : {
      "count" : 1,
      "max" : 19070976,
      "mean" : 1.9070976E7,
      "min" : 19070976,
      "p50" : 1.9070976E7,
      "p75" : 1.9070976E7,
      "p95" : 1.9070976E7,
      "p98" : 1.9070976E7,
      "p99" : 1.9070976E7,
      "p999" : 1.9070976E7,
      "values" : [ 19070976 ],
      "stddev" : 0.0
    },
    "vm.memory.pools.Code-Cache.usage.x100.history" : {
      "count" : 1,
      "max" : 7,
      "mean" : 7.0,
      "min" : 7,
      "p50" : 7.0,
      "p75" : 7.0,
      "p95" : 7.0,
      "p98" : 7.0,
      "p99" : 7.0,
      "p999" : 7.0,
      "values" : [ 7 ],
      "stddev" : 0.0
    },
    "vm.memory.pools.Code-Cache.usage.x100.window.15m" : {
      "count" : 1,
      "max" : 7,
      "mean" : 7.0,
      "min" : 7,
      "p50" : 7.0,
      "p75" : 7.0,
      "p95" : 7.0,
      "p98" : 7.0,
      "p99" : 7.0,
      "p999" : 7.0,
      "values" : [ 7 ],
      "stddev" : 0.0
    },
    "vm.memory.pools.Code-Cache.usage.x100.window.1h" : {
      "count" : 1,
      "max" : 7,
      "mean" : 7.0,
      "min" : 7,
      "p50" : 7.0,
      "p75" : 7.0,
      "p95" : 7.0,
      "p98" : 7.0,
      "p99" : 7.0,
      "p999" : 7.0,
      "values" : [ 7 ],
      "stddev" : 0.0
    },
    "vm.memory.pools.Code-Cache.usage.x100.window.5m" : {
      "count" : 1,
      "max" : 7,
      "mean" : 7.0,
      "min" : 7,
      "p50" : 7.0,
      "p75" : 7.0,
      "p95" : 7.0,
      "p98" : 7.0,
      "p99" : 7.0,
      "p999" : 7.0,
      "values" : [ 7 ],
      "stddev" : 0.0
    },
    "vm.memory.pools.Code-Cache.used.history" : {
      "count" : 1,
      "max" : 18851776,
      "mean" : 1.8851776E7,
      "min" : 18851776,
      "p50" : 1.8851776E7,
      "p75" : 1.8851776E7,
      "p95" : 1.8851776E7,
      "p98" : 1.8851776E7,
      "p99" : 1.8851776E7,
      "p999" : 1.8851776E7,
      "values" : [ 18851776 ],
      "stddev" : 0.0
    },
    "vm.memory.pools.Code-Cache.used.window.15m" : {
      "count" : 1,
      "max" : 18851776,
      "mean" : 1.8851776E7,
      "min" : 18851776,
      "p50" : 1.8851776E7,
      "p75" : 1.8851776E7,
      "p95" : 1.8851776E7,
      "p98" : 1.8851776E7,
      "p99" : 1.8851776E7,
      "p999" : 1.8851776E7,
      "values" : [ 18851776 ],
      "stddev" : 0.0
    },
    "vm.memory.pools.Code-Cache.used.window.1h" : {
      "count" : 1,
      "max" : 18851776,
      "mean" : 1.8851776E7,
      "min" : 18851776,
      "p50" : 1.8851776E7,
      "p75" : 1.8851776E7,
      "p95" : 1.8851776E7,
      "p98" : 1.8851776E7,
      "p99" : 1.8851776E7,
      "p999" : 1.8851776E7,
      "values" : [ 18851776 ],
      "stddev" : 0.0
    },
    "vm.memory.pools.Code-Cache.used.window.5m" : {
      "count" : 1,
      "max" : 18851776,
      "mean" : 1.8851776E7,
      "min" : 18851776,
      "p50" : 1.8851776E7,
      "p75" : 1.8851776E7,
      "p95" : 1.8851776E7,
      "p98" : 1.8851776E7,
      "p99" : 1.8851776E7,
      "p999" : 1.8851776E7,
      "values" : [ 18851776 ],
      "stddev" : 0.0
    },
    "vm.memory.pools.Compressed-Class-Space.committed.history" : {
      "count" : 1,
      "max" : 13279232,
      "mean" : 1.3279232E7,
      "min" : 13279232,
      "p50" : 1.3279232E7,
      "p75" : 1.3279232E7,
      "p95" : 1.3279232E7,
      "p98" : 1.3279232E7,
      "p99" : 1.3279232E7,
      "p999" : 1.3279232E7,
      "values" : [ 13279232 ],
      "stddev" : 0.0
    },
    "vm.memory.pools.Compressed-Class-Space.committed.window.15m" : {
      "count" : 1,
      "max" : 13279232,
      "mean" : 1.3279232E7,
      "min" : 13279232,
      "p50" : 1.3279232E7,
      "p75" : 1.3279232E7,
      "p95" : 1.3279232E7,
      "p98" : 1.3279232E7,
      "p99" : 1.3279232E7,
      "p999" : 1.3279232E7,
      "values" : [ 13279232 ],
      "stddev" : 0.0
    },
    "vm.memory.pools.Compressed-Class-Space.committed.window.1h" : {
      "count" : 1,
      "max" : 13279232,
      "mean" : 1.3279232E7,
      "min" : 13279232,
      "p50" : 1.3279232E7,
      "p75" : 1.3279232E7,
      "p95" : 1.3279232E7,
      "p98" : 1.3279232E7,
      "p99" : 1.3279232E7,
      "p999" : 1.3279232E7,
      "values" : [ 13279232 ],
      "stddev" : 0.0
    },
    "vm.memory.pools.Compressed-Class-Space.committed.window.5m" : {
      "count" : 1,
      "max" : 13279232,
      "mean" : 1.3279232E7,
      "min" : 13279232,
      "p50" : 1.3279232E7,
      "p75" : 1.3279232E7,
      "p95" : 1.3279232E7,
      "p98" : 1.3279232E7,
      "p99" : 1.3279232E7,
      "p999" : 1.3279232E7,
      "values" : [ 13279232 ],
      "stddev" : 0.0
    },
    "vm.memory.pools.Compressed-Class-Space.usage.x100.history" : {
      "count" : 1,
      "max" : 1,
      "mean" : 1.0,
      "min" : 1,
      "p50" : 1.0,
      "p75" : 1.0,
      "p95" : 1.0,
      "p98" : 1.0,
      "p99" : 1.0,
      "p999" : 1.0,
      "values" : [ 1 ],
      "stddev" : 0.0
    },
    "vm.memory.pools.Compressed-Class-Space.usage.x100.window.15m" : {
      "count" : 1,
      "max" : 1,
      "mean" : 1.0,
      "min" : 1,
      "p50" : 1.0,
      "p75" : 1.0,
      "p95" : 1.0,
      "p98" : 1.0,
      "p99" : 1.0,
      "p999" : 1.0,
      "values" : [ 1 ],
      "stddev" : 0.0
    },
    "vm.memory.pools.Compressed-Class-Space.usage.x100.window.1h" : {
      "count" : 1,
      "max" : 1,
      "mean" : 1.0,
      "min" : 1,
      "p50" : 1.0,
      "p75" : 1.0,
      "p95" : 1.0,
      "p98" : 1.0,
      "p99" : 1.0,
      "p999" : 1.0,
      "values" : [ 1 ],
      "stddev" : 0.0
    },
    "vm.memory.pools.Compressed-Class-Space.usage.x100.window.5m" : {
      "count" : 1,
      "max" : 1,
      "mean" : 1.0,
      "min" : 1,
      "p50" : 1.0,
      "p75" : 1.0,
      "p95" : 1.0,
      "p98" : 1.0,
      "p99" : 1.0,
      "p999" : 1.0,
      "values" : [ 1 ],
      "stddev" : 0.0
    },
    "vm.memory.pools.Compressed-Class-Space.used.history" : {
      "count" : 1,
      "max" : 10639136,
      "mean" : 1.0639136E7,
      "min" : 10639136,
      "p50" : 1.0639136E7,
      "p75" : 1.0639136E7,
      "p95" : 1.0639136E7,
      "p98" : 1.0639136E7,
      "p99" : 1.0639136E7,
      "p999" : 1.0639136E7,
      "values" : [ 10639136 ],
      "stddev" : 0.0
    },
    "vm.memory.pools.Compressed-Class-Space.used.window.15m" : {
      "count" : 1,
      "max" : 10639136,
      "mean" : 1.0639136E7,
      "min" : 10639136,
      "p50" : 1.0639136E7,
      "p75" : 1.0639136E7,
      "p95" : 1.0639136E7,
      "p98" : 1.0639136E7,
      "p99" : 1.0639136E7,
      "p999" : 1.0639136E7,
      "values" : [ 10639136 ],
      "stddev" : 0.0
    },
    "vm.memory.pools.Compressed-Class-Space.used.window.1h" : {
      "count" : 1,
      "max" : 10639136,
      "mean" : 1.0639136E7,
      "min" : 10639136,
      "p50" : 1.0639136E7,
      "p75" : 1.0639136E7,
      "p95" : 1.0639136E7,
      "p98" : 1.0639136E7,
      "p99" : 1.0639136E7,
      "p999" : 1.0639136E7,
      "values" : [ 10639136 ],
      "stddev" : 0.0
    },
    "vm.memory.pools.Compressed-Class-Space.used.window.5m" : {
      "count" : 1,
      "max" : 10639136,
      "mean" : 1.0639136E7,
      "min" : 10639136,
      "p50" : 1.0639136E7,
      "p75" : 1.0639136E7,
      "p95" : 1.0639136E7,
      "p98" : 1.0639136E7,
      "p99" : 1.0639136E7,
      "p999" : 1.0639136E7,
      "values" : [ 10639136 ],
      "stddev" : 0.0
    },
    "vm.memory.pools.Metaspace.committed.history" : {
      "count" : 1,
      "max" : 101883904,
      "mean" : 1.01883904E8,
      "min" : 101883904,
      "p50" : 1.01883904E8,
      "p75" : 1.01883904E8,
      "p95" : 1.01883904E8,
      "p98" : 1.01883904E8,
      "p99" : 1.01883904E8,
      "p999" : 1.01883904E8,
      "values" : [ 101883904 ],
      "stddev" : 0.0
    },
    "vm.memory.pools.Metaspace.committed.window.15m" : {
      "count" : 1,
      "max" : 101883904,
      "mean" : 1.01883904E8,
      "min" : 101883904,
      "p50" : 1.01883904E8,
      "p75" : 1.01883904E8,
      "p95" : 1.01883904E8,
      "p98" : 1.01883904E8,
      "p99" : 1.01883904E8,
      "p999" : 1.01883904E8,
      "values" : [ 101883904 ],
      "stddev" : 0.0
    },
    "vm.memory.pools.Metaspace.committed.window.1h" : {
      "count" : 1,
      "max" : 101883904,
      "mean" : 1.01883904E8,
      "min" : 101883904,
      "p50" : 1.01883904E8,
      "p75" : 1.01883904E8,
      "p95" : 1.01883904E8,
      "p98" : 1.01883904E8,
      "p99" : 1.01883904E8,
      "p999" : 1.01883904E8,
      "values" : [ 101883904 ],
      "stddev" : 0.0
    },
    "vm.memory.pools.Metaspace.committed.window.5m" : {
      "count" : 1,
      "max" : 101883904,
      "mean" : 1.01883904E8,
      "min" : 101883904,
      "p50" : 1.01883904E8,
      "p75" : 1.01883904E8,
      "p95" : 1.01883904E8,
      "p98" : 1.01883904E8,
      "p99" : 1.01883904E8,
      "p999" : 1.01883904E8,
      "values" : [ 101883904 ],
      "stddev" : 0.0
    },
    "vm.memory.pools.Metaspace.usage.x100.history" : {
      "count" : 1,
      "max" : 90,
      "mean" : 90.0,
      "min" : 90,
      "p50" : 90.0,
      "p75" : 90.0,
      "p95" : 90.0,
      "p98" : 90.0,
      "p99" : 90.0,
      "p999" : 90.0,
      "values" : [ 90 ],
      "stddev" : 0.0
    },
    "vm.memory.pools.Metaspace.usage.x100.window.15m" : {
      "count" : 1,
      "max" : 90,
      "mean" : 90.0,
      "min" : 90,
      "p50" : 90.0,
      "p75" : 90.0,
      "p95" : 90.0,
      "p98" : 90.0,
      "p99" : 90.0,
      "p999" : 90.0,
      "values" : [ 90 ],
      "stddev" : 0.0
    },
    "vm.memory.pools.Metaspace.usage.x100.window.1h" : {
      "count" : 1,
      "max" : 90,
      "mean" : 90.0,
      "min" : 90,
      "p50" : 90.0,
      "p75" : 90.0,
      "p95" : 90.0,
      "p98" : 90.0,
      "p99" : 90.0,
      "p999" : 90.0,
      "values" : [ 90 ],
      "stddev" : 0.0
    },
    "vm.memory.pools.Metaspace.usage.x100.window.5m" : {
      "count" : 1,
      "max" : 90,
      "mean" : 90.0,
      "min" : 90,
      "p50" : 90.0,
      "p75" : 90.0,
      "p95" : 90.0,
      "p98" : 90.0,
      "p99" : 90.0,
      "p999" : 90.0,
      "values" : [ 90 ],
      "stddev" : 0.0
    },
    "vm.memory.pools.Metaspace.used.history" : {
      "count" : 1,
      "max" : 91586960,
      "mean" : 9.158696E7,
      "min" : 91586960,
      "p50" : 9.158696E7,
      "p75" : 9.158696E7,
      "p95" : 9.158696E7,
      "p98" : 9.158696E7,
      "p99" : 9.158696E7,
      "p999" : 9.158696E7,
      "values" : [ 91586960 ],
      "stddev" : 0.0
    },
    "vm.memory.pools.Metaspace.used.window.15m" : {
      "count" : 1,
      "max" : 91586960,
      "mean" : 9.158696E7,
      "min" : 91586960,
      "p50" : 9.158696E7,
      "p75" : 9.158696E7,
      "p95" : 9.158696E7,
      "p98" : 9.158696E7,
      "p99" : 9.158696E7,
      "p999" : 9.158696E7,
      "values" : [ 91586960 ],
      "stddev" : 0.0
    },
    "vm.memory.pools.Metaspace.used.window.1h" : {
      "count" : 1,
      "max" : 91586960,
      "mean" : 9.158696E7,
      "min" : 91586960,
      "p50" : 9.158696E7,
      "p75" : 9.158696E7,
      "p95" : 9.158696E7,
      "p98" : 9.158696E7,
      "p99" : 9.158696E7,
      "p999" : 9.158696E7,
      "values" : [ 91586960 ],
      "stddev" : 0.0
    },
    "vm.memory.pools.Metaspace.used.window.5m" : {
      "count" : 1,
      "max" : 91586960,
      "mean" : 9.158696E7,
      "min" : 91586960,
      "p50" : 9.158696E7,
      "p75" : 9.158696E7,
      "p95" : 9.158696E7,
      "p98" : 9.158696E7,
      "p99" : 9.158696E7,
      "p999" : 9.158696E7,
      "values" : [ 91586960 ],
      "stddev" : 0.0
    },
    "vm.memory.pools.PS-Eden-Space.committed.history" : {
      "count" : 1,
      "max" : 288358400,
      "mean" : 2.883584E8,
      "min" : 288358400,
      "p50" : 2.883584E8,
      "p75" : 2.883584E8,
      "p95" : 2.883584E8,
      "p98" : 2.883584E8,
      "p99" : 2.883584E8,
      "p999" : 2.883584E8,
      "values" : [ 288358400 ],
      "stddev" : 0.0
    },
    "vm.memory.pools.PS-Eden-Space.committed.window.15m" : {
      "count" : 1,
      "max" : 288358400,
      "mean" : 2.883584E8,
      "min" : 288358400,
      "p50" : 2.883584E8,
      "p75" : 2.883584E8,
      "p95" : 2.883584E8,
      "p98" : 2.883584E8,
      "p99" : 2.883584E8,
      "p999" : 2.883584E8,
      "values" : [ 288358400 ],
      "stddev" : 0.0
    },
    "vm.memory.pools.PS-Eden-Space.committed.window.1h" : {
      "count" : 1,
      "max" : 288358400,
      "mean" : 2.883584E8,
      "min" : 288358400,
      "p50" : 2.883584E8,
      "p75" : 2.883584E8,
      "p95" : 2.883584E8,
      "p98" : 2.883584E8,
      "p99" : 2.883584E8,
      "p999" : 2.883584E8,
      "values" : [ 288358400 ],
      "stddev" : 0.0
    },
    "vm.memory.pools.PS-Eden-Space.committed.window.5m" : {
      "count" : 1,
      "max" : 288358400,
      "mean" : 2.883584E8,
      "min" : 288358400,
      "p50" : 2.883584E8,
      "p75" : 2.883584E8,
      "p95" : 2.883584E8,
      "p98" : 2.883584E8,
      "p99" : 2.883584E8,
      "p999" : 2.883584E8,
      "values" : [ 288358400 ],
      "stddev" : 0.0
    },
    "vm.memory.pools.PS-Eden-Space.usage.x100.history" : {
      "count" : 1,
      "max" : 11,
      "mean" : 11.0,
      "min" : 11,
      "p50" : 11.0,
      "p75" : 11.0,
      "p95" : 11.0,
      "p98" : 11.0,
      "p99" : 11.0,
      "p999" : 11.0,
      "values" : [ 11 ],
      "stddev" : 0.0
    },
    "vm.memory.pools.PS-Eden-Space.usage.x100.window.15m" : {
      "count" : 1,
      "max" : 11,
      "mean" : 11.0,
      "min" : 11,
      "p50" : 11.0,
      "p75" : 11.0,
      "p95" : 11.0,
      "p98" : 11.0,
      "p99" : 11.0,
      "p999" : 11.0,
      "values" : [ 11 ],
      "stddev" : 0.0
    },
    "vm.memory.pools.PS-Eden-Space.usage.x100.window.1h" : {
      "count" : 1,
      "max" : 11,
      "mean" : 11.0,
      "min" : 11,
      "p50" : 11.0,
      "p75" : 11.0,
      "p95" : 11.0,
      "p98" : 11.0,
      "p99" : 11.0,
      "p999" : 11.0,
      "values" : [ 11 ],
      "stddev" : 0.0
    },
    "vm.memory.pools.PS-Eden-Space.usage.x100.window.5m" : {
      "count" : 1,
      "max" : 11,
      "mean" : 11.0,
      "min" : 11,
      "p50" : 11.0,
      "p75" : 11.0,
      "p95" : 11.0,
      "p98" : 11.0,
      "p99" : 11.0,
      "p999" : 11.0,
      "values" : [ 11 ],
      "stddev" : 0.0
    },
    "vm.memory.pools.PS-Eden-Space.used.history" : {
      "count" : 1,
      "max" : 31308088,
      "mean" : 3.1308088E7,
      "min" : 31308088,
      "p50" : 3.1308088E7,
      "p75" : 3.1308088E7,
      "p95" : 3.1308088E7,
      "p98" : 3.1308088E7,
      "p99" : 3.1308088E7,
      "p999" : 3.1308088E7,
      "values" : [ 31308088 ],
      "stddev" : 0.0
    },
    "vm.memory.pools.PS-Eden-Space.used.window.15m" : {
      "count" : 1,
      "max" : 31308088,
      "mean" : 3.1308088E7,
      "min" : 31308088,
      "p50" : 3.1308088E7,
      "p75" : 3.1308088E7,
      "p95" : 3.1308088E7,
      "p98" : 3.1308088E7,
      "p99" : 3.1308088E7,
      "p999" : 3.1308088E7,
      "values" : [ 31308088 ],
      "stddev" : 0.0
    },
    "vm.memory.pools.PS-Eden-Space.used.window.1h" : {
      "count" : 1,
      "max" : 31308088,
      "mean" : 3.1308088E7,
      "min" : 31308088,
      "p50" : 3.1308088E7,
      "p75" : 3.1308088E7,
      "p95" : 3.1308088E7,
      "p98" : 3.1308088E7,
      "p99" : 3.1308088E7,
      "p999" : 3.1308088E7,
      "values" : [ 31308088 ],
      "stddev" : 0.0
    },
    "vm.memory.pools.PS-Eden-Space.used.window.5m" : {
      "count" : 1,
      "max" : 31308088,
      "mean" : 3.1308088E7,
      "min" : 31308088,
      "p50" : 3.1308088E7,
      "p75" : 3.1308088E7,
      "p95" : 3.1308088E7,
      "p98" : 3.1308088E7,
      "p99" : 3.1308088E7,
      "p999" : 3.1308088E7,
      "values" : [ 31308088 ],
      "stddev" : 0.0
    },
    "vm.memory.pools.PS-Old-Gen.committed.history" : {
      "count" : 1,
      "max" : 133169152,
      "mean" : 1.33169152E8,
      "min" : 133169152,
      "p50" : 1.33169152E8,
      "p75" : 1.33169152E8,
      "p95" : 1.33169152E8,
      "p98" : 1.33169152E8,
      "p99" : 1.33169152E8,
      "p999" : 1.33169152E8,
      "values" : [ 133169152 ],
      "stddev" : 0.0
    },
    "vm.memory.pools.PS-Old-Gen.committed.window.15m" : {
      "count" : 1,
      "max" : 133169152,
      "mean" : 1.33169152E8,
      "min" : 133169152,
      "p50" : 1.33169152E8,
      "p75" : 1.33169152E8,
      "p95" : 1.33169152E8,
      "p98" : 1.33169152E8,
      "p99" : 1.33169152E8,
      "p999" : 1.33169152E8,
      "values" : [ 133169152 ],
      "stddev" : 0.0
    },
    "vm.memory.pools.PS-Old-Gen.committed.window.1h" : {
      "count" : 1,
      "max" : 133169152,
      "mean" : 1.33169152E8,
      "min" : 133169152,
      "p50" : 1.33169152E8,
      "p75" : 1.33169152E8,
      "p95" : 1.33169152E8,
      "p98" : 1.33169152E8,
      "p99" : 1.33169152E8,
      "p999" : 1.33169152E8,
      "values" : [ 133169152 ],
      "stddev" : 0.0
    },
    "vm.memory.pools.PS-Old-Gen.committed.window.5m" : {
      "count" : 1,
      "max" : 133169152,
      "mean" : 1.33169152E8,
      "min" : 133169152,
      "p50" : 1.33169152E8,
      "p75" : 1.33169152E8,
      "p95" : 1.33169152E8,
      "p98" : 1.33169152E8,
      "p99" : 1.33169152E8,
      "p999" : 1.33169152E8,
      "values" : [ 133169152 ],
      "stddev" : 0.0
    },
    "vm.memory.pools.PS-Old-Gen.usage.x100.history" : {
      "count" : 1,
      "max" : 10,
      "mean" : 10.0,
      "min" : 10,
      "p50" : 10.0,
      "p75" : 10.0,
      "p95" : 10.0,
      "p98" : 10.0,
      "p99" : 10.0,
      "p999" : 10.0,
      "values" : [ 10 ],
      "stddev" : 0.0
    },
    "vm.memory.pools.PS-Old-Gen.usage.x100.window.15m" : {
      "count" : 1,
      "max" : 10,
      "mean" : 10.0,
      "min" : 10,
      "p50" : 10.0,
      "p75" : 10.0,
      "p95" : 10.0,
      "p98" : 10.0,
      "p99" : 10.0,
      "p999" : 10.0,
      "values" : [ 10 ],
      "stddev" : 0.0
    },
    "vm.memory.pools.PS-Old-Gen.usage.x100.window.1h" : {
      "count" : 1,
      "max" : 10,
      "mean" : 10.0,
      "min" : 10,
      "p50" : 10.0,
      "p75" : 10.0,
      "p95" : 10.0,
      "p98" : 10.0,
      "p99" : 10.0,
      "p999" : 10.0,
      "values" : [ 10 ],
      "stddev" : 0.0
    },
    "vm.memory.pools.PS-Old-Gen.usage.x100.window.5m" : {
      "count" : 1,
      "max" : 10,
      "mean" : 10.0,
      "min" : 10,
      "p50" : 10.0,
      "p75" : 10.0,
      "p95" : 10.0,
      "p98" : 10.0,
      "p99" : 10.0,
      "p999" : 10.0,
      "values" : [ 10 ],
      "stddev" : 0.0
    },
    "vm.memory.pools.PS-Old-Gen.used.history" : {
      "count" : 1,
      "max" : 64108200,
      "mean" : 6.41082E7,
      "min" : 64108200,
      "p50" : 6.41082E7,
      "p75" : 6.41082E7,
      "p95" : 6.41082E7,
      "p98" : 6.41082E7,
      "p99" : 6.41082E7,
      "p999" : 6.41082E7,
      "values" : [ 64108200 ],
      "stddev" : 0.0
    },
    "vm.memory.pools.PS-Old-Gen.used.window.15m" : {
      "count" : 1,
      "max" : 64108200,
      "mean" : 6.41082E7,
      "min" : 64108200,
      "p50" : 6.41082E7,
      "p75" : 6.41082E7,
      "p95" : 6.41082E7,
      "p98" : 6.41082E7,
      "p99" : 6.41082E7,
      "p999" : 6.41082E7,
      "values" : [ 64108200 ],
      "stddev" : 0.0
    },
    "vm.memory.pools.PS-Old-Gen.used.window.1h" : {
      "count" : 1,
      "max" : 64108200,
      "mean" : 6.41082E7,
      "min" : 64108200,
      "p50" : 6.41082E7,
      "p75" : 6.41082E7,
      "p95" : 6.41082E7,
      "p98" : 6.41082E7,
      "p99" : 6.41082E7,
      "p999" : 6.41082E7,
      "values" : [ 64108200 ],
      "stddev" : 0.0
    },
    "vm.memory.pools.PS-Old-Gen.used.window.5m" : {
      "count" : 1,
      "max" : 64108200,
      "mean" : 6.41082E7,
      "min" : 64108200,
      "p50" : 6.41082E7,
      "p75" : 6.41082E7,
      "p95" : 6.41082E7,
      "p98" : 6.41082E7,
      "p99" : 6.41082E7,
      "p999" : 6.41082E7,
      "values" : [ 64108200 ],
      "stddev" : 0.0
    },
    "vm.memory.pools.PS-Survivor-Space.committed.history" : {
      "count" : 1,
      "max" : 17301504,
      "mean" : 1.7301504E7,
      "min" : 17301504,
      "p50" : 1.7301504E7,
      "p75" : 1.7301504E7,
      "p95" : 1.7301504E7,
      "p98" : 1.7301504E7,
      "p99" : 1.7301504E7,
      "p999" : 1.7301504E7,
      "values" : [ 17301504 ],
      "stddev" : 0.0
    },
    "vm.memory.pools.PS-Survivor-Space.committed.window.15m" : {
      "count" : 1,
      "max" : 17301504,
      "mean" : 1.7301504E7,
      "min" : 17301504,
      "p50" : 1.7301504E7,
      "p75" : 1.7301504E7,
      "p95" : 1.7301504E7,
      "p98" : 1.7301504E7,
      "p99" : 1.7301504E7,
      "p999" : 1.7301504E7,
      "values" : [ 17301504 ],
      "stddev" : 0.0
    },
    "vm.memory.pools.PS-Survivor-Space.committed.window.1h" : {
      "count" : 1,
      "max" : 17301504,
      "mean" : 1.7301504E7,
      "min" : 17301504,
      "p50" : 1.7301504E7,
      "p75" : 1.7301504E7,
      "p95" : 1.7301504E7,
      "p98" : 1.7301504E7,
      "p99" : 1.7301504E7,
      "p999" : 1.7301504E7,
      "values" : [ 17301504 ],
      "stddev" : 0.0
    },
    "vm.memory.pools.PS-Survivor-Space.committed.window.5m" : {
      "count" : 1,
      "max" : 17301504,
      "mean" : 1.7301504E7,
      "min" : 17301504,
      "p50" : 1.7301504E7,
      "p75" : 1.7301504E7,
      "p95" : 1.7301504E7,
      "p98" : 1.7301504E7,
      "p99" : 1.7301504E7,
      "p999" : 1.7301504E7,
      "values" : [ 17301504 ],
      "stddev" : 0.0
    },
    "vm.memory.pools.PS-Survivor-Space.usage.x100.history" : {
      "count" : 1,
      "max" : 1,
      "mean" : 1.0,
      "min" : 1,
      "p50" : 1.0,
      "p75" : 1.0,
      "p95" : 1.0,
      "p98" : 1.0,
      "p99" : 1.0,
      "p999" : 1.0,
      "values" : [ 1 ],
      "stddev" : 0.0
    },
    "vm.memory.pools.PS-Survivor-Space.usage.x100.window.15m" : {
      "count" : 1,
      "max" : 1,
      "mean" : 1.0,
      "min" : 1,
      "p50" : 1.0,
      "p75" : 1.0,
      "p95" : 1.0,
      "p98" : 1.0,
      "p99" : 1.0,
      "p999" : 1.0,
      "values" : [ 1 ],
      "stddev" : 0.0
    },
    "vm.memory.pools.PS-Survivor-Space.usage.x100.window.1h" : {
      "count" : 1,
      "max" : 1,
      "mean" : 1.0,
      "min" : 1,
      "p50" : 1.0,
      "p75" : 1.0,
      "p95" : 1.0,
      "p98" : 1.0,
      "p99" : 1.0,
      "p999" : 1.0,
      "values" : [ 1 ],
      "stddev" : 0.0
    },
    "vm.memory.pools.PS-Survivor-Space.usage.x100.window.5m" : {
      "count" : 1,
      "max" : 1,
      "mean" : 1.0,
      "min" : 1,
      "p50" : 1.0,
      "p75" : 1.0,
      "p95" : 1.0,
      "p98" : 1.0,
      "p99" : 1.0,
      "p999" : 1.0,
      "values" : [ 1 ],
      "stddev" : 0.0
    },
    "vm.memory.pools.PS-Survivor-Space.used.history" : {
      "count" : 1,
      "max" : 196608,
      "mean" : 196608.0,
      "min" : 196608,
      "p50" : 196608.0,
      "p75" : 196608.0,
      "p95" : 196608.0,
      "p98" : 196608.0,
      "p99" : 196608.0,
      "p999" : 196608.0,
      "values" : [ 196608 ],
      "stddev" : 0.0
    },
    "vm.memory.pools.PS-Survivor-Space.used.window.15m" : {
      "count" : 1,
      "max" : 196608,
      "mean" : 196608.0,
      "min" : 196608,
      "p50" : 196608.0,
      "p75" : 196608.0,
      "p95" : 196608.0,
      "p98" : 196608.0,
      "p99" : 196608.0,
      "p999" : 196608.0,
      "values" : [ 196608 ],
      "stddev" : 0.0
    },
    "vm.memory.pools.PS-Survivor-Space.used.window.1h" : {
      "count" : 1,
      "max" : 196608,
      "mean" : 196608.0,
      "min" : 196608,
      "p50" : 196608.0,
      "p75" : 196608.0,
      "p95" : 196608.0,
      "p98" : 196608.0,
      "p99" : 196608.0,
      "p999" : 196608.0,
      "values" : [ 196608 ],
      "stddev" : 0.0
    },
    "vm.memory.pools.PS-Survivor-Space.used.window.5m" : {
      "count" : 1,
      "max" : 196608,
      "mean" : 196608.0,
      "min" : 196608,
      "p50" : 196608.0,
      "p75" : 196608.0,
      "p95" : 196608.0,
      "p98" : 196608.0,
      "p99" : 196608.0,
      "p999" : 196608.0,
      "values" : [ 196608 ],
      "stddev" : 0.0
    },
    "vm.memory.total.committed.history" : {
      "count" : 1,
      "max" : 573063168,
      "mean" : 5.73063168E8,
      "min" : 573063168,
      "p50" : 5.73063168E8,
      "p75" : 5.73063168E8,
      "p95" : 5.73063168E8,
      "p98" : 5.73063168E8,
      "p99" : 5.73063168E8,
      "p999" : 5.73063168E8,
      "values" : [ 573063168 ],
      "stddev" : 0.0
    },
    "vm.memory.total.committed.window.15m" : {
      "count" : 1,
      "max" : 573063168,
      "mean" : 5.73063168E8,
      "min" : 573063168,
      "p50" : 5.73063168E8,
      "p75" : 5.73063168E8,
      "p95" : 5.73063168E8,
      "p98" : 5.73063168E8,
      "p99" : 5.73063168E8,
      "p999" : 5.73063168E8,
      "values" : [ 573063168 ],
      "stddev" : 0.0
    },
    "vm.memory.total.committed.window.1h" : {
      "count" : 1,
      "max" : 573063168,
      "mean" : 5.73063168E8,
      "min" : 573063168,
      "p50" : 5.73063168E8,
      "p75" : 5.73063168E8,
      "p95" : 5.73063168E8,
      "p98" : 5.73063168E8,
      "p99" : 5.73063168E8,
      "p999" : 5.73063168E8,
      "values" : [ 573063168 ],
      "stddev" : 0.0
    },
    "vm.memory.total.committed.window.5m" : {
      "count" : 1,
      "max" : 573063168,
      "mean" : 5.73063168E8,
      "min" : 573063168,
      "p50" : 5.73063168E8,
      "p75" : 5.73063168E8,
      "p95" : 5.73063168E8,
      "p98" : 5.73063168E8,
      "p99" : 5.73063168E8,
      "p999" : 5.73063168E8,
      "values" : [ 573063168 ],
      "stddev" : 0.0
    },
    "vm.memory.total.used.history" : {
      "count" : 1,
      "max" : 216690896,
      "mean" : 2.16690896E8,
      "min" : 216690896,
      "p50" : 2.16690896E8,
      "p75" : 2.16690896E8,
      "p95" : 2.16690896E8,
      "p98" : 2.16690896E8,
      "p99" : 2.16690896E8,
      "p999" : 2.16690896E8,
      "values" : [ 216690896 ],
      "stddev" : 0.0
    },
    "vm.memory.total.used.window.15m" : {
      "count" : 1,
      "max" : 216690896,
      "mean" : 2.16690896E8,
      "min" : 216690896,
      "p50" : 2.16690896E8,
      "p75" : 2.16690896E8,
      "p95" : 2.16690896E8,
      "p98" : 2.16690896E8,
      "p99" : 2.16690896E8,
      "p999" : 2.16690896E8,
      "values" : [ 216690896 ],
      "stddev" : 0.0
    },
    "vm.memory.total.used.window.1h" : {
      "count" : 1,
      "max" : 216690896,
      "mean" : 2.16690896E8,
      "min" : 216690896,
      "p50" : 2.16690896E8,
      "p75" : 2.16690896E8,
      "p95" : 2.16690896E8,
      "p98" : 2.16690896E8,
      "p99" : 2.16690896E8,
      "p999" : 2.16690896E8,
      "values" : [ 216690896 ],
      "stddev" : 0.0
    },
    "vm.memory.total.used.window.5m" : {
      "count" : 1,
      "max" : 216690896,
      "mean" : 2.16690896E8,
      "min" : 216690896,
      "p50" : 2.16690896E8,
      "p75" : 2.16690896E8,
      "p95" : 2.16690896E8,
      "p98" : 2.16690896E8,
      "p99" : 2.16690896E8,
      "p999" : 2.16690896E8,
      "values" : [ 216690896 ],
      "stddev" : 0.0
    }
  },
  "meters" : {
    "http.responseCodes.badRequest" : {
      "count" : 0,
      "m15_rate" : 0.0,
      "m1_rate" : 0.0,
      "m5_rate" : 0.0,
      "mean_rate" : 0.0,
      "units" : "events/minute"
    },
    "http.responseCodes.created" : {
      "count" : 0,
      "m15_rate" : 0.0,
      "m1_rate" : 0.0,
      "m5_rate" : 0.0,
      "mean_rate" : 0.0,
      "units" : "events/minute"
    },
    "http.responseCodes.forbidden" : {
      "count" : 0,
      "m15_rate" : 0.0,
      "m1_rate" : 0.0,
      "m5_rate" : 0.0,
      "mean_rate" : 0.0,
      "units" : "events/minute"
    },
    "http.responseCodes.noContent" : {
      "count" : 0,
      "m15_rate" : 0.0,
      "m1_rate" : 0.0,
      "m5_rate" : 0.0,
      "mean_rate" : 0.0,
      "units" : "events/minute"
    },
    "http.responseCodes.notFound" : {
      "count" : 0,
      "m15_rate" : 0.0,
      "m1_rate" : 0.0,
      "m5_rate" : 0.0,
      "mean_rate" : 0.0,
      "units" : "events/minute"
    },
    "http.responseCodes.notModified" : {
      "count" : 0,
      "m15_rate" : 0.0,
      "m1_rate" : 0.0,
      "m5_rate" : 0.0,
      "mean_rate" : 0.0,
      "units" : "events/minute"
    },
    "http.responseCodes.ok" : {
      "count" : 0,
      "m15_rate" : 0.0,
      "m1_rate" : 0.0,
      "m5_rate" : 0.0,
      "mean_rate" : 0.0,
      "units" : "events/minute"
    },
    "http.responseCodes.other" : {
      "count" : 0,
      "m15_rate" : 0.0,
      "m1_rate" : 0.0,
      "m5_rate" : 0.0,
      "mean_rate" : 0.0,
      "units" : "events/minute"
    },
    "http.responseCodes.serverError" : {
      "count" : 0,
      "m15_rate" : 0.0,
      "m1_rate" : 0.0,
      "m5_rate" : 0.0,
      "mean_rate" : 0.0,
      "units" : "events/minute"
    },
    "http.responseCodes.serviceUnavailable" : {
      "count" : 0,
      "m15_rate" : 0.0,
      "m1_rate" : 0.0,
      "m5_rate" : 0.0,
      "mean_rate" : 0.0,
      "units" : "events/minute"
    },
    "jenkins.job.scheduled" : {
      "count" : 0,
      "m15_rate" : 0.0,
      "m1_rate" : 0.0,
      "m5_rate" : 0.0,
      "mean_rate" : 0.0,
      "units" : "events/minute"
    },
    "jenkins.runs.aborted" : {
      "count" : 0,
      "m15_rate" : 0.0,
      "m1_rate" : 0.0,
      "m5_rate" : 0.0,
      "mean_rate" : 0.0,
      "units" : "events/minute"
    },
    "jenkins.runs.failure" : {
      "count" : 0,
      "m15_rate" : 0.0,
      "m1_rate" : 0.0,
      "m5_rate" : 0.0,
      "mean_rate" : 0.0,
      "units" : "events/minute"
    },
    "jenkins.runs.not_built" : {
      "count" : 0,
      "m15_rate" : 0.0,
      "m1_rate" : 0.0,
      "m5_rate" : 0.0,
      "mean_rate" : 0.0,
      "units" : "events/minute"
    },
    "jenkins.runs.success" : {
      "count" : 0,
      "m15_rate" : 0.0,
      "m1_rate" : 0.0,
      "m5_rate" : 0.0,
      "mean_rate" : 0.0,
      "units" : "events/minute"
    },
    "jenkins.runs.total" : {
      "count" : 0,
      "m15_rate" : 0.0,
      "m1_rate" : 0.0,
      "m5_rate" : 0.0,
      "mean_rate" : 0.0,
      "units" : "events/minute"
    },
    "jenkins.runs.unstable" : {
      "count" : 0,
      "m15_rate" : 0.0,
      "m1_rate" : 0.0,
      "m5_rate" : 0.0,
      "mean_rate" : 0.0,
      "units" : "events/minute"
    },
    "jenkins.task.scheduled" : {
      "count" : 0,
      "m15_rate" : 0.0,
      "m1_rate" : 0.0,
      "m5_rate" : 0.0,
      "mean_rate" : 0.0,
      "units" : "events/minute"
    }
  },
  "timers" : {
    "http.requests" : {
      "count" : 0,
      "max" : 0.0,
      "mean" : 0.0,
      "min" : 0.0,
      "p50" : 0.0,
      "p75" : 0.0,
      "p95" : 0.0,
      "p98" : 0.0,
      "p99" : 0.0,
      "p999" : 0.0,
      "values" : [ ],
      "stddev" : 0.0,
      "m15_rate" : 0.0,
      "m1_rate" : 0.0,
      "m5_rate" : 0.0,
      "mean_rate" : 0.0,
      "duration_units" : "seconds",
      "rate_units" : "calls/minute"
    },
    "jenkins.health-check.duration" : {
      "count" : 0,
      "max" : 0.0,
      "mean" : 0.0,
      "min" : 0.0,
      "p50" : 0.0,
      "p75" : 0.0,
      "p95" : 0.0,
      "p98" : 0.0,
      "p99" : 0.0,
      "p999" : 0.0,
      "values" : [ ],
      "stddev" : 0.0,
      "m15_rate" : 0.0,
      "m1_rate" : 0.0,
      "m5_rate" : 0.0,
      "mean_rate" : 0.0,
      "duration_units" : "seconds",
      "rate_units" : "calls/minute"
    },
    "jenkins.job.blocked.duration" : {
      "count" : 0,
      "max" : 0.0,
      "mean" : 0.0,
      "min" : 0.0,
      "p50" : 0.0,
      "p75" : 0.0,
      "p95" : 0.0,
      "p98" : 0.0,
      "p99" : 0.0,
      "p999" : 0.0,
      "values" : [ ],
      "stddev" : 0.0,
      "m15_rate" : 0.0,
      "m1_rate" : 0.0,
      "m5_rate" : 0.0,
      "mean_rate" : 0.0,
      "duration_units" : "seconds",
      "rate_units" : "calls/minute"
    },
    "jenkins.job.buildable.duration" : {
      "count" : 0,
      "max" : 0.0,
      "mean" : 0.0,
      "min" : 0.0,
      "p50" : 0.0,
      "p75" : 0.0,
      "p95" : 0.0,
      "p98" : 0.0,
      "p99" : 0.0,
      "p999" : 0.0,
      "values" : [ ],
      "stddev" : 0.0,
      "m15_rate" : 0.0,
      "m1_rate" : 0.0,
      "m5_rate" : 0.0,
      "mean_rate" : 0.0,
      "duration_units" : "seconds",
      "rate_units" : "calls/minute"
    },
    "jenkins.job.building.duration" : {
      "count" : 0,
      "max" : 0.0,
      "mean" : 0.0,
      "min" : 0.0,
      "p50" : 0.0,
      "p75" : 0.0,
      "p95" : 0.0,
      "p98" : 0.0,
      "p99" : 0.0,
      "p999" : 0.0,
      "values" : [ ],
      "stddev" : 0.0,
      "m15_rate" : 0.0,
      "m1_rate" : 0.0,
      "m5_rate" : 0.0,
      "mean_rate" : 0.0,
      "duration_units" : "seconds",
      "rate_units" : "calls/minute"
    },
    "jenkins.job.execution.time" : {
      "count" : 0,
      "max" : 0.0,
      "mean" : 0.0,
      "min" : 0.0,
      "p50" : 0.0,
      "p75" : 0.0,
      "p95" : 0.0,
      "p98" : 0.0,
      "p99" : 0.0,
      "p999" : 0.0,
      "values" : [ ],
      "stddev" : 0.0,
      "m15_rate" : 0.0,
      "m1_rate" : 0.0,
      "m5_rate" : 0.0,
      "mean_rate" : 0.0,
      "duration_units" : "seconds",
      "rate_units" : "calls/minute"
    },
    "jenkins.job.queuing.duration" : {
      "count" : 0,
      "max" : 0.0,
      "mean" : 0.0,
      "min" : 0.0,
      "p50" : 0.0,
      "p75" : 0.0,
      "p95" : 0.0,
      "p98" : 0.0,
      "p99" : 0.0,
      "p999" : 0.0,
      "values" : [ ],
      "stddev" : 0.0,
      "m15_rate" : 0.0,
      "m1_rate" : 0.0,
      "m5_rate" : 0.0,
      "mean_rate" : 0.0,
      "duration_units" : "seconds",
      "rate_units" : "calls/minute"
    },
    "jenkins.job.total.duration" : {
      "count" : 0,
      "max" : 0.0,
      "mean" : 0.0,
      "min" : 0.0,
      "p50" : 0.0,
      "p75" : 0.0,
      "p95" : 0.0,
      "p98" : 0.0,
      "p99" : 0.0,
      "p999" : 0.0,
      "values" : [ ],
      "stddev" : 0.0,
      "m15_rate" : 0.0,
      "m1_rate" : 0.0,
      "m5_rate" : 0.0,
      "mean_rate" : 0.0,
      "duration_units" : "seconds",
      "rate_units" : "calls/minute"
    },
    "jenkins.job.waiting.duration" : {
      "count" : 0,
      "max" : 0.0,
      "mean" : 0.0,
      "min" : 0.0,
      "p50" : 0.0,
      "p75" : 0.0,
      "p95" : 0.0,
      "p98" : 0.0,
      "p99" : 0.0,
      "p999" : 0.0,
      "values" : [ ],
      "stddev" : 0.0,
      "m15_rate" : 0.0,
      "m1_rate" : 0.0,
      "m5_rate" : 0.0,
      "mean_rate" : 0.0,
      "duration_units" : "seconds",
      "rate_units" : "calls/minute"
    },
    "jenkins.node.python.builds" : {
      "count" : 0,
      "max" : 0.0,
      "mean" : 0.0,
      "min" : 0.0,
      "p50" : 0.0,
      "p75" : 0.0,
      "p95" : 0.0,
      "p98" : 0.0,
      "p99" : 0.0,
      "p999" : 0.0,
      "values" : [ ],
      "stddev" : 0.0,
      "m15_rate" : 0.0,
      "m1_rate" : 0.0,
      "m5_rate" : 0.0,
      "mean_rate" : 0.0,
      "duration_units" : "seconds",
      "rate_units" : "calls/minute"
    },
    "jenkins.task.blocked.duration" : {
      "count" : 0,
      "max" : 0.0,
      "mean" : 0.0,
      "min" : 0.0,
      "p50" : 0.0,
      "p75" : 0.0,
      "p95" : 0.0,
      "p98" : 0.0,
      "p99" : 0.0,
      "p999" : 0.0,
      "values" : [ ],
      "stddev" : 0.0,
      "m15_rate" : 0.0,
      "m1_rate" : 0.0,
      "m5_rate" : 0.0,
      "mean_rate" : 0.0,
      "duration_units" : "seconds",
      "rate_units" : "calls/minute"
    },
    "jenkins.task.buildable.duration" : {
      "count" : 0,
      "max" : 0.0,
      "mean" : 0.0,
      "min" : 0.0,
      "p50" : 0.0,
      "p75" : 0.0,
      "p95" : 0.0,
      "p98" : 0.0,
      "p99" : 0.0,
      "p999" : 0.0,
      "values" : [ ],
      "stddev" : 0.0,
      "m15_rate" : 0.0,
      "m1_rate" : 0.0,
      "m5_rate" : 0.0,
      "mean_rate" : 0.0,
      "duration_units" : "seconds",
      "rate_units" : "calls/minute"
    },
    "jenkins.task.execution.duration" : {
      "count" : 0,
      "max" : 0.0,
      "mean" : 0.0,
      "min" : 0.0,
      "p50" : 0.0,
      "p75" : 0.0,
      "p95" : 0.0,
      "p98" : 0.0,
      "p99" : 0.0,
      "p999" : 0.0,
      "values" : [ ],
      "stddev" : 0.0,
      "m15_rate" : 0.0,
      "m1_rate" : 0.0,
      "m5_rate" : 0.0,
      "mean_rate" : 0.0,
      "duration_units" : "seconds",
      "rate_units" : "calls/minute"
    },
    "jenkins.task.queuing.duration" : {
      "count" : 0,
      "max" : 0.0,
      "mean" : 0.0,
      "min" : 0.0,
      "p50" : 0.0,
      "p75" : 0.0,
      "p95" : 0.0,
      "p98" : 0.0,
      "p99" : 0.0,
      "p999" : 0.0,
      "values" : [ ],
      "stddev" : 0.0,
      "m15_rate" : 0.0,
      "m1_rate" : 0.0,
      "m5_rate" : 0.0,
      "mean_rate" : 0.0,
      "duration_units" : "seconds",
      "rate_units" : "calls/minute"
    },
    "jenkins.task.waiting.duration" : {
      "count" : 0,
      "max" : 0.0,
      "mean" : 0.0,
      "min" : 0.0,
      "p50" : 0.0,
      "p75" : 0.0,
      "p95" : 0.0,
      "p98" : 0.0,
      "p99" : 0.0,
      "p999" : 0.0,
      "values" : [ ],
      "stddev" : 0.0,
      "m15_rate" : 0.0,
      "m1_rate" : 0.0,
      "m5_rate" : 0.0,
      "mean_rate" : 0.0,
      "duration_units" : "seconds",
      "rate_units" : "calls/minute"
    }
  }
}