{
  "version" : "4.0.0",
  "gauges" : {
    "jenkins.executor.count.value" : {
      "value" : 2
    },
    "jenkins.executor.free.value" : {
      "value" : 2
    },
    "jenkins.executor.in-use.value" : {
      "value" : 0
    },
    "jenkins.health-check.count" : {
      "value" : 4
    },
    "jenkins.health-check.inverse-score" : {
      "value" : 0.0
    },
    "jenkins.health-check.score" : {
      "value" : 1.0
    },
    "jenkins.job.averageDepth" : {
      "value" : 1.0
    },
    "jenkins.job.count.value" : {
      "value" : 1
    },
    "jenkins.node.count.value" : {
      "value" : 1
    },
    "jenkins.node.offline.value" : {
      "value" : 0
    },
    "jenkins.node.online.value" : {
      "value" : 1
    },
    "jenkins.plugins.active" : {
      "value" : 119
    },
    "jenkins.plugins.failed" : {
      "value" : 0
    },
    "jenkins.plugins.inactive" : {
      "value" : 0
    },
    "jenkins.plugins.withUpdate" : {
      "value" : 64
    },
    "jenkins.project.count.value" : {
      "value" : 1
    },
    "jenkins.project.disabled.count.value" : {
      "value" : 0
    },
    "jenkins.project.enabled.count.value" : {
      "value" : 1
    },
    "jenkins.queue.blocked.value" : {
      "value" : 0
    },
    "jenkins.queue.buildable.value" : {
      "value" : 0
    },
    "jenkins.queue.pending.value" : {
      "value" : 0
    },
    "jenkins.queue.size.value" : {
      "value" : 0
    },
    "jenkins.queue.stuck.value" : {
      "value" : 0
    },
    "jenkins.versions.core" : {
      "value" : "2.150.3"
    },
    "jenkins.versions.plugin.ace-editor" : {
      "value" : "1.1"
    },
    "jenkins.versions.plugin.ant" : {
      "value" : "1.11"
    },
    "jenkins.versions.plugin.antisamy-markup-formatter" : {
      "value" : "2.0"
    },
    "jenkins.versions.plugin.apache-httpcomponents-client-4-api" : {
      "value" : "4.5.10-2.0"
    },
    "jenkins.versions.plugin.artifactory" : {
      "value" : "3.1.0"
    },
    "jenkins.versions.plugin.authentication-tokens" : {
      "value" : "1.3"
    },
    "jenkins.versions.plugin.blueocean" : {
      "value" : "1.10.1"
    },
    "jenkins.versions.plugin.blueocean-autofavorite" : {
      "value" : "1.2.2"
    },
    "jenkins.versions.plugin.blueocean-bitbucket-pipeline" : {
      "value" : "1.10.1"
    },
    "jenkins.versions.plugin.blueocean-commons" : {
      "value" : "1.10.1"
    },
    "jenkins.versions.plugin.blueocean-config" : {
      "value" : "1.10.1"
    },
    "jenkins.versions.plugin.blueocean-core-js" : {
      "value" : "1.10.1"
    },
    "jenkins.versions.plugin.blueocean-dashboard" : {
      "value" : "1.10.1"
    },
    "jenkins.versions.plugin.blueocean-display-url" : {
      "value" : "2.2.0"
    },
    "jenkins.versions.plugin.blueocean-events" : {
      "value" : "1.10.1"
    },
    "jenkins.versions.plugin.blueocean-git-pipeline" : {
      "value" : "1.10.1"
    },
    "jenkins.versions.plugin.blueocean-github-pipeline" : {
      "value" : "1.10.1"
    },
    "jenkins.versions.plugin.blueocean-i18n" : {
      "value" : "1.10.1"
    },
    "jenkins.versions.plugin.blueocean-jira" : {
      "value" : "1.10.1"
    },
    "jenkins.versions.plugin.blueocean-jwt" : {
      "value" : "1.10.1"
    },
    "jenkins.versions.plugin.blueocean-personalization" : {
      "value" : "1.10.1"
    },
    "jenkins.versions.plugin.blueocean-pipeline-api-impl" : {
      "value" : "1.10.1"
    },
    "jenkins.versions.plugin.blueocean-pipeline-editor" : {
      "value" : "1.10.1"
    },
    "jenkins.versions.plugin.blueocean-pipeline-scm-api" : {
      "value" : "1.10.1"
    },
    "jenkins.versions.plugin.blueocean-rest" : {
      "value" : "1.10.1"
    },
    "jenkins.versions.plugin.blueocean-rest-impl" : {
      "value" : "1.10.1"
    },
    "jenkins.versions.plugin.blueocean-web" : {
      "value" : "1.10.1"
    },
    "jenkins.versions.plugin.bouncycastle-api" : {
      "value" : "2.17"
    },
    "jenkins.versions.plugin.branch-api" : {
      "value" : "2.1.2"
    },
    "jenkins.versions.plugin.build-timeout" : {
      "value" : "1.19.1"
    },
    "jenkins.versions.plugin.cloudbees-bitbucket-branch-source" : {
      "value" : "2.4.0"
    },
    "jenkins.versions.plugin.cloudbees-folder" : {
      "value" : "6.11.1"
    },
    "jenkins.versions.plugin.command-launcher" : {
      "value" : "1.3"
    },
    "jenkins.versions.plugin.config-file-provider" : {
      "value" : "3.4.1"
    },
    "jenkins.versions.plugin.configuration-as-code" : {
      "value" : "1.36"
    },
    "jenkins.versions.plugin.credentials" : {
      "value" : "2.3.5"
    },
    "jenkins.versions.plugin.credentials-binding" : {
      "value" : "1.21"
    },
    "jenkins.versions.plugin.display-url-api" : {
      "value" : "2.3.2"
    },
    "jenkins.versions.plugin.docker-commons" : {
      "value" : "1.13"
    },
    "jenkins.versions.plugin.docker-workflow" : {
      "value" : "1.17"
    },
    "jenkins.versions.plugin.durable-task" : {
      "value" : "1.34"
    },
    "jenkins.versions.plugin.email-ext" : {
      "value" : "2.69"
    },
    "jenkins.versions.plugin.favorite" : {
      "value" : "2.3.2"
    },
    "jenkins.versions.plugin.git" : {
      "value" : "4.2.2"
    },
    "jenkins.versions.plugin.git-client" : {
      "value" : "3.2.1"
    },
    "jenkins.versions.plugin.git-server" : {
      "value" : "1.7"
    },
    "jenkins.versions.plugin.gitea" : {
      "value" : "1.0.8"
    },
    "jenkins.versions.plugin.github" : {
      "value" : "1.29.3"
    },
    "jenkins.versions.plugin.github-api" : {
      "value" : "1.106"
    },
    "jenkins.versions.plugin.github-branch-source" : {
      "value" : "2.6.0"
    },
    "jenkins.versions.plugin.gitlab-plugin" : {
      "value" : "1.5.11"
    },
    "jenkins.versions.plugin.gradle" : {
      "value" : "1.36"
    },
    "jenkins.versions.plugin.handlebars" : {
      "value" : "1.1.1"
    },
    "jenkins.versions.plugin.handy-uri-templates-2-api" : {
      "value" : "2.1.6-1.0"
    },
    "jenkins.versions.plugin.htmlpublisher" : {
      "value" : "1.17"
    },
    "jenkins.versions.plugin.ivy" : {
      "value" : "1.28"
    },
    "jenkins.versions.plugin.jackson2-api" : {
      "value" : "2.10.3"
    },
    "jenkins.versions.plugin.javadoc" : {
      "value" : "1.4"
    },
    "jenkins.versions.plugin.jdk-tool" : {
      "value" : "1.4"
    },
    "jenkins.versions.plugin.jenkins-design-language" : {
      "value" : "1.10.1"
    },
    "jenkins.versions.plugin.jira" : {
      "value" : "3.0.5"
    },
    "jenkins.versions.plugin.jquery-detached" : {
      "value" : "1.2.1"
    },
    "jenkins.versions.plugin.jsch" : {
      "value" : "0.1.55.1"
    },
    "jenkins.versions.plugin.junit" : {
      "value" : "1.26.1"
    },
    "jenkins.versions.plugin.jx-resources" : {
      "value" : "1.0.35"
    },
    "jenkins.versions.plugin.kubernetes" : {
      "value" : "1.14.3"
    },
    "jenkins.versions.plugin.kubernetes-credentials" : {
      "value" : "0.4.0"
    },
    "jenkins.versions.plugin.kubernetes-credentials-provider" : {
      "value" : "0.11"
    },
    "jenkins.versions.plugin.ldap" : {
      "value" : "1.21"
    },
    "jenkins.versions.plugin.localization-zh-cn" : {
      "value" : "0.0.11"
    },
    "jenkins.versions.plugin.lockable-resources" : {
      "value" : "2.3"
    },
    "jenkins.versions.plugin.mailer" : {
      "value" : "1.30"
    },
    "jenkins.versions.plugin.mapdb-api" : {
      "value" : "1.0.9.0"
    },
    "jenkins.versions.plugin.matrix-auth" : {
      "value" : "2.5"
    },
    "jenkins.versions.plugin.matrix-project" : {
      "value" : "1.14"
    },
    "jenkins.versions.plugin.maven-plugin" : {
      "value" : "3.2"
    },
    "jenkins.versions.plugin.mercurial" : {
      "value" : "2.4"
    },
    "jenkins.versions.plugin.metrics" : {
      "value" : "4.0.2.2"
    },
    "jenkins.versions.plugin.momentjs" : {
      "value" : "1.1.1"
    },
    "jenkins.versions.plugin.pam-auth" : {
      "value" : "1.6"
    },
    "jenkins.versions.plugin.pipeline-build-step" : {
      "value" : "2.7"
    },
    "jenkins.versions.plugin.pipeline-github-lib" : {
      "value" : "1.0"
    },
    "jenkins.versions.plugin.pipeline-graph-analysis" : {
      "value" : "1.9"
    },
    "jenkins.versions.plugin.pipeline-input-step" : {
      "value" : "2.9"
    },
    "jenkins.versions.plugin.pipeline-milestone-step" : {
      "value" : "1.3.1"
    },
    "jenkins.versions.plugin.pipeline-model-api" : {
      "value" : "1.3.4.1"
    },
    "jenkins.versions.plugin.pipeline-model-declarative-agent" : {
      "value" : "1.1.1"
    },
    "jenkins.versions.plugin.pipeline-model-definition" : {
      "value" : "1.3.4.1"
    },
    "jenkins.versions.plugin.pipeline-model-extensions" : {
      "value" : "1.3.4.1"
    },
    "jenkins.versions.plugin.pipeline-rest-api" : {
      "value" : "2.13"
    },
    "jenkins.versions.plugin.pipeline-stage-step" : {
      "value" : "2.3"
    },
    "jenkins.versions.plugin.pipeline-stage-tags-metadata" : {
      "value" : "1.3.4.1"
    },
    "jenkins.versions.plugin.pipeline-stage-view" : {
      "value" : "2.13"
    },
    "jenkins.versions.plugin.plain-credentials" : {
      "value" : "1.5"
    },
    "jenkins.versions.plugin.pubsub-light" : {
      "value" : "1.12"
    },
    "jenkins.versions.plugin.resource-disposer" : {
      "value" : "0.12"
    },
    "jenkins.versions.plugin.scm-api" : {
      "value" : "2.6.3"
    },
    "jenkins.versions.plugin.script-security" : {
      "value" : "1.71"
    },
    "jenkins.versions.plugin.sse-gateway" : {
      "value" : "1.17"
    },
    "jenkins.versions.plugin.ssh-credentials" : {
      "value" : "1.17.4"
    },
    "jenkins.versions.plugin.ssh-slaves" : {
      "value" : "1.30.4"
    },
    "jenkins.versions.plugin.structs" : {
      "value" : "1.20"
    },
    "jenkins.versions.plugin.subversion" : {
      "value" : "2.13.1"
    },
    "jenkins.versions.plugin.support-core" : {
      "value" : "2.54"
    },
    "jenkins.versions.plugin.timestamper" : {
      "value" : "1.11.2"
    },
    "jenkins.versions.plugin.token-macro" : {
      "value" : "2.12"
    },
    "jenkins.versions.plugin.variant" : {
      "value" : "1.1"
    },
    "jenkins.versions.plugin.workflow-aggregator" : {
      "value" : "2.6"
    },
    "jenkins.versions.plugin.workflow-api" : {
      "value" : "2.40"
    },
    "jenkins.versions.plugin.workflow-basic-steps" : {
      "value" : "2.19"
    },
    "jenkins.versions.plugin.workflow-cps" : {
      "value" : "2.80"
    },
    "jenkins.versions.plugin.workflow-cps-global-lib" : {
      "value" : "2.12"
    },
    "jenkins.versions.plugin.workflow-durable-task-step" : {
      "value" : "2.31"
    },
    "jenkins.versions.plugin.workflow-job" : {
      "value" : "2.37"
    },
    "jenkins.versions.plugin.workflow-multibranch" : {
      "value" : "2.20"
    },
    "jenkins.versions.plugin.workflow-scm-step" : {
      "value" : "2.10"
    },
    "jenkins.versions.plugin.workflow-step-api" : {
      "value" : "2.22"
    },
    "jenkins.versions.plugin.workflow-support" : {
      "value" : "3.4"
    },
    "jenkins.versions.plugin.ws-cleanup" : {
      "value" : "0.38"
    },
    "system.cpu.load" : {
      "value" : 0.88
    },
    "vm.blocked.count" : {
      "value" : 0
    },
    "vm.class.loaded" : {
      "value" : 15428
    },
    "vm.class.unloaded" : {
      "value" : 0
    },
    "vm.count" : {
      "value" : 44
    },
    "vm.cpu.load" : {
      "value" : 0.7105628908964559
    },
    "vm.daemon.count" : {
      "value" : 29
    },
    "vm.deadlock.count" : {
      "value" : 0
    },
    "vm.deadlocks" : {
      "value" : [ ]
    },
    "vm.file.descriptor.ratio" : {
      "value" : 6.914138793945312E-4
    },
    "vm.gc.PS-MarkSweep.count" : {
      "value" : 4
    },
    "vm.gc.PS-MarkSweep.time" : {
      "value" : 805
    },
    "vm.gc.PS-Scavenge.count" : {
      "value" : 78
    },
    "vm.gc.PS-Scavenge.time" : {
      "value" : 663
    },
    "vm.memory.heap.committed" : {
      "value" : 430440448
    },
    "vm.memory.heap.init" : {
      "value" : 62914560
    },
    "vm.memory.heap.max" : {
      "value" : 870842368
    },
    "vm.memory.heap.usage" : {
      "value" : 0.11821696759705655
    },
    "vm.memory.heap.used" : {
      "value" : 102948344
    },
    "vm.memory.non-heap.committed" : {
      "value" : 131883008
    },
    "vm.memory.non-heap.init" : {
      "value" : 2555904
    },
    "vm.memory.non-heap.max" : {
      "value" : -1
    },
    "vm.memory.non-heap.usage" : {
      "value" : -1.19221488E8
    },
    "vm.memory.non-heap.used" : {
      "value" : 119221488
    },
    "vm.memory.pools.Code-Cache.committed" : {
      "value" : 18153472
    },
    "vm.memory.pools.Code-Cache.init" : {
      "value" : 2555904
    },
    "vm.memory.pools.Code-Cache.max" : {
      "value" : 251658240
    },
    "vm.memory.pools.Code-Cache.usage" : {
      "value" : 0.07091751098632812
    },
    "vm.memory.pools.Code-Cache.used" : {
      "value" : 17848576
    },
    "vm.memory.pools.Compressed-Class-Space.committed" : {
      "value" : 13107200
    },
    "vm.memory.pools.Compressed-Class-Space.init" : {
      "value" : 0
    },
    "vm.memory.pools.Compressed-Class-Space.max" : {
      "value" : 1073741824
    },
    "vm.memory.pools.Compressed-Class-Space.usage" : {
      "value" : 0.00982249528169632
    },
    "vm.memory.pools.Compressed-Class-Space.used" : {
      "value" : 10546824
    },
    "vm.memory.pools.Metaspace.committed" : {
      "value" : 100622336
    },
    "vm.memory.pools.Metaspace.init" : {
      "value" : 0
    },
    "vm.memory.pools.Metaspace.max" : {
      "value" : -1
    },
    "vm.memory.pools.Metaspace.usage" : {
      "value" : 0.9026799775350077
    },
    "vm.memory.pools.Metaspace.used" : {
      "value" : 90829768
    },
    "vm.memory.pools.PS-Eden-Space.committed" : {
      "value" : 314572800
    },
    "vm.memory.pools.PS-Eden-Space.init" : {
      "value" : 15728640
    },
    "vm.memory.pools.PS-Eden-Space.max" : {
      "value" : 318767104
    },
    "vm.memory.pools.PS-Eden-Space.usage" : {
      "value" : 0.0666711455897281
    },
    "vm.memory.pools.PS-Eden-Space.used" : {
      "value" : 21252568
    },
    "vm.memory.pools.PS-Eden-Space.used-after-gc" : {
      "value" : 0
    },
    "vm.memory.pools.PS-Old-Gen.committed" : {
      "value" : 114294784
    },
    "vm.memory.pools.PS-Old-Gen.init" : {
      "value" : 41943040
    },
    "vm.memory.pools.PS-Old-Gen.max" : {
      "value" : 653262848
    },
    "vm.memory.pools.PS-Old-Gen.usage" : {
      "value" : 0.12270045395264847
    },
    "vm.memory.pools.PS-Old-Gen.used" : {
      "value" : 80155648
    },
    "vm.memory.pools.PS-Old-Gen.used-after-gc" : {
      "value" : 57166720
    },
    "vm.memory.pools.PS-Survivor-Space.committed" : {
      "value" : 1572864
    },
    "vm.memory.pools.PS-Survivor-Space.init" : {
      "value" : 2621440
    },
    "vm.memory.pools.PS-Survivor-Space.max" : {
      "value" : 1572864
    },
    "vm.memory.pools.PS-Survivor-Space.usage" : {
      "value" : 0.97918701171875
    },
    "vm.memory.pools.PS-Survivor-Space.used" : {
      "value" : 1540128
    },
    "vm.memory.pools.PS-Survivor-Space.used-after-gc" : {
      "value" : 1540128
    },
    "vm.memory.total.committed" : {
      "value" : 562323456
    },
    "vm.memory.total.init" : {
      "value" : 65470464
    },
    "vm.memory.total.max" : {
      "value" : 870842367
    },
    "vm.memory.total.used" : {
      "value" : 222197896
    },
    "vm.new.count" : {
      "value" : 0
    },
    "vm.runnable.count" : {
      "value" : 10
    },
    "vm.terminated.count" : {
      "value" : 0
    },
    "vm.timed_waiting.count" : {
      "value" : 20
    },
    "vm.uptime.milliseconds" : {
      "value" : 44754
    },
    "vm.waiting.count" : {
      "value" : 14
    }
  },
  "counters" : {
    "http.activeRequests" : {
      "count" : 0
    }
  },
  "histograms" : {
    "jenkins.executor.count.history" : {
      "count" : 1,
      "max" : 2,
      "mean" : 2.0,
      "min" : 2,
      "p50" : 2.0,
      "p75" : 2.0,
      "p95" : 2.0,
      "p98" : 2.0,
      "p99" : 2.0,
      "p999" : 2.0,
      "values" : [ 2 ],
      "stddev" : 0.0
    },
    "jenkins.executor.free.history" : {
      "count" : 1,
      "max" : 2,
      "mean" : 2.0,
      "min" : 2,
      "p50" : 2.0,
      "p75" : 2.0,
      "p95" : 2.0,
      "p98" : 2.0,
      "p99" : 2.0,
      "p999" : 2.0,
      "values" : [ 2 ],
      "stddev" : 0.0
    },
    "jenkins.executor.in-use.history" : {
      "count" : 1,
      "max" : 0,
      "mean" : 0.0,
      "min" : 0,
      "p50" : 0.0,
      "p75" : 0.0,
      "p95" : 0.0,
      "p98" : 0.0,
      "p99" : 0.0,
      "p999" : 0.0,
      "values" : [ 0 ],
      "stddev" : 0.0
    },
    "jenkins.job.count.history" : {
      "count" : 1,
      "max" : 1,
      "mean" : 1.0,
      "min" : 1,
      "p50" : 1.0,
      "p75" : 1.0,
      "p95" : 1.0,
      "p98" : 1.0,
      "p99" : 1.0,
      "p999" : 1.0,
      "values" : [ 1 ],
      "stddev" : 0.0
    },
    "jenkins.node.count.history" : {
      "count" : 1,
      "max" : 1,
      "mean" : 1.0,
      "min" : 1,
      "p50" : 1.0,
      "p75" : 1.0,
      "p95" : 1.0,
      "p98" : 1.0,
      "p99" : 1.0,
      "p999" : 1.0,
      "values" : [ 1 ],
      "stddev" : 0.0
    },
    "jenkins.node.offline.history" : {
      "count" : 1,
      "max" : 0,
      "mean" : 0.0,
      "min" : 0,
      "p50" : 0.0,
      "p75" : 0.0,
      "p95" : 0.0,
      "p98" : 0.0,
      "p99" : 0.0,
      "p999" : 0.0,
      "values" : [ 0 ],
      "stddev" : 0.0
    },
    "jenkins.node.online.history" : {
      "count" : 1,
      "max" : 1,
      "mean" : 1.0,
      "min" : 1,
      "p50" : 1.0,
      "p75" : 1.0,
      "p95" : 1.0,
      "p98" : 1.0,
      "p99" : 1.0,
      "p999" : 1.0,
      "values" : [ 1 ],
      "stddev" : 0.0
    },
    "jenkins.project.count.history" : {
      "count" : 1,
      "max" : 1,
      "mean" : 1.0,
      "min" : 1,
      "p50" : 1.0,
      "p75" : 1.0,
      "p95" : 1.0,
      "p98" : 1.0,
      "p99" : 1.0,
      "p999" : 1.0,
      "values" : [ 1 ],
      "stddev" : 0.0
    },
    "jenkins.project.disabled.count.history" : {
      "count" : 1,
      "max" : 0,
      "mean" : 0.0,
      "min" : 0,
      "p50" : 0.0,
      "p75" : 0.0,
      "p95" : 0.0,
      "p98" : 0.0,
      "p99" : 0.0,
      "p999" : 0.0,
      "values" : [ 0 ],
      "stddev" : 0.0
    },
    "jenkins.project.enabled.count.history" : {
      "count" : 1,
      "max" : 1,
      "mean" : 1.0,
      "min" : 1,
      "p50" : 1.0,
      "p75" : 1.0,
      "p95" : 1.0,
      "p98" : 1.0,
      "p99" : 1.0,
      "p999" : 1.0,
      "values" : [ 1 ],
      "stddev" : 0.0
    },
    "jenkins.queue.blocked.history" : {
      "count" : 1,
      "max" : 0,
      "mean" : 0.0,
      "min" : 0,
      "p50" : 0.0,
      "p75" : 0.0,
      "p95" : 0.0,
      "p98" : 0.0,
      "p99" : 0.0,
      "p999" : 0.0,
      "values" : [ 0 ],
      "stddev" : 0.0
    },
    "jenkins.queue.buildable.history" : {
      "count" : 1,
      "max" : 0,
      "mean" : 0.0,
      "min" : 0,
      "p50" : 0.0,
      "p75" : 0.0,
      "p95" : 0.0,
      "p98" : 0.0,
      "p99" : 0.0,
      "p999" : 0.0,
      "values" : [ 0 ],
      "stddev" : 0.0
    },
    "jenkins.queue.pending.history" : {
      "count" : 1,
      "max" : 0,
      "mean" : 0.0,
      "min" : 0,
      "p50" : 0.0,
      "p75" : 0.0,
      "p95" : 0.0,
      "p98" : 0.0,
      "p99" : 0.0,
      "p999" : 0.0,
      "values" : [ 0 ],
      "stddev" : 0.0
    },
    "jenkins.queue.size.history" : {
      "count" : 1,
      "max" : 0,
      "mean" : 0.0,
      "min" : 0,
      "p50" : 0.0,
      "p75" : 0.0,
      "p95" : 0.0,
      "p98" : 0.0,
      "p99" : 0.0,
      "p999" : 0.0,
      "values" : [ 0 ],
      "stddev" : 0.0
    },
    "jenkins.queue.stuck.history" : {
      "count" : 1,
      "max" : 0,
      "mean" : 0.0,
      "min" : 0,
      "p50" : 0.0,
      "p75" : 0.0,
      "p95" : 0.0,
      "p98" : 0.0,
      "p99" : 0.0,
      "p999" : 0.0,
      "values" : [ 0 ],
      "stddev" : 0.0
    },
    "system.cpu.load.x100.history" : {
      "count" : 1,
      "max" : 73,
      "mean" : 73.0,
      "min" : 73,
      "p50" : 73.0,
      "p75" : 73.0,
      "p95" : 73.0,
      "p98" : 73.0,
      "p99" : 73.0,
      "p999" : 73.0,
      "values" : [ 73 ],
      "stddev" : 0.0
    },
    "system.cpu.load.x100.window.15m" : {
      "count" : 1,
      "max" : 73,
      "mean" : 73.0,
      "min" : 73,
      "p50" : 73.0,
      "p75" : 73.0,
      "p95" : 73.0,
      "p98" : 73.0,
      "p99" : 73.0,
      "p999" : 73.0,
      "values" : [ 73 ],
      "stddev" : 0.0
    },
    "system.cpu.load.x100.window.1h" : {
      "count" : 1,
      "max" : 73,
      "mean" : 73.0,
      "min" : 73,
      "p50" : 73.0,
      "p75" : 73.0,
      "p95" : 73.0,
      "p98" : 73.0,
      "p99" : 73.0,
      "p999" : 73.0,
      "values" : [ 73 ],
      "stddev" : 0.0
    },
    "system.cpu.load.x100.window.5m" : {
      "count" : 1,
      "max" : 73,
      "mean" : 73.0,
      "min" : 73,
      "p50" : 73.0,
      "p75" : 73.0,
      "p95" : 73.0,
      "p98" : 73.0,
      "p99" : 73.0,
      "p999" : 73.0,
      "values" : [ 73 ],
      "stddev" : 0.0
    },
    "vm.cpu.load.x100.history" : {
      "count" : 1,
      "max" : 113,
      "mean" : 113.0,
      "min" : 113,
      "p50" : 113.0,
      "p75" : 113.0,
      "p95" : 113.0,
      "p98" : 113.0,
      "p99" : 113.0,
      "p999" : 113.0,
      "values" : [ 113 ],
      "stddev" : 0.0
    },
    "vm.cpu.load.x100.window.15m" : {
      "count" : 1,
      "max" : 113,
      "mean" : 113.0,
      "min" : 113,
      "p50" : 113.0,
      "p75" : 113.0,
      "p95" : 113.0,
      "p98" : 113.0,
      "p99" : 113.0,
      "p999" : 113.0,
      "values" : [ 113 ],
      "stddev" : 0.0
    },
    "vm.cpu.load.x100.window.1h" : {
      "count" : 1,
      "max" : 113,
      "mean" : 113.0,
      "min" : 113,
      "p50" : 113.0,
      "p75" : 113.0,
      "p95" : 113.0,
      "p98" : 113.0,
      "p99" : 113.0,
      "p999" : 113.0,
      "values" : [ 113 ],
      "stddev" : 0.0
    },
    "vm.cpu.load.x100.window.5m" : {
      "count" : 1,
      "max" : 113,
      "mean" : 113.0,
      "min" : 113,
      "p50" : 113.0,
      "p75" : 113.0,
      "p95" : 113.0,
      "p98" : 113.0,
      "p99" : 113.0,
      "p999" : 113.0,
      "values" : [ 113 ],
      "stddev" : 0.0
    },
    "vm.file.descriptor.ratio.x100.history" : {
      "count" : 1,
      "max" : 0,
      "mean" : 0.0,
      "min" : 0,
      "p50" : 0.0,
      "p75" : 0.0,
      "p95" : 0.0,
      "p98" : 0.0,
      "p99" : 0.0,
      "p999" : 0.0,
      "values" : [ 0 ],
      "stddev" : 0.0
    },
    "vm.file.descriptor.ratio.x100.window.15m" : {
      "count" : 1,
      "max" : 0,
      "mean" : 0.0,
      "min" : 0,
      "p50" : 0.0,
      "p75" : 0.0,
      "p95" : 0.0,
      "p98" : 0.0,
      "p99" : 0.0,
      "p999" : 0.0,
      "values" : [ 0 ],
      "stddev" : 0.0
    },
    "vm.file.descriptor.ratio.x100.window.1h" : {
      "count" : 1,
      "max" : 0,
      "mean" : 0.0,
      "min" : 0,
      "p50" : 0.0,
      "p75" : 0.0,
      "p95" : 0.0,
      "p98" : 0.0,
      "p99" : 0.0,
      "p999" : 0.0,
      "values" : [ 0 ],
      "stddev" : 0.0
    },
    "vm.file.descriptor.ratio.x100.window.5m" : {
      "count" : 1,
      "max" : 0,
      "mean" : 0.0,
      "min" : 0,
      "p50" : 0.0,
      "p75" : 0.0,
      "p95" : 0.0,
      "p98" : 0.0,
      "p99" : 0.0,
      "p999" : 0.0,
      "values" : [ 0 ],
      "stddev" : 0.0
    },
    "vm.memory.heap.committed.history" : {
      "count" : 1,
      "max" : 375390208,
      "mean" : 3.75390208E8,
      "min" : 375390208,
      "p50" : 3.75390208E8,
      "p75" : 3.75390208E8,
      "p95" : 3.75390208E8,
      "p98" : 3.75390208E8,
      "p99" : 3.75390208E8,
      "p999" : 3.75390208E8,
      "values" : [ 375390208 ],
      "stddev" : 0.0
    },
    "vm.memory.heap.committed.window.15m" : {
      "count" : 1,
      "max" : 375390208,
      "mean" : 3.75390208E8,
      "min" : 375390208,
      "p50" : 3.75390208E8,
      "p75" : 3.75390208E8,
      "p95" : 3.75390208E8,
      "p98" : 3.75390208E8,
      "p99" : 3.75390208E8,
      "p999" : 3.75390208E8,
      "values" : [ 375390208 ],
      "stddev" : 0.0
    },
    "vm.memory.heap.committed.window.1h" : {
      "count" : 1,
      "max" : 375390208,
      "mean" : 3.75390208E8,
      "min" : 375390208,
      "p50" : 3.75390208E8,
      "p75" : 3.75390208E8,
      "p95" : 3.75390208E8,
      "p98" : 3.75390208E8,
      "p99" : 3.75390208E8,
      "p999" : 3.75390208E8,
      "values" : [ 375390208 ],
      "stddev" : 0.0
    },
    "vm.memory.heap.committed.window.5m" : {
      "count" : 1,
      "max" : 375390208,
      "mean" : 3.75390208E8,
      "min" : 375390208,
      "p50" : 3.75390208E8,
      "p75" : 3.75390208E8,
      "p95" : 3.75390208E8,
      "p98" : 3.75390208E8,
      "p99" : 3.75390208E8,
      "p999" : 3.75390208E8,
      "values" : [ 375390208 ],
      "stddev" : 0.0
    },
    "vm.memory.heap.usage.x100.history" : {
      "count" : 1,
      "max" : 12,
      "mean" : 12.0,
      "min" : 12,
      "p50" : 12.0,
      "p75" : 12.0,
      "p95" : 12.0,
      "p98" : 12.0,
      "p99" : 12.0,
      "p999" : 12.0,
      "values" : [ 12 ],
      "stddev" : 0.0
    },
    "vm.memory.heap.usage.x100.window.15m" : {
      "count" : 1,
      "max" : 12,
      "mean" : 12.0,
      "min" : 12,
      "p50" : 12.0,
      "p75" : 12.0,
      "p95" : 12.0,
      "p98" : 12.0,
      "p99" : 12.0,
      "p999" : 12.0,
      "values" : [ 12 ],
      "stddev" : 0.0
    },
    "vm.memory.heap.usage.x100.window.1h" : {
      "count" : 1,
      "max" : 12,
      "mean" : 12.0,
      "min" : 12,
      "p50" : 12.0,
      "p75" : 12.0,
      "p95" : 12.0,
      "p98" : 12.0,
      "p99" : 12.0,
      "p999" : 12.0,
      "values" : [ 12 ],
      "stddev" : 0.0
    },
    "vm.memory.heap.usage.x100.window.5m" : {
      "count" : 1,
      "max" : 12,
      "mean" : 12.0,
      "min" : 12,
      "p50" : 12.0,
      "p75" : 12.0,
      "p95" : 12.0,
      "p98" : 12.0,
      "p99" : 12.0,
      "p999" : 12.0,
      "values" : [ 12 ],
      "stddev" : 0.0
    },
    "vm.memory.heap.used.history" : {
      "count" : 1,
      "max" : 105773080,
      "mean" : 1.0577308E8,
      "min" : 105773080,
      "p50" : 1.0577308E8,
      "p75" : 1.0577308E8,
      "p95" : 1.0577308E8,
      "p98" : 1.0577308E8,
      "p99" : 1.0577308E8,
      "p999" : 1.0577308E8,
      "values" : [ 105773080 ],
      "stddev" : 0.0
    },
    "vm.memory.heap.used.window.15m" : {
      "count" : 1,
      "max" : 105773080,
      "mean" : 1.0577308E8,
      "min" : 105773080,
      "p50" : 1.0577308E8,
      "p75" : 1.0577308E8,
      "p95" : 1.0577308E8,
      "p98" : 1.0577308E8,
      "p99" : 1.0577308E8,
      "p999" : 1.0577308E8,
      "values" : [ 105773080 ],
      "stddev" : 0.0
    },
    "vm.memory.heap.used.window.1h" : {
      "count" : 1,
      "max" : 105773080,
      "mean" : 1.0577308E8,
      "min" : 105773080,
      "p50" : 1.0577308E8,
      "p75" : 1.0577308E8,
      "p95" : 1.0577308E8,
      "p98" : 1.0577308E8,
      "p99" : 1.0577308E8,
      "p999" : 1.0577308E8,
      "values" : [ 105773080 ],
      "stddev" : 0.0
    },
    "vm.memory.heap.used.window.5m" : {
      "count" : 1,
      "max" : 105773080,
      "mean" : 1.0577308E8,
      "min" : 105773080,
      "p50" : 1.0577308E8,
      "p75" : 1.0577308E8,
      "p95" : 1.0577308E8,
      "p98" : 1.0577308E8,
      "p99" : 1.0577308E8,
      "p999" : 1.0577308E8,
      "values" : [ 105773080 ],
      "stddev" : 0.0
    },
    "vm.memory.non-heap.committed.history" : {
      "count" : 1,
      "max" : 126574592,
      "mean" : 1.26574592E8,
      "min" : 126574592,
      "p50" : 1.26574592E8,
      "p75" : 1.26574592E8,
      "p95" : 1.26574592E8,
      "p98" : 1.26574592E8,
      "p99" : 1.26574592E8,
      "p999" : 1.26574592E8,
      "values" : [ 126574592 ],
      "stddev" : 0.0
    },
    "vm.memory.non-heap.committed.window.15m" : {
      "count" : 1,
      "max" : 126574592,
      "mean" : 1.26574592E8,
      "min" : 126574592,
      "p50" : 1.26574592E8,
      "p75" : 1.26574592E8,
      "p95" : 1.26574592E8,
      "p98" : 1.26574592E8,
      "p99" : 1.26574592E8,
      "p999" : 1.26574592E8,
      "values" : [ 126574592 ],
      "stddev" : 0.0
    },
    "vm.memory.non-heap.committed.window.1h" : {
      "count" : 1,
      "max" : 126574592,
      "mean" : 1.26574592E8,
      "min" : 126574592,
      "p50" : 1.26574592E8,
      "p75" : 1.26574592E8,
      "p95" : 1.26574592E8,
      "p98" : 1.26574592E8,
      "p99" : 1.26574592E8,
      "p999" : 1.26574592E8,
      "values" : [ 126574592 ],
      "stddev" : 0.0
    },
    "vm.memory.non-heap.committed.window.5m" : {
      "count" : 1,
      "max" : 126574592,
      "mean" : 1.26574592E8,
      "min" : 126574592,
      "p50" : 1.26574592E8,
      "p75" : 1.26574592E8,
      "p95" : 1.26574592E8,
      "p98" : 1.26574592E8,
      "p99" : 1.26574592E8,
      "p999" : 1.26574592E8,
      "values" : [ 126574592 ],
      "stddev" : 0.0
    },
    "vm.memory.non-heap.usage.x100.history" : {
      "count" : 1,
      "max" : -11397484000,
      "mean" : -1.1397484E10,
      "min" : -11397484000,
      "p50" : -1.1397484E10,
      "p75" : -1.1397484E10,
      "p95" : -1.1397484E10,
      "p98" : -1.1397484E10,
      "p99" : -1.1397484E10,
      "p999" : -1.1397484E10,
      "values" : [ -11397484000 ],
      "stddev" : 0.0
    },
    "vm.memory.non-heap.usage.x100.window.15m" : {
      "count" : 1,
      "max" : -11397484000,
      "mean" : -1.1397484E10,
      "min" : -11397484000,
      "p50" : -1.1397484E10,
      "p75" : -1.1397484E10,
      "p95" : -1.1397484E10,
      "p98" : -1.1397484E10,
      "p99" : -1.1397484E10,
      "p999" : -1.1397484E10,
      "values" : [ -11397484000 ],
      "stddev" : 0.0
    },
    "vm.memory.non-heap.usage.x100.window.1h" : {
      "count" : 1,
      "max" : -11397484000,
      "mean" : -1.1397484E10,
      "min" : -11397484000,
      "p50" : -1.1397484E10,
      "p75" : -1.1397484E10,
      "p95" : -1.1397484E10,
      "p98" : -1.1397484E10,
      "p99" : -1.1397484E10,
      "p999" : -1.1397484E10,
      "values" : [ -11397484000 ],
      "stddev" : 0.0
    },
    "vm.memory.non-heap.usage.x100.window.5m" : {
      "count" : 1,
      "max" : -11397484000,
      "mean" : -1.1397484E10,
      "min" : -11397484000,
      "p50" : -1.1397484E10,
      "p75" : -1.1397484E10,
      "p95" : -1.1397484E10,
      "p98" : -1.1397484E10,
      "p99" : -1.1397484E10,
      "p999" : -1.1397484E10,
      "values" : [ -11397484000 ],
      "stddev" : 0.0
    },
    "vm.memory.non-heap.used.history" : {
      "count" : 1,
      "max" : 113974904,
      "mean" : 1.13974904E8,
      "min" : 113974904,
      "p50" : 1.13974904E8,
      "p75" : 1.13974904E8,
      "p95" : 1.13974904E8,
      "p98" : 1.13974904E8,
      "p99" : 1.13974904E8,
      "p999" : 1.13974904E8,
      "values" : [ 113974904 ],
      "stddev" : 0.0
    },
    "vm.memory.non-heap.used.window.15m" : {
      "count" : 1,
      "max" : 113974904,
      "mean" : 1.13974904E8,
      "min" : 113974904,
      "p50" : 1.13974904E8,
      "p75" : 1.13974904E8,
      "p95" : 1.13974904E8,
      "p98" : 1.13974904E8,
      "p99" : 1.13974904E8,
      "p999" : 1.13974904E8,
      "values" : [ 113974904 ],
      "stddev" : 0.0
    },
    "vm.memory.non-heap.used.window.1h" : {
      "count" : 1,
      "max" : 113974904,
      "mean" : 1.13974904E8,
      "min" : 113974904,
      "p50" : 1.13974904E8,
      "p75" : 1.13974904E8,
      "p95" : 1.13974904E8,
      "p98" : 1.13974904E8,
      "p99" : 1.13974904E8,
      "p999" : 1.13974904E8,
      "values" : [ 113974904 ],
      "stddev" : 0.0
    },
    "vm.memory.non-heap.used.window.5m" : {
      "count" : 1,
      "max" : 113974904,
      "mean" : 1.13974904E8,
      "min" : 113974904,
      "p50" : 1.13974904E8,
      "p75" : 1.13974904E8,
      "p95" : 1.13974904E8,
      "p98" : 1.13974904E8,
      "p99" : 1.13974904E8,
      "p999" : 1.13974904E8,
      "values" : [ 113974904 ],
      "stddev" : 0.0
    },
    "vm.memory.pools.Code-Cache.committed.history" : {
      "count" : 1,
      "max" : 16252928,
      "mean" : 1.6252928E7,
      "min" : 16252928,
      "p50" : 1.6252928E7,
      "p75" : 1.6252928E7,
      "p95" : 1.6252928E7,
      "p98" : 1.6252928E7,
      "p99" : 1.6252928E7,
      "p999" : 1.6252928E7,
      "values" : [ 16252928 ],
      "stddev" : 0.0
    },
    "vm.memory.pools.Code-Cache.committed.window.15m" : {
      "count" : 1,
      "max" : 16252928,
      "mean" : 1.6252928E7,
      "min" : 16252928,
      "p50" : 1.6252928E7,
      "p75" : 1.6252928E7,
      "p95" : 1.6252928E7,
      "p98" : 1.6252928E7,
      "p99" : 1.6252928E7,
      "p999" : 1.6252928E7,
      "values" : [ 16252928 ],
      "stddev" : 0.0
    },
    "vm.memory.pools.Code-Cache.committed.window.1h" : {
      "count" : 1,
      "max" : 16252928,
      "mean" : 1.6252928E7,
      "min" : 16252928,
      "p50" : 1.6252928E7,
      "p75" : 1.6252928E7,
      "p95" : 1.6252928E7,
      "p98" : 1.6252928E7,
      "p99" : 1.6252928E7,
      "p999" : 1.6252928E7,
      "values" : [ 16252928 ],
      "stddev" : 0.0
    },
    "vm.memory.pools.Code-Cache.committed.window.5m" : {
      "count" : 1,
      "max" : 16252928,
      "mean" : 1.6252928E7,
      "min" : 16252928,
      "p50" : 1.6252928E7,
      "p75" : 1.6252928E7,
      "p95" : 1.6252928E7,
      "p98" : 1.6252928E7,
      "p99" : 1.6252928E7,
      "p999" : 1.6252928E7,
      "values" : [ 16252928 ],
      "stddev" : 0.0
    },
    "vm.memory.pools.Code-Cache.usage.x100.history" : {
      "count" : 1,
      "max" : 6,
      "mean" : 6.0,
      "min" : 6,
      "p50" : 6.0,
      "p75" : 6.0,
      "p95" : 6.0,
      "p98" : 6.0,
      "p99" : 6.0,
      "p999" : 6.0,
      "values" : [ 6 ],
      "stddev" : 0.0
    },
    "vm.memory.pools.Code-Cache.usage.x100.window.15m" : {
      "count" : 1,
      "max" : 6,
      "mean" : 6.0,
      "min" : 6,
      "p50" : 6.0,
      "p75" : 6.0,
      "p95" : 6.0,
      "p98" : 6.0,
      "p99" : 6.0,
      "p999" : 6.0,
      "values" : [ 6 ],
      "stddev" : 0.0
    },
    "vm.memory.pools.Code-Cache.usage.x100.window.1h" : {
      "count" : 1,
      "max" : 6,
      "mean" : 6.0,
      "min" : 6,
      "p50" : 6.0,
      "p75" : 6.0,
      "p95" : 6.0,
      "p98" : 6.0,
      "p99" : 6.0,
      "p999" : 6.0,
      "values" : [ 6 ],
      "stddev" : 0.0
    },
    "vm.memory.pools.Code-Cache.usage.x100.window.5m" : {
      "count" : 1,
      "max" : 6,
      "mean" : 6.0,
      "min" : 6,
      "p50" : 6.0,
      "p75" : 6.0,
      "p95" : 6.0,
      "p98" : 6.0,
      "p99" : 6.0,
      "p999" : 6.0,
      "values" : [ 6 ],
      "stddev" : 0.0
    },
    "vm.memory.pools.Code-Cache.used.history" : {
      "count" : 1,
      "max" : 16122688,
      "mean" : 1.6122688E7,
      "min" : 16122688,
      "p50" : 1.6122688E7,
      "p75" : 1.6122688E7,
      "p95" : 1.6122688E7,
      "p98" : 1.6122688E7,
      "p99" : 1.6122688E7,
      "p999" : 1.6122688E7,
      "values" : [ 16122688 ],
      "stddev" : 0.0
    },
    "vm.memory.pools.Code-Cache.used.window.15m" : {
      "count" : 1,
      "max" : 16122688,
      "mean" : 1.6122688E7,
      "min" : 16122688,
      "p50" : 1.6122688E7,
      "p75" : 1.6122688E7,
      "p95" : 1.6122688E7,
      "p98" : 1.6122688E7,
      "p99" : 1.6122688E7,
      "p999" : 1.6122688E7,
      "values" : [ 16122688 ],
      "stddev" : 0.0
    },
    "vm.memory.pools.Code-Cache.used.window.1h" : {
      "count" : 1,
      "max" : 16122688,
      "mean" : 1.6122688E7,
      "min" : 16122688,
      "p50" : 1.6122688E7,
      "p75" : 1.6122688E7,
      "p95" : 1.6122688E7,
      "p98" : 1.6122688E7,
      "p99" : 1.6122688E7,
      "p999" : 1.6122688E7,
      "values" : [ 16122688 ],
      "stddev" : 0.0
    },
    "vm.memory.pools.Code-Cache.used.window.5m" : {
      "count" : 1,
      "max" : 16122688,
      "mean" : 1.6122688E7,
      "min" : 16122688,
      "p50" : 1.6122688E7,
      "p75" : 1.6122688E7,
      "p95" : 1.6122688E7,
      "p98" : 1.6122688E7,
      "p99" : 1.6122688E7,
      "p999" : 1.6122688E7,
      "values" : [ 16122688 ],
      "stddev" : 0.0
    },
    "vm.memory.pools.Compressed-Class-Space.committed.history" : {
      "count" : 1,
      "max" : 12713984,
      "mean" : 1.2713984E7,
      "min" : 12713984,
      "p50" : 1.2713984E7,
      "p75" : 1.2713984E7,
      "p95" : 1.2713984E7,
      "p98" : 1.2713984E7,
      "p99" : 1.2713984E7,
      "p999" : 1.2713984E7,
      "values" : [ 12713984 ],
      "stddev" : 0.0
    },
    "vm.memory.pools.Compressed-Class-Space.committed.window.15m" : {
      "count" : 1,
      "max" : 12713984,
      "mean" : 1.2713984E7,
      "min" : 12713984,
      "p50" : 1.2713984E7,
      "p75" : 1.2713984E7,
      "p95" : 1.2713984E7,
      "p98" : 1.2713984E7,
      "p99" : 1.2713984E7,
      "p999" : 1.2713984E7,
      "values" : [ 12713984 ],
      "stddev" : 0.0
    },
    "vm.memory.pools.Compressed-Class-Space.committed.window.1h" : {
      "count" : 1,
      "max" : 12713984,
      "mean" : 1.2713984E7,
      "min" : 12713984,
      "p50" : 1.2713984E7,
      "p75" : 1.2713984E7,
      "p95" : 1.2713984E7,
      "p98" : 1.2713984E7,
      "p99" : 1.2713984E7,
      "p999" : 1.2713984E7,
      "values" : [ 12713984 ],
      "stddev" : 0.0
    },
    "vm.memory.pools.Compressed-Class-Space.committed.window.5m" : {
      "count" : 1,
      "max" : 12713984,
      "mean" : 1.2713984E7,
      "min" : 12713984,
      "p50" : 1.2713984E7,
      "p75" : 1.2713984E7,
      "p95" : 1.2713984E7,
      "p98" : 1.2713984E7,
      "p99" : 1.2713984E7,
      "p999" : 1.2713984E7,
      "values" : [ 12713984 ],
      "stddev" : 0.0
    },
    "vm.memory.pools.Compressed-Class-Space.usage.x100.history" : {
      "count" : 1,
      "max" : 1,
      "mean" : 1.0,
      "min" : 1,
      "p50" : 1.0,
      "p75" : 1.0,
      "p95" : 1.0,
      "p98" : 1.0,
      "p99" : 1.0,
      "p999" : 1.0,
      "values" : [ 1 ],
      "stddev" : 0.0
    },
    "vm.memory.pools.Compressed-Class-Space.usage.x100.window.15m" : {
      "count" : 1,
      "max" : 1,
      "mean" : 1.0,
      "min" : 1,
      "p50" : 1.0,
      "p75" : 1.0,
      "p95" : 1.0,
      "p98" : 1.0,
      "p99" : 1.0,
      "p999" : 1.0,
      "values" : [ 1 ],
      "stddev" : 0.0
    },
    "vm.memory.pools.Compressed-Class-Space.usage.x100.window.1h" : {
      "count" : 1,
      "max" : 1,
      "mean" : 1.0,
      "min" : 1,
      "p50" : 1.0,
      "p75" : 1.0,
      "p95" : 1.0,
      "p98" : 1.0,
      "p99" : 1.0,
      "p999" : 1.0,
      "values" : [ 1 ],
      "stddev" : 0.0
    },
    "vm.memory.pools.Compressed-Class-Space.usage.x100.window.5m" : {
      "count" : 1,
      "max" : 1,
      "mean" : 1.0,
      "min" : 1,
      "p50" : 1.0,
      "p75" : 1.0,
      "p95" : 1.0,
      "p98" : 1.0,
      "p99" : 1.0,
      "p999" : 1.0,
      "values" : [ 1 ],
      "stddev" : 0.0
    },
    "vm.memory.pools.Compressed-Class-Space.used.history" : {
      "count" : 1,
      "max" : 10149280,
      "mean" : 1.014928E7,
      "min" : 10149280,
      "p50" : 1.014928E7,
      "p75" : 1.014928E7,
      "p95" : 1.014928E7,
      "p98" : 1.014928E7,
      "p99" : 1.014928E7,
      "p999" : 1.014928E7,
      "values" : [ 10149280 ],
      "stddev" : 0.0
    },
    "vm.memory.pools.Compressed-Class-Space.used.window.15m" : {
      "count" : 1,
      "max" : 10149280,
      "mean" : 1.014928E7,
      "min" : 10149280,
      "p50" : 1.014928E7,
      "p75" : 1.014928E7,
      "p95" : 1.014928E7,
      "p98" : 1.014928E7,
      "p99" : 1.014928E7,
      "p999" : 1.014928E7,
      "values" : [ 10149280 ],
      "stddev" : 0.0
    },
    "vm.memory.pools.Compressed-Class-Space.used.window.1h" : {
      "count" : 1,
      "max" : 10149280,
      "mean" : 1.014928E7,
      "min" : 10149280,
      "p50" : 1.014928E7,
      "p75" : 1.014928E7,
      "p95" : 1.014928E7,
      "p98" : 1.014928E7,
      "p99" : 1.014928E7,
      "p999" : 1.014928E7,
      "values" : [ 10149280 ],
      "stddev" : 0.0
    },
    "vm.memory.pools.Compressed-Class-Space.used.window.5m" : {
      "count" : 1,
      "max" : 10149280,
      "mean" : 1.014928E7,
      "min" : 10149280,
      "p50" : 1.014928E7,
      "p75" : 1.014928E7,
      "p95" : 1.014928E7,
      "p98" : 1.014928E7,
      "p99" : 1.014928E7,
      "p999" : 1.014928E7,
      "values" : [ 10149280 ],
      "stddev" : 0.0
    },
    "vm.memory.pools.Metaspace.committed.history" : {
      "count" : 1,
      "max" : 97607680,
      "mean" : 9.760768E7,
      "min" : 97607680,
      "p50" : 9.760768E7,
      "p75" : 9.760768E7,
      "p95" : 9.760768E7,
      "p98" : 9.760768E7,
      "p99" : 9.760768E7,
      "p999" : 9.760768E7,
      "values" : [ 97607680 ],
      "stddev" : 0.0
    },
    "vm.memory.pools.Metaspace.committed.window.15m" : {
      "count" : 1,
      "max" : 97607680,
      "mean" : 9.760768E7,
      "min" : 97607680,
      "p50" : 9.760768E7,
      "p75" : 9.760768E7,
      "p95" : 9.760768E7,
      "p98" : 9.760768E7,
      "p99" : 9.760768E7,
      "p999" : 9.760768E7,
      "values" : [ 97607680 ],
      "stddev" : 0.0
    },
    "vm.memory.pools.Metaspace.committed.window.1h" : {
      "count" : 1,
      "max" : 97607680,
      "mean" : 9.760768E7,
      "min" : 97607680,
      "p50" : 9.760768E7,
      "p75" : 9.760768E7,
      "p95" : 9.760768E7,
      "p98" : 9.760768E7,
      "p99" : 9.760768E7,
      "p999" : 9.760768E7,
      "values" : [ 97607680 ],
      "stddev" : 0.0
    },
    "vm.memory.pools.Metaspace.committed.window.5m" : {
      "count" : 1,
      "max" : 97607680,
      "mean" : 9.760768E7,
      "min" : 97607680,
      "p50" : 9.760768E7,
      "p75" : 9.760768E7,
      "p95" : 9.760768E7,
      "p98" : 9.760768E7,
      "p99" : 9.760768E7,
      "p999" : 9.760768E7,
      "values" : [ 97607680 ],
      "stddev" : 0.0
    },
    "vm.memory.pools.Metaspace.usage.x100.history" : {
      "count" : 1,
      "max" : 90,
      "mean" : 90.0,
      "min" : 90,
      "p50" : 90.0,
      "p75" : 90.0,
      "p95" : 90.0,
      "p98" : 90.0,
      "p99" : 90.0,
      "p999" : 90.0,
      "values" : [ 90 ],
      "stddev" : 0.0
    },
    "vm.memory.pools.Metaspace.usage.x100.window.15m" : {
      "count" : 1,
      "max" : 90,
      "mean" : 90.0,
      "min" : 90,
      "p50" : 90.0,
      "p75" : 90.0,
      "p95" : 90.0,
      "p98" : 90.0,
      "p99" : 90.0,
      "p999" : 90.0,
      "values" : [ 90 ],
      "stddev" : 0.0
    },
    "vm.memory.pools.Metaspace.usage.x100.window.1h" : {
      "count" : 1,
      "max" : 90,
      "mean" : 90.0,
      "min" : 90,
      "p50" : 90.0,
      "p75" : 90.0,
      "p95" : 90.0,
      "p98" : 90.0,
      "p99" : 90.0,
      "p999" : 90.0,
      "values" : [ 90 ],
      "stddev" : 0.0
    },
    "vm.memory.pools.Metaspace.usage.x100.window.5m" : {
      "count" : 1,
      "max" : 90,
      "mean" : 90.0,
      "min" : 90,
      "p50" : 90.0,
      "p75" : 90.0,
      "p95" : 90.0,
      "p98" : 90.0,
      "p99" : 90.0,
      "p999" : 90.0,
      "values" : [ 90 ],
      "stddev" : 0.0
    },
    "vm.memory.pools.Metaspace.used.history" : {
      "count" : 1,
      "max" : 87703504,
      "mean" : 8.7703504E7,
      "min" : 87703504,
      "p50" : 8.7703504E7,
      "p75" : 8.7703504E7,
      "p95" : 8.7703504E7,
      "p98" : 8.7703504E7,
      "p99" : 8.7703504E7,
      "p999" : 8.7703504E7,
      "values" : [ 87703504 ],
      "stddev" : 0.0
    },
    "vm.memory.pools.Metaspace.used.window.15m" : {
      "count" : 1,
      "max" : 87703504,
      "mean" : 8.7703504E7,
      "min" : 87703504,
      "p50" : 8.7703504E7,
      "p75" : 8.7703504E7,
      "p95" : 8.7703504E7,
      "p98" : 8.7703504E7,
      "p99" : 8.7703504E7,
      "p999" : 8.7703504E7,
      "values" : [ 87703504 ],
      "stddev" : 0.0
    },
    "vm.memory.pools.Metaspace.used.window.1h" : {
      "count" : 1,
      "max" : 87703504,
      "mean" : 8.7703504E7,
      "min" : 87703504,
      "p50" : 8.7703504E7,
      "p75" : 8.7703504E7,
      "p95" : 8.7703504E7,
      "p98" : 8.7703504E7,
      "p99" : 8.7703504E7,
      "p999" : 8.7703504E7,
      "values" : [ 87703504 ],
      "stddev" : 0.0
    },
    "vm.memory.pools.Metaspace.used.window.5m" : {
      "count" : 1,
      "max" : 87703504,
      "mean" : 8.7703504E7,
      "min" : 87703504,
      "p50" : 8.7703504E7,
      "p75" : 8.7703504E7,
      "p95" : 8.7703504E7,
      "p98" : 8.7703504E7,
      "p99" : 8.7703504E7,
      "p999" : 8.7703504E7,
      "values" : [ 87703504 ],
      "stddev" : 0.0
    },
    "vm.memory.pools.PS-Eden-Space.committed.history" : {
      "count" : 1,
      "max" : 285212672,
      "mean" : 2.85212672E8,
      "min" : 285212672,
      "p50" : 2.85212672E8,
      "p75" : 2.85212672E8,
      "p95" : 2.85212672E8,
      "p98" : 2.85212672E8,
      "p99" : 2.85212672E8,
      "p999" : 2.85212672E8,
      "values" : [ 285212672 ],
      "stddev" : 0.0
    },
    "vm.memory.pools.PS-Eden-Space.committed.window.15m" : {
      "count" : 1,
      "max" : 285212672,
      "mean" : 2.85212672E8,
      "min" : 285212672,
      "p50" : 2.85212672E8,
      "p75" : 2.85212672E8,
      "p95" : 2.85212672E8,
      "p98" : 2.85212672E8,
      "p99" : 2.85212672E8,
      "p999" : 2.85212672E8,
      "values" : [ 285212672 ],
      "stddev" : 0.0
    },
    "vm.memory.pools.PS-Eden-Space.committed.window.1h" : {
      "count" : 1,
      "max" : 285212672,
      "mean" : 2.85212672E8,
      "min" : 285212672,
      "p50" : 2.85212672E8,
      "p75" : 2.85212672E8,
      "p95" : 2.85212672E8,
      "p98" : 2.85212672E8,
      "p99" : 2.85212672E8,
      "p999" : 2.85212672E8,
      "values" : [ 285212672 ],
      "stddev" : 0.0
    },
    "vm.memory.pools.PS-Eden-Space.committed.window.5m" : {
      "count" : 1,
      "max" : 285212672,
      "mean" : 2.85212672E8,
      "min" : 285212672,
      "p50" : 2.85212672E8,
      "p75" : 2.85212672E8,
      "p95" : 2.85212672E8,
      "p98" : 2.85212672E8,
      "p99" : 2.85212672E8,
      "p999" : 2.85212672E8,
      "values" : [ 285212672 ],
      "stddev" : 0.0
    },
    "vm.memory.pools.PS-Eden-Space.usage.x100.history" : {
      "count" : 1,
      "max" : 13,
      "mean" : 13.0,
      "min" : 13,
      "p50" : 13.0,
      "p75" : 13.0,
      "p95" : 13.0,
      "p98" : 13.0,
      "p99" : 13.0,
      "p999" : 13.0,
      "values" : [ 13 ],
      "stddev" : 0.0
    },
    "vm.memory.pools.PS-Eden-Space.usage.x100.window.15m" : {
      "count" : 1,
      "max" : 13,
      "mean" : 13.0,
      "min" : 13,
      "p50" : 13.0,
      "p75" : 13.0,
      "p95" : 13.0,
      "p98" : 13.0,
      "p99" : 13.0,
      "p999" : 13.0,
      "values" : [ 13 ],
      "stddev" : 0.0
    },
    "vm.memory.pools.PS-Eden-Space.usage.x100.window.1h" : {
      "count" : 1,
      "max" : 13,
      "mean" : 13.0,
      "min" : 13,
      "p50" : 13.0,
      "p75" : 13.0,
      "p95" : 13.0,
      "p98" : 13.0,
      "p99" : 13.0,
      "p999" : 13.0,
      "values" : [ 13 ],
      "stddev" : 0.0
    },
    "vm.memory.pools.PS-Eden-Space.usage.x100.window.5m" : {
      "count" : 1,
      "max" : 13,
      "mean" : 13.0,
      "min" : 13,
      "p50" : 13.0,
      "p75" : 13.0,
      "p95" : 13.0,
      "p98" : 13.0,
      "p99" : 13.0,
      "p999" : 13.0,
      "values" : [ 13 ],
      "stddev" : 0.0
    },
    "vm.memory.pools.PS-Eden-Space.used.history" : {
      "count" : 1,
      "max" : 36488864,
      "mean" : 3.6488864E7,
      "min" : 36488864,
      "p50" : 3.6488864E7,
      "p75" : 3.6488864E7,
      "p95" : 3.6488864E7,
      "p98" : 3.6488864E7,
      "p99" : 3.6488864E7,
      "p999" : 3.6488864E7,
      "values" : [ 36488864 ],
      "stddev" : 0.0
    },
    "vm.memory.pools.PS-Eden-Space.used.window.15m" : {
      "count" : 1,
      "max" : 36488864,
      "mean" : 3.6488864E7,
      "min" : 36488864,
      "p50" : 3.6488864E7,
      "p75" : 3.6488864E7,
      "p95" : 3.6488864E7,
      "p98" : 3.6488864E7,
      "p99" : 3.6488864E7,
      "p999" : 3.6488864E7,
      "values" : [ 36488864 ],
      "stddev" : 0.0
    },
    "vm.memory.pools.PS-Eden-Space.used.window.1h" : {
      "count" : 1,
      "max" : 36488864,
      "mean" : 3.6488864E7,
      "min" : 36488864,
      "p50" : 3.6488864E7,
      "p75" : 3.6488864E7,
      "p95" : 3.6488864E7,
      "p98" : 3.6488864E7,
      "p99" : 3.6488864E7,
      "p999" : 3.6488864E7,
      "values" : [ 36488864 ],
      "stddev" : 0.0
    },
    "vm.memory.pools.PS-Eden-Space.used.window.5m" : {
      "count" : 1,
      "max" : 36488864,
      "mean" : 3.6488864E7,
      "min" : 36488864,
      "p50" : 3.6488864E7,
      "p75" : 3.6488864E7,
      "p95" : 3.6488864E7,
      "p98" : 3.6488864E7,
      "p99" : 3.6488864E7,
      "p999" : 3.6488864E7,
      "values" : [ 36488864 ],
      "stddev" : 0.0
    },
    "vm.memory.pools.PS-Old-Gen.committed.history" : {
      "count" : 1,
      "max" : 76021760,
      "mean" : 7.602176E7,
      "min" : 76021760,
      "p50" : 7.602176E7,
      "p75" : 7.602176E7,
      "p95" : 7.602176E7,
      "p98" : 7.602176E7,
      "p99" : 7.602176E7,
      "p999" : 7.602176E7,
      "values" : [ 76021760 ],
      "stddev" : 0.0
    },
    "vm.memory.pools.PS-Old-Gen.committed.window.15m" : {
      "count" : 1,
      "max" : 76021760,
      "mean" : 7.602176E7,
      "min" : 76021760,
      "p50" : 7.602176E7,
      "p75" : 7.602176E7,
      "p95" : 7.602176E7,
      "p98" : 7.602176E7,
      "p99" : 7.602176E7,
      "p999" : 7.602176E7,
      "values" : [ 76021760 ],
      "stddev" : 0.0
    },
    "vm.memory.pools.PS-Old-Gen.committed.window.1h" : {
      "count" : 1,
      "max" : 76021760,
      "mean" : 7.602176E7,
      "min" : 76021760,
      "p50" : 7.602176E7,
      "p75" : 7.602176E7,
      "p95" : 7.602176E7,
      "p98" : 7.602176E7,
      "p99" : 7.602176E7,
      "p999" : 7.602176E7,
      "values" : [ 76021760 ],
      "stddev" : 0.0
    },
    "vm.memory.pools.PS-Old-Gen.committed.window.5m" : {
      "count" : 1,
      "max" : 76021760,
      "mean" : 7.602176E7,
      "min" : 76021760,
      "p50" : 7.602176E7,
      "p75" : 7.602176E7,
      "p95" : 7.602176E7,
      "p98" : 7.602176E7,
      "p99" : 7.602176E7,
      "p999" : 7.602176E7,
      "values" : [ 76021760 ],
      "stddev" : 0.0
    },
    "vm.memory.pools.PS-Old-Gen.usage.x100.history" : {
      "count" : 1,
      "max" : 9,
      "mean" : 9.0,
      "min" : 9,
      "p50" : 9.0,
      "p75" : 9.0,
      "p95" : 9.0,
      "p98" : 9.0,
      "p99" : 9.0,
      "p999" : 9.0,
      "values" : [ 9 ],
      "stddev" : 0.0
    },
    "vm.memory.pools.PS-Old-Gen.usage.x100.window.15m" : {
      "count" : 1,
      "max" : 9,
      "mean" : 9.0,
      "min" : 9,
      "p50" : 9.0,
      "p75" : 9.0,
      "p95" : 9.0,
      "p98" : 9.0,
      "p99" : 9.0,
      "p999" : 9.0,
      "values" : [ 9 ],
      "stddev" : 0.0
    },
    "vm.memory.pools.PS-Old-Gen.usage.x100.window.1h" : {
      "count" : 1,
      "max" : 9,
      "mean" : 9.0,
      "min" : 9,
      "p50" : 9.0,
      "p75" : 9.0,
      "p95" : 9.0,
      "p98" : 9.0,
      "p99" : 9.0,
      "p999" : 9.0,
      "values" : [ 9 ],
      "stddev" : 0.0
    },
    "vm.memory.pools.PS-Old-Gen.usage.x100.window.5m" : {
      "count" : 1,
      "max" : 9,
      "mean" : 9.0,
      "min" : 9,
      "p50" : 9.0,
      "p75" : 9.0,
      "p95" : 9.0,
      "p98" : 9.0,
      "p99" : 9.0,
      "p999" : 9.0,
      "values" : [ 9 ],
      "stddev" : 0.0
    },
    "vm.memory.pools.PS-Old-Gen.used.history" : {
      "count" : 1,
      "max" : 55630304,
      "mean" : 5.5630304E7,
      "min" : 55630304,
      "p50" : 5.5630304E7,
      "p75" : 5.5630304E7,
      "p95" : 5.5630304E7,
      "p98" : 5.5630304E7,
      "p99" : 5.5630304E7,
      "p999" : 5.5630304E7,
      "values" : [ 55630304 ],
      "stddev" : 0.0
    },
    "vm.memory.pools.PS-Old-Gen.used.window.15m" : {
      "count" : 1,
      "max" : 55630304,
      "mean" : 5.5630304E7,
      "min" : 55630304,
      "p50" : 5.5630304E7,
      "p75" : 5.5630304E7,
      "p95" : 5.5630304E7,
      "p98" : 5.5630304E7,
      "p99" : 5.5630304E7,
      "p999" : 5.5630304E7,
      "values" : [ 55630304 ],
      "stddev" : 0.0
    },
    "vm.memory.pools.PS-Old-Gen.used.window.1h" : {
      "count" : 1,
      "max" : 55630304,
      "mean" : 5.5630304E7,
      "min" : 55630304,
      "p50" : 5.5630304E7,
      "p75" : 5.5630304E7,
      "p95" : 5.5630304E7,
      "p98" : 5.5630304E7,
      "p99" : 5.5630304E7,
      "p999" : 5.5630304E7,
      "values" : [ 55630304 ],
      "stddev" : 0.0
    },
    "vm.memory.pools.PS-Old-Gen.used.window.5m" : {
      "count" : 1,
      "max" : 55630304,
      "mean" : 5.5630304E7,
      "min" : 55630304,
      "p50" : 5.5630304E7,
      "p75" : 5.5630304E7,
      "p95" : 5.5630304E7,
      "p98" : 5.5630304E7,
      "p99" : 5.5630304E7,
      "p999" : 5.5630304E7,
      "values" : [ 55630304 ],
      "stddev" : 0.0
    },
    "vm.memory.pools.PS-Survivor-Space.committed.history" : {
      "count" : 1,
      "max" : 14155776,
      "mean" : 1.4155776E7,
      "min" : 14155776,
      "p50" : 1.4155776E7,
      "p75" : 1.4155776E7,
      "p95" : 1.4155776E7,
      "p98" : 1.4155776E7,
      "p99" : 1.4155776E7,
      "p999" : 1.4155776E7,
      "values" : [ 14155776 ],
      "stddev" : 0.0
    },
    "vm.memory.pools.PS-Survivor-Space.committed.window.15m" : {
      "count" : 1,
      "max" : 14155776,
      "mean" : 1.4155776E7,
      "min" : 14155776,
      "p50" : 1.4155776E7,
      "p75" : 1.4155776E7,
      "p95" : 1.4155776E7,
      "p98" : 1.4155776E7,
      "p99" : 1.4155776E7,
      "p999" : 1.4155776E7,
      "values" : [ 14155776 ],
      "stddev" : 0.0
    },
    "vm.memory.pools.PS-Survivor-Space.committed.window.1h" : {
      "count" : 1,
      "max" : 14155776,
      "mean" : 1.4155776E7,
      "min" : 14155776,
      "p50" : 1.4155776E7,
      "p75" : 1.4155776E7,
      "p95" : 1.4155776E7,
      "p98" : 1.4155776E7,
      "p99" : 1.4155776E7,
      "p999" : 1.4155776E7,
      "values" : [ 14155776 ],
      "stddev" : 0.0
    },
    "vm.memory.pools.PS-Survivor-Space.committed.window.5m" : {
      "count" : 1,
      "max" : 14155776,
      "mean" : 1.4155776E7,
      "min" : 14155776,
      "p50" : 1.4155776E7,
      "p75" : 1.4155776E7,
      "p95" : 1.4155776E7,
      "p98" : 1.4155776E7,
      "p99" : 1.4155776E7,
      "p999" : 1.4155776E7,
      "values" : [ 14155776 ],
      "stddev" : 0.0
    },
    "vm.memory.pools.PS-Survivor-Space.usage.x100.history" : {
      "count" : 1,
      "max" : 96,
      "mean" : 96.0,
      "min" : 96,
      "p50" : 96.0,
      "p75" : 96.0,
      "p95" : 96.0,
      "p98" : 96.0,
      "p99" : 96.0,
      "p999" : 96.0,
      "values" : [ 96 ],
      "stddev" : 0.0
    },
    "vm.memory.pools.PS-Survivor-Space.usage.x100.window.15m" : {
      "count" : 1,
      "max" : 96,
      "mean" : 96.0,
      "min" : 96,
      "p50" : 96.0,
      "p75" : 96.0,
      "p95" : 96.0,
      "p98" : 96.0,
      "p99" : 96.0,
      "p999" : 96.0,
      "values" : [ 96 ],
      "stddev" : 0.0
    },
    "vm.memory.pools.PS-Survivor-Space.usage.x100.window.1h" : {
      "count" : 1,
      "max" : 96,
      "mean" : 96.0,
      "min" : 96,
      "p50" : 96.0,
      "p75" : 96.0,
      "p95" : 96.0,
      "p98" : 96.0,
      "p99" : 96.0,
      "p999" : 96.0,
      "values" : [ 96 ],
      "stddev" : 0.0
    },
    "vm.memory.pools.PS-Survivor-Space.usage.x100.window.5m" : {
      "count" : 1,
      "max" : 96,
      "mean" : 96.0,
      "min" : 96,
      "p50" : 96.0,
      "p75" : 96.0,
      "p95" : 96.0,
      "p98" : 96.0,
      "p99" : 96.0,
      "p999" : 96.0,
      "values" : [ 96 ],
      "stddev" : 0.0
    },
    "vm.memory.pools.PS-Survivor-Space.used.history" : {
      "count" : 1,
      "max" : 13653912,
      "mean" : 1.3653912E7,
      "min" : 13653912,
      "p50" : 1.3653912E7,
      "p75" : 1.3653912E7,
      "p95" : 1.3653912E7,
      "p98" : 1.3653912E7,
      "p99" : 1.3653912E7,
      "p999" : 1.3653912E7,
      "values" : [ 13653912 ],
      "stddev" : 0.0
    },
    "vm.memory.pools.PS-Survivor-Space.used.window.15m" : {
      "count" : 1,
      "max" : 13653912,
      "mean" : 1.3653912E7,
      "min" : 13653912,
      "p50" : 1.3653912E7,
      "p75" : 1.3653912E7,
      "p95" : 1.3653912E7,
      "p98" : 1.3653912E7,
      "p99" : 1.3653912E7,
      "p999" : 1.3653912E7,
      "values" : [ 13653912 ],
      "stddev" : 0.0
    },
    "vm.memory.pools.PS-Survivor-Space.used.window.1h" : {
      "count" : 1,
      "max" : 13653912,
      "mean" : 1.3653912E7,
      "min" : 13653912,
      "p50" : 1.3653912E7,
      "p75" : 1.3653912E7,
      "p95" : 1.3653912E7,
      "p98" : 1.3653912E7,
      "p99" : 1.3653912E7,
      "p999" : 1.3653912E7,
      "values" : [ 13653912 ],
      "stddev" : 0.0
    },
    "vm.memory.pools.PS-Survivor-Space.used.window.5m" : {
      "count" : 1,
      "max" : 13653912,
      "mean" : 1.3653912E7,
      "min" : 13653912,
      "p50" : 1.3653912E7,
      "p75" : 1.3653912E7,
      "p95" : 1.3653912E7,
      "p98" : 1.3653912E7,
      "p99" : 1.3653912E7,
      "p999" : 1.3653912E7,
      "values" : [ 13653912 ],
      "stddev" : 0.0
    },
    "vm.memory.total.committed.history" : {
      "count" : 1,
      "max" : 501964800,
      "mean" : 5.019648E8,
      "min" : 501964800,
      "p50" : 5.019648E8,
      "p75" : 5.019648E8,
      "p95" : 5.019648E8,
      "p98" : 5.019648E8,
      "p99" : 5.019648E8,
      "p999" : 5.019648E8,
      "values" : [ 501964800 ],
      "stddev" : 0.0
    },
    "vm.memory.total.committed.window.15m" : {
      "count" : 1,
      "max" : 501964800,
      "mean" : 5.019648E8,
      "min" : 501964800,
      "p50" : 5.019648E8,
      "p75" : 5.019648E8,
      "p95" : 5.019648E8,
      "p98" : 5.019648E8,
      "p99" : 5.019648E8,
      "p999" : 5.019648E8,
      "values" : [ 501964800 ],
      "stddev" : 0.0
    },
    "vm.memory.total.committed.window.1h" : {
      "count" : 1,
      "max" : 501964800,
      "mean" : 5.019648E8,
      "min" : 501964800,
      "p50" : 5.019648E8,
      "p75" : 5.019648E8,
      "p95" : 5.019648E8,
      "p98" : 5.019648E8,
      "p99" : 5.019648E8,
      "p999" : 5.019648E8,
      "values" : [ 501964800 ],
      "stddev" : 0.0
    },
    "vm.memory.total.committed.window.5m" : {
      "count" : 1,
      "max" : 501964800,
      "mean" : 5.019648E8,
      "min" : 501964800,
      "p50" : 5.019648E8,
      "p75" : 5.019648E8,
      "p95" : 5.019648E8,
      "p98" : 5.019648E8,
      "p99" : 5.019648E8,
      "p999" : 5.019648E8,
      "values" : [ 501964800 ],
      "stddev" : 0.0
    },
    "vm.memory.total.used.history" : {
      "count" : 1,
      "max" : 219750608,
      "mean" : 2.19750608E8,
      "min" : 219750608,
      "p50" : 2.19750608E8,
      "p75" : 2.19750608E8,
      "p95" : 2.19750608E8,
      "p98" : 2.19750608E8,
      "p99" : 2.19750608E8,
      "p999" : 2.19750608E8,
      "values" : [ 219750608 ],
      "stddev" : 0.0
    },
    "vm.memory.total.used.window.15m" : {
      "count" : 1,
      "max" : 219751632,
      "mean" : 2.19751632E8,
      "min" : 219751632,
      "p50" : 2.19751632E8,
      "p75" : 2.19751632E8,
      "p95" : 2.19751632E8,
      "p98" : 2.19751632E8,
      "p99" : 2.19751632E8,
      "p999" : 2.19751632E8,
      "values" : [ 219751632 ],
      "stddev" : 0.0
    },
    "vm.memory.total.used.window.1h" : {
      "count" : 1,
      "max" : 219751632,
      "mean" : 2.19751632E8,
      "min" : 219751632,
      "p50" : 2.19751632E8,
      "p75" : 2.19751632E8,
      "p95" : 2.19751632E8,
      "p98" : 2.19751632E8,
      "p99" : 2.19751632E8,
      "p999" : 2.19751632E8,
      "values" : [ 219751632 ],
      "stddev" : 0.0
    },
    "vm.memory.total.used.window.5m" : {
      "count" : 1,
      "max" : 219751632,
      "mean" : 2.19751632E8,
      "min" : 219751632,
      "p50" : 2.19751632E8,
      "p75" : 2.19751632E8,
      "p95" : 2.19751632E8,
      "p98" : 2.19751632E8,
      "p99" : 2.19751632E8,
      "p999" : 2.19751632E8,
      "values" : [ 219751632 ],
      "stddev" : 0.0
    }
  },
  "meters" : {
    "http.responseCodes.badRequest" : {
      "count" : 0,
      "m15_rate" : 0.0,
      "m1_rate" : 0.0,
      "m5_rate" : 0.0,
      "mean_rate" : 0.0,
      "units" : "events/minute"
    },
    "http.responseCodes.created" : {
      "count" : 0,
      "m15_rate" : 0.0,
      "m1_rate" : 0.0,
      "m5_rate" : 0.0,
      "mean_rate" : 0.0,
      "units" : "events/minute"
    },
    "http.responseCodes.forbidden" : {
      "count" : 0,
      "m15_rate" : 0.0,
      "m1_rate" : 0.0,
      "m5_rate" : 0.0,
      "mean_rate" : 0.0,
      "units" : "events/minute"
    },
    "http.responseCodes.noContent" : {
      "count" : 0,
      "m15_rate" : 0.0,
      "m1_rate" : 0.0,
      "m5_rate" : 0.0,
      "mean_rate" : 0.0,
      "units" : "events/minute"
    },
    "http.responseCodes.notFound" : {
      "count" : 0,
      "m15_rate" : 0.0,
      "m1_rate" : 0.0,
      "m5_rate" : 0.0,
      "mean_rate" : 0.0,
      "units" : "events/minute"
    },
    "http.responseCodes.notModified" : {
      "count" : 0,
      "m15_rate" : 0.0,
      "m1_rate" : 0.0,
      "m5_rate" : 0.0,
      "mean_rate" : 0.0,
      "units" : "events/minute"
    },
    "http.responseCodes.ok" : {
      "count" : 0,
      "m15_rate" : 0.0,
      "m1_rate" : 0.0,
      "m5_rate" : 0.0,
      "mean_rate" : 0.0,
      "units" : "events/minute"
    },
    "http.responseCodes.other" : {
      "count" : 0,
      "m15_rate" : 0.0,
      "m1_rate" : 0.0,
      "m5_rate" : 0.0,
      "mean_rate" : 0.0,
      "units" : "events/minute"
    },
    "http.responseCodes.serverError" : {
      "count" : 0,
      "m15_rate" : 0.0,
      "m1_rate" : 0.0,
      "m5_rate" : 0.0,
      "mean_rate" : 0.0,
      "units" : "events/minute"
    },
    "http.responseCodes.serviceUnavailable" : {
      "count" : 0,
      "m15_rate" : 0.0,
      "m1_rate" : 0.0,
      "m5_rate" : 0.0,
      "mean_rate" : 0.0,
      "units" : "events/minute"
    },
    "jenkins.job.scheduled" : {
      "count" : 0,
      "m15_rate" : 0.0,
      "m1_rate" : 0.0,
      "m5_rate" : 0.0,
      "mean_rate" : 0.0,
      "units" : "events/minute"
    },
    "jenkins.runs.aborted" : {
      "count" : 0,
      "m15_rate" : 0.0,
      "m1_rate" : 0.0,
      "m5_rate" : 0.0,
      "mean_rate" : 0.0,
      "units" : "events/minute"
    },
    "jenkins.runs.failure" : {
      "count" : 0,
      "m15_rate" : 0.0,
      "m1_rate" : 0.0,
      "m5_rate" : 0.0,
      "mean_rate" : 0.0,
      "units" : "events/minute"
    },
    "jenkins.runs.not_built" : {
      "count" : 0,
      "m15_rate" : 0.0,
      "m1_rate" : 0.0,
      "m5_rate" : 0.0,
      "mean_rate" : 0.0,
      "units" : "events/minute"
    },
    "jenkins.runs.success" : {
      "count" : 0,
      "m15_rate" : 0.0,
      "m1_rate" : 0.0,
      "m5_rate" : 0.0,
      "mean_rate" : 0.0,
      "units" : "events/minute"
    },
    "jenkins.runs.total" : {
      "count" : 0,
      "m15_rate" : 0.0,
      "m1_rate" : 0.0,
      "m5_rate" : 0.0,
      "mean_rate" : 0.0,
      "units" : "events/minute"
    },
    "jenkins.runs.unstable" : {
      "count" : 0,
      "m15_rate" : 0.0,
      "m1_rate" : 0.0,
      "m5_rate" : 0.0,
      "mean_rate" : 0.0,
      "units" : "events/minute"
    },
    "jenkins.task.scheduled" : {
      "count" : 0,
      "m15_rate" : 0.0,
      "m1_rate" : 0.0,
      "m5_rate" : 0.0,
      "mean_rate" : 0.0,
      "units" : "events/minute"
    }
  },
  "timers" : {
    "http.requests" : {
      "count" : 0,
      "max" : 0.0,
      "mean" : 0.0,
      "min" : 0.0,
      "p50" : 0.0,
      "p75" : 0.0,
      "p95" : 0.0,
      "p98" : 0.0,
      "p99" : 0.0,
      "p999" : 0.0,
      "values" : [ ],
      "stddev" : 0.0,
      "m15_rate" : 0.0,
      "m1_rate" : 0.0,
      "m5_rate" : 0.0,
      "mean_rate" : 0.0,
      "duration_units" : "seconds",
      "rate_units" : "calls/minute"
    },
    "jenkins.health-check.duration" : {
      "count" : 1,
      "max" : 0.014102356000000002,
      "mean" : 0.014102356000000002,
      "min" : 0.014102356000000002,
      "p50" : 0.014102356000000002,
      "p75" : 0.014102356000000002,
      "p95" : 0.014102356000000002,
      "p98" : 0.014102356000000002,
      "p99" : 0.014102356000000002,
      "p999" : 0.014102356000000002,
      "values" : [ 0.014102356000000002 ],
      "stddev" : 0.0,
      "m15_rate" : 0.06648182394123926,
      "m1_rate" : 0.9594670244481206,
      "m5_rate" : 0.1983425541405901,
      "mean_rate" : 3.0369408750412252,
      "duration_units" : "seconds",
      "rate_units" : "calls/minute"
    },
    "jenkins.job.blocked.duration" : {
      "count" : 0,
      "max" : 0.0,
      "mean" : 0.0,
      "min" : 0.0,
      "p50" : 0.0,
      "p75" : 0.0,
      "p95" : 0.0,
      "p98" : 0.0,
      "p99" : 0.0,
      "p999" : 0.0,
      "values" : [ ],
      "stddev" : 0.0,
      "m15_rate" : 0.0,
      "m1_rate" : 0.0,
      "m5_rate" : 0.0,
      "mean_rate" : 0.0,
      "duration_units" : "seconds",
      "rate_units" : "calls/minute"
    },
    "jenkins.job.buildable.duration" : {
      "count" : 0,
      "max" : 0.0,
      "mean" : 0.0,
      "min" : 0.0,
      "p50" : 0.0,
      "p75" : 0.0,
      "p95" : 0.0,
      "p98" : 0.0,
      "p99" : 0.0,
      "p999" : 0.0,
      "values" : [ ],
      "stddev" : 0.0,
      "m15_rate" : 0.0,
      "m1_rate" : 0.0,
      "m5_rate" : 0.0,
      "mean_rate" : 0.0,
      "duration_units" : "seconds",
      "rate_units" : "calls/minute"
    },
    "jenkins.job.building.duration" : {
      "count" : 0,
      "max" : 0.0,
      "mean" : 0.0,
      "min" : 0.0,
      "p50" : 0.0,
      "p75" : 0.0,
      "p95" : 0.0,
      "p98" : 0.0,
      "p99" : 0.0,
      "p999" : 0.0,
      "values" : [ ],
      "stddev" : 0.0,
      "m15_rate" : 0.0,
      "m1_rate" : 0.0,
      "m5_rate" : 0.0,
      "mean_rate" : 0.0,
      "duration_units" : "seconds",
      "rate_units" : "calls/minute"
    },
    "jenkins.job.execution.time" : {
      "count" : 0,
      "max" : 0.0,
      "mean" : 0.0,
      "min" : 0.0,
      "p50" : 0.0,
      "p75" : 0.0,
      "p95" : 0.0,
      "p98" : 0.0,
      "p99" : 0.0,
      "p999" : 0.0,
      "values" : [ ],
      "stddev" : 0.0,
      "m15_rate" : 0.0,
      "m1_rate" : 0.0,
      "m5_rate" : 0.0,
      "mean_rate" : 0.0,
      "duration_units" : "seconds",
      "rate_units" : "calls/minute"
    },
    "jenkins.job.queuing.duration" : {
      "count" : 0,
      "max" : 0.0,
      "mean" : 0.0,
      "min" : 0.0,
      "p50" : 0.0,
      "p75" : 0.0,
      "p95" : 0.0,
      "p98" : 0.0,
      "p99" : 0.0,
      "p999" : 0.0,
      "values" : [ ],
      "stddev" : 0.0,
      "m15_rate" : 0.0,
      "m1_rate" : 0.0,
      "m5_rate" : 0.0,
      "mean_rate" : 0.0,
      "duration_units" : "seconds",
      "rate_units" : "calls/minute"
    },
    "jenkins.job.total.duration" : {
      "count" : 0,
      "max" : 0.0,
      "mean" : 0.0,
      "min" : 0.0,
      "p50" : 0.0,
      "p75" : 0.0,
      "p95" : 0.0,
      "p98" : 0.0,
      "p99" : 0.0,
      "p999" : 0.0,
      "values" : [ ],
      "stddev" : 0.0,
      "m15_rate" : 0.0,
      "m1_rate" : 0.0,
      "m5_rate" : 0.0,
      "mean_rate" : 0.0,
      "duration_units" : "seconds",
      "rate_units" : "calls/minute"
    },
    "jenkins.job.waiting.duration" : {
      "count" : 0,
      "max" : 0.0,
      "mean" : 0.0,
      "min" : 0.0,
      "p50" : 0.0,
      "p75" : 0.0,
      "p95" : 0.0,
      "p98" : 0.0,
      "p99" : 0.0,
      "p999" : 0.0,
      "values" : [ ],
      "stddev" : 0.0,
      "m15_rate" : 0.0,
      "m1_rate" : 0.0,
      "m5_rate" : 0.0,
      "mean_rate" : 0.0,
      "duration_units" : "seconds",
      "rate_units" : "calls/minute"
    },
    "jenkins.task.blocked.duration" : {
      "count" : 0,
      "max" : 0.0,
      "mean" : 0.0,
      "min" : 0.0,
      "p50" : 0.0,
      "p75" : 0.0,
      "p95" : 0.0,
      "p98" : 0.0,
      "p99" : 0.0,
      "p999" : 0.0,
      "values" : [ ],
      "stddev" : 0.0,
      "m15_rate" : 0.0,
      "m1_rate" : 0.0,
      "m5_rate" : 0.0,
      "mean_rate" : 0.0,
      "duration_units" : "seconds",
      "rate_units" : "calls/minute"
    },
    "jenkins.task.buildable.duration" : {
      "count" : 0,
      "max" : 0.0,
      "mean" : 0.0,
      "min" : 0.0,
      "p50" : 0.0,
      "p75" : 0.0,
      "p95" : 0.0,
      "p98" : 0.0,
      "p99" : 0.0,
      "p999" : 0.0,
      "values" : [ ],
      "stddev" : 0.0,
      "m15_rate" : 0.0,
      "m1_rate" : 0.0,
      "m5_rate" : 0.0,
      "mean_rate" : 0.0,
      "duration_units" : "seconds",
      "rate_units" : "calls/minute"
    },
    "jenkins.task.execution.duration" : {
      "count" : 0,
      "max" : 0.0,
      "mean" : 0.0,
      "min" : 0.0,
      "p50" : 0.0,
      "p75" : 0.0,
      "p95" : 0.0,
      "p98" : 0.0,
      "p99" : 0.0,
      "p999" : 0.0,
      "values" : [ ],
      "stddev" : 0.0,
      "m15_rate" : 0.0,
      "m1_rate" : 0.0,
      "m5_rate" : 0.0,
      "mean_rate" : 0.0,
      "duration_units" : "seconds",
      "rate_units" : "calls/minute"
    },
    "jenkins.task.queuing.duration" : {
      "count" : 0,
      "max" : 0.0,
      "mean" : 0.0,
      "min" : 0.0,
      "p50" : 0.0,
      "p75" : 0.0,
      "p95" : 0.0,
      "p98" : 0.0,
      "p99" : 0.0,
      "p999" : 0.0,
      "values" : [ ],
      "stddev" : 0.0,
      "m15_rate" : 0.0,
      "m1_rate" : 0.0,
      "m5_rate" : 0.0,
      "mean_rate" : 0.0,
      "duration_units" : "seconds",
      "rate_units" : "calls/minute"
    },
    "jenkins.task.waiting.duration" : {
      "count" : 0,
      "max" : 0.0,
      "mean" : 0.0,
      "min" : 0.0,
      "p50" : 0.0,
      "p75" : 0.0,
      "p95" : 0.0,
      "p98" : 0.0,
      "p99" : 0.0,
      "p999" : 0.0,
      "values" : [ ],
      "stddev" : 0.0,
      "m15_rate" : 0.0,
      "m1_rate" : 0.0,
      "m5_rate" : 0.0,
      "mean_rate" : 0.0,
      "duration_units" : "seconds",
      "rate_units" : "calls/minute"
    }
  }
}