{
  "version" : "4.0.0",
  "gauges" : {
    "jenkins.executor.count.value" : {
      "value" : 2
    },
    "jenkins.executor.free.value" : {
      "value" : 2
    },
    "jenkins.executor.in-use.value" : {
      "value" : 0
    },
    "jenkins.health-check.count" : {
      "value" : 4
    },
    "jenkins.health-check.inverse-score" : {
      "value" : 0.0
    },
    "jenkins.health-check.score" : {
      "value" : 1.0
    },
    "jenkins.job.averageDepth" : {
      "value" : 0.0
    },
    "jenkins.job.count.value" : {
      "value" : 0
    },
    "jenkins.node.count.value" : {
      "value" : 1
    },
    "jenkins.node.offline.value" : {
      "value" : 0
    },
    "jenkins.node.online.value" : {
      "value" : 1
    },
    "jenkins.plugins.active" : {
      "value" : 107
    },
    "jenkins.plugins.failed" : {
      "value" : 0
    },
    "jenkins.plugins.inactive" : {
      "value" : 0
    },
    "jenkins.plugins.withUpdate" : {
      "value" : 0
    },
    "jenkins.project.count.value" : {
      "value" : 0
    },
    "jenkins.project.disabled.count.value" : {
      "value" : 0
    },
    "jenkins.project.enabled.count.value" : {
      "value" : 0
    },
    "jenkins.queue.blocked.value" : {
      "value" : 0
    },
    "jenkins.queue.buildable.value" : {
      "value" : 0
    },
    "jenkins.queue.pending.value" : {
      "value" : 0
    },
    "jenkins.queue.size.value" : {
      "value" : 0
    },
    "jenkins.queue.stuck.value" : {
      "value" : 0
    },
    "jenkins.versions.core" : {
      "value" : "2.150.3"
    },
    "jenkins.versions.plugin.ace-editor" : {
      "value" : "1.1"
    },
    "jenkins.versions.plugin.ant" : {
      "value" : "1.9"
    },
    "jenkins.versions.plugin.apache-httpcomponents-client-4-api" : {
      "value" : "4.5.5-3.0"
    },
    "jenkins.versions.plugin.artifactory" : {
      "value" : "3.1.0"
    },
    "jenkins.versions.plugin.authentication-tokens" : {
      "value" : "1.3"
    },
    "jenkins.versions.plugin.blueocean" : {
      "value" : "1.10.1"
    },
    "jenkins.versions.plugin.blueocean-autofavorite" : {
      "value" : "1.2.2"
    },
    "jenkins.versions.plugin.blueocean-bitbucket-pipeline" : {
      "value" : "1.10.1"
    },
    "jenkins.versions.plugin.blueocean-commons" : {
      "value" : "1.10.1"
    },
    "jenkins.versions.plugin.blueocean-config" : {
      "value" : "1.10.1"
    },
    "jenkins.versions.plugin.blueocean-core-js" : {
      "value" : "1.10.1"
    },
    "jenkins.versions.plugin.blueocean-dashboard" : {
      "value" : "1.10.1"
    },
    "jenkins.versions.plugin.blueocean-display-url" : {
      "value" : "2.2.0"
    },
    "jenkins.versions.plugin.blueocean-events" : {
      "value" : "1.10.1"
    },
    "jenkins.versions.plugin.blueocean-git-pipeline" : {
      "value" : "1.10.1"
    },
    "jenkins.versions.plugin.blueocean-github-pipeline" : {
      "value" : "1.10.1"
    },
    "jenkins.versions.plugin.blueocean-i18n" : {
      "value" : "1.10.1"
    },
    "jenkins.versions.plugin.blueocean-jira" : {
      "value" : "1.10.1"
    },
    "jenkins.versions.plugin.blueocean-jwt" : {
      "value" : "1.10.1"
    },
    "jenkins.versions.plugin.blueocean-personalization" : {
      "value" : "1.10.1"
    },
    "jenkins.versions.plugin.blueocean-pipeline-api-impl" : {
      "value" : "1.10.1"
    },
    "jenkins.versions.plugin.blueocean-pipeline-editor" : {
      "value" : "1.10.1"
    },
    "jenkins.versions.plugin.blueocean-pipeline-scm-api" : {
      "value" : "1.10.1"
    },
    "jenkins.versions.plugin.blueocean-rest" : {
      "value" : "1.10.1"
    },
    "jenkins.versions.plugin.blueocean-rest-impl" : {
      "value" : "1.10.1"
    },
    "jenkins.versions.plugin.blueocean-web" : {
      "value" : "1.10.1"
    },
    "jenkins.versions.plugin.bouncycastle-api" : {
      "value" : "2.17"
    },
    "jenkins.versions.plugin.branch-api" : {
      "value" : "2.1.2"
    },
    "jenkins.versions.plugin.cloudbees-bitbucket-branch-source" : {
      "value" : "2.4.0"
    },
    "jenkins.versions.plugin.cloudbees-folder" : {
      "value" : "6.7"
    },
    "jenkins.versions.plugin.command-launcher" : {
      "value" : "1.3"
    },
    "jenkins.versions.plugin.config-file-provider" : {
      "value" : "3.4.1"
    },
    "jenkins.versions.plugin.configuration-as-code" : {
      "value" : "1.4"
    },
    "jenkins.versions.plugin.credentials" : {
      "value" : "2.1.18"
    },
    "jenkins.versions.plugin.credentials-binding" : {
      "value" : "1.17"
    },
    "jenkins.versions.plugin.display-url-api" : {
      "value" : "2.3.0"
    },
    "jenkins.versions.plugin.docker-commons" : {
      "value" : "1.13"
    },
    "jenkins.versions.plugin.docker-workflow" : {
      "value" : "1.17"
    },
    "jenkins.versions.plugin.durable-task" : {
      "value" : "1.28"
    },
    "jenkins.versions.plugin.favorite" : {
      "value" : "2.3.2"
    },
    "jenkins.versions.plugin.git" : {
      "value" : "3.9.1"
    },
    "jenkins.versions.plugin.git-client" : {
      "value" : "2.7.6"
    },
    "jenkins.versions.plugin.git-server" : {
      "value" : "1.7"
    },
    "jenkins.versions.plugin.gitea" : {
      "value" : "1.0.8"
    },
    "jenkins.versions.plugin.github" : {
      "value" : "1.29.3"
    },
    "jenkins.versions.plugin.github-api" : {
      "value" : "1.95"
    },
    "jenkins.versions.plugin.github-branch-source" : {
      "value" : "2.4.2"
    },
    "jenkins.versions.plugin.gitlab-plugin" : {
      "value" : "1.5.11"
    },
    "jenkins.versions.plugin.gradle" : {
      "value" : "1.30"
    },
    "jenkins.versions.plugin.handlebars" : {
      "value" : "1.1.1"
    },
    "jenkins.versions.plugin.handy-uri-templates-2-api" : {
      "value" : "2.1.6-1.0"
    },
    "jenkins.versions.plugin.htmlpublisher" : {
      "value" : "1.17"
    },
    "jenkins.versions.plugin.ivy" : {
      "value" : "1.28"
    },
    "jenkins.versions.plugin.jackson2-api" : {
      "value" : "2.9.8"
    },
    "jenkins.versions.plugin.javadoc" : {
      "value" : "1.4"
    },
    "jenkins.versions.plugin.jenkins-design-language" : {
      "value" : "1.10.1"
    },
    "jenkins.versions.plugin.jira" : {
      "value" : "3.0.5"
    },
    "jenkins.versions.plugin.jquery-detached" : {
      "value" : "1.2.1"
    },
    "jenkins.versions.plugin.jsch" : {
      "value" : "0.1.55"
    },
    "jenkins.versions.plugin.junit" : {
      "value" : "1.26.1"
    },
    "jenkins.versions.plugin.jx-resources" : {
      "value" : "1.0.35"
    },
    "jenkins.versions.plugin.kubernetes" : {
      "value" : "1.14.3"
    },
    "jenkins.versions.plugin.kubernetes-credentials" : {
      "value" : "0.4.0"
    },
    "jenkins.versions.plugin.kubernetes-credentials-provider" : {
      "value" : "0.11"
    },
    "jenkins.versions.plugin.localization-zh-cn" : {
      "value" : "0.0.11"
    },
    "jenkins.versions.plugin.lockable-resources" : {
      "value" : "2.3"
    },
    "jenkins.versions.plugin.mailer" : {
      "value" : "1.23"
    },
    "jenkins.versions.plugin.matrix-project" : {
      "value" : "1.13"
    },
    "jenkins.versions.plugin.maven-plugin" : {
      "value" : "3.2"
    },
    "jenkins.versions.plugin.mercurial" : {
      "value" : "2.4"
    },
    "jenkins.versions.plugin.metrics" : {
      "value" : "4.0.2.2"
    },
    "jenkins.versions.plugin.momentjs" : {
      "value" : "1.1.1"
    },
    "jenkins.versions.plugin.pipeline-build-step" : {
      "value" : "2.7"
    },
    "jenkins.versions.plugin.pipeline-graph-analysis" : {
      "value" : "1.9"
    },
    "jenkins.versions.plugin.pipeline-input-step" : {
      "value" : "2.9"
    },
    "jenkins.versions.plugin.pipeline-milestone-step" : {
      "value" : "1.3.1"
    },
    "jenkins.versions.plugin.pipeline-model-api" : {
      "value" : "1.3.4.1"
    },
    "jenkins.versions.plugin.pipeline-model-declarative-agent" : {
      "value" : "1.1.1"
    },
    "jenkins.versions.plugin.pipeline-model-definition" : {
      "value" : "1.3.4.1"
    },
    "jenkins.versions.plugin.pipeline-model-extensions" : {
      "value" : "1.3.4.1"
    },
    "jenkins.versions.plugin.pipeline-rest-api" : {
      "value" : "2.10"
    },
    "jenkins.versions.plugin.pipeline-stage-step" : {
      "value" : "2.3"
    },
    "jenkins.versions.plugin.pipeline-stage-tags-metadata" : {
      "value" : "1.3.4.1"
    },
    "jenkins.versions.plugin.pipeline-stage-view" : {
      "value" : "2.10"
    },
    "jenkins.versions.plugin.plain-credentials" : {
      "value" : "1.5"
    },
    "jenkins.versions.plugin.pubsub-light" : {
      "value" : "1.12"
    },
    "jenkins.versions.plugin.resource-disposer" : {
      "value" : "0.12"
    },
    "jenkins.versions.plugin.scm-api" : {
      "value" : "2.3.0"
    },
    "jenkins.versions.plugin.script-security" : {
      "value" : "1.50"
    },
    "jenkins.versions.plugin.sse-gateway" : {
      "value" : "1.17"
    },
    "jenkins.versions.plugin.ssh-credentials" : {
      "value" : "1.14"
    },
    "jenkins.versions.plugin.structs" : {
      "value" : "1.17"
    },
    "jenkins.versions.plugin.support-core" : {
      "value" : "2.54"
    },
    "jenkins.versions.plugin.token-macro" : {
      "value" : "2.5"
    },
    "jenkins.versions.plugin.variant" : {
      "value" : "1.1"
    },
    "jenkins.versions.plugin.workflow-aggregator" : {
      "value" : "2.6"
    },
    "jenkins.versions.plugin.workflow-api" : {
      "value" : "2.33"
    },
    "jenkins.versions.plugin.workflow-basic-steps" : {
      "value" : "2.14"
    },
    "jenkins.versions.plugin.workflow-cps" : {
      "value" : "2.62"
    },
    "jenkins.versions.plugin.workflow-cps-global-lib" : {
      "value" : "2.12"
    },
    "jenkins.versions.plugin.workflow-durable-task-step" : {
      "value" : "2.28"
    },
    "jenkins.versions.plugin.workflow-job" : {
      "value" : "2.31"
    },
    "jenkins.versions.plugin.workflow-multibranch" : {
      "value" : "2.20"
    },
    "jenkins.versions.plugin.workflow-scm-step" : {
      "value" : "2.7"
    },
    "jenkins.versions.plugin.workflow-step-api" : {
      "value" : "2.18"
    },
    "jenkins.versions.plugin.workflow-support" : {
      "value" : "3.0"
    },
    "jenkins.versions.plugin.ws-cleanup" : {
      "value" : "0.37"
    },
    "system.cpu.load" : {
      "value" : 4.55
    },
    "vm.blocked.count" : {
      "value" : 0
    },
    "vm.class.loaded" : {
      "value" : 15780
    },
    "vm.class.unloaded" : {
      "value" : 1
    },
    "vm.count" : {
      "value" : 42
    },
    "vm.cpu.load" : {
      "value" : 0.431260945709282
    },
    "vm.daemon.count" : {
      "value" : 27
    },
    "vm.deadlock.count" : {
      "value" : 0
    },
    "vm.deadlocks" : {
      "value" : [ ]
    },
    "vm.file.descriptor.ratio" : {
      "value" : 6.475448608398438E-4
    },
    "vm.gc.Copy.count" : {
      "value" : 228
    },
    "vm.gc.Copy.time" : {
      "value" : 2491
    },
    "vm.gc.MarkSweepCompact.count" : {
      "value" : 7
    },
    "vm.gc.MarkSweepCompact.time" : {
      "value" : 1120
    },
    "vm.memory.heap.committed" : {
      "value" : 87990272
    },
    "vm.memory.heap.init" : {
      "value" : 16777216
    },
    "vm.memory.heap.max" : {
      "value" : 251396096
    },
    "vm.memory.heap.usage" : {
      "value" : 0.29864088263327687
    },
    "vm.memory.heap.used" : {
      "value" : 75077152
    },
    "vm.memory.non-heap.committed" : {
      "value" : 133758976
    },
    "vm.memory.non-heap.init" : {
      "value" : 2555904
    },
    "vm.memory.non-heap.max" : {
      "value" : -1
    },
    "vm.memory.non-heap.usage" : {
      "value" : -1.22354984E8
    },
    "vm.memory.non-heap.used" : {
      "value" : 122354984
    },
    "vm.memory.pools.Code-Cache.committed" : {
      "value" : 19464192
    },
    "vm.memory.pools.Code-Cache.init" : {
      "value" : 2555904
    },
    "vm.memory.pools.Code-Cache.max" : {
      "value" : 251658240
    },
    "vm.memory.pools.Code-Cache.usage" : {
      "value" : 0.0761199951171875
    },
    "vm.memory.pools.Code-Cache.used" : {
      "value" : 19159808
    },
    "vm.memory.pools.Compressed-Class-Space.committed" : {
      "value" : 12976128
    },
    "vm.memory.pools.Compressed-Class-Space.init" : {
      "value" : 0
    },
    "vm.memory.pools.Compressed-Class-Space.max" : {
      "value" : 1073741824
    },
    "vm.memory.pools.Compressed-Class-Space.usage" : {
      "value" : 0.010030023753643036
    },
    "vm.memory.pools.Compressed-Class-Space.used" : {
      "value" : 10769656
    },
    "vm.memory.pools.Eden-Space.committed" : {
      "value" : 24379392
    },
    "vm.memory.pools.Eden-Space.init" : {
      "value" : 4521984
    },
    "vm.memory.pools.Eden-Space.max" : {
      "value" : 69337088
    },
    "vm.memory.pools.Eden-Space.usage" : {
      "value" : 0.22794404056887996
    },
    "vm.memory.pools.Eden-Space.used" : {
      "value" : 15804976
    },
    "vm.memory.pools.Eden-Space.used-after-gc" : {
      "value" : 0
    },
    "vm.memory.pools.Metaspace.committed" : {
      "value" : 101318656
    },
    "vm.memory.pools.Metaspace.init" : {
      "value" : 0
    },
    "vm.memory.pools.Metaspace.max" : {
      "value" : -1
    },
    "vm.memory.pools.Metaspace.usage" : {
      "value" : 0.9122816631124676
    },
    "vm.memory.pools.Metaspace.used" : {
      "value" : 92431152
    },
    "vm.memory.pools.Survivor-Space.committed" : {
      "value" : 3014656
    },
    "vm.memory.pools.Survivor-Space.init" : {
      "value" : 524288
    },
    "vm.memory.pools.Survivor-Space.max" : {
      "value" : 8650752
    },
    "vm.memory.pools.Survivor-Space.usage" : {
      "value" : 0.2630568995620265
    },
    "vm.memory.pools.Survivor-Space.used" : {
      "value" : 2275640
    },
    "vm.memory.pools.Survivor-Space.used-after-gc" : {
      "value" : 2275640
    },
    "vm.memory.pools.Tenured-Gen.committed" : {
      "value" : 60596224
    },
    "vm.memory.pools.Tenured-Gen.init" : {
      "value" : 11206656
    },
    "vm.memory.pools.Tenured-Gen.max" : {
      "value" : 173408256
    },
    "vm.memory.pools.Tenured-Gen.usage" : {
      "value" : 0.3305098922164352
    },
    "vm.memory.pools.Tenured-Gen.used" : {
      "value" : 57313144
    },
    "vm.memory.pools.Tenured-Gen.used-after-gc" : {
      "value" : 36355904
    },
    "vm.memory.total.committed" : {
      "value" : 221749248
    },
    "vm.memory.total.init" : {
      "value" : 19333120
    },
    "vm.memory.total.max" : {
      "value" : 251396095
    },
    "vm.memory.total.used" : {
      "value" : 197754504
    },
    "vm.new.count" : {
      "value" : 0
    },
    "vm.runnable.count" : {
      "value" : 9
    },
    "vm.terminated.count" : {
      "value" : 0
    },
    "vm.timed_waiting.count" : {
      "value" : 17
    },
    "vm.uptime.milliseconds" : {
      "value" : 115038
    },
    "vm.waiting.count" : {
      "value" : 16
    }
  },
  "counters" : {
    "http.activeRequests" : {
      "count" : 0
    }
  },
  "histograms" : {
    "jenkins.executor.count.history" : {
      "count" : 1,
      "max" : 2,
      "mean" : 2.0,
      "min" : 2,
      "p50" : 2.0,
      "p75" : 2.0,
      "p95" : 2.0,
      "p98" : 2.0,
      "p99" : 2.0,
      "p999" : 2.0,
      "values" : [ 2 ],
      "stddev" : 0.0
    },
    "jenkins.executor.free.history" : {
      "count" : 1,
      "max" : 2,
      "mean" : 2.0,
      "min" : 2,
      "p50" : 2.0,
      "p75" : 2.0,
      "p95" : 2.0,
      "p98" : 2.0,
      "p99" : 2.0,
      "p999" : 2.0,
      "values" : [ 2 ],
      "stddev" : 0.0
    },
    "jenkins.executor.in-use.history" : {
      "count" : 1,
      "max" : 0,
      "mean" : 0.0,
      "min" : 0,
      "p50" : 0.0,
      "p75" : 0.0,
      "p95" : 0.0,
      "p98" : 0.0,
      "p99" : 0.0,
      "p999" : 0.0,
      "values" : [ 0 ],
      "stddev" : 0.0
    },
    "jenkins.job.count.history" : {
      "count" : 1,
      "max" : 0,
      "mean" : 0.0,
      "min" : 0,
      "p50" : 0.0,
      "p75" : 0.0,
      "p95" : 0.0,
      "p98" : 0.0,
      "p99" : 0.0,
      "p999" : 0.0,
      "values" : [ 0 ],
      "stddev" : 0.0
    },
    "jenkins.node.count.history" : {
      "count" : 1,
      "max" : 1,
      "mean" : 1.0,
      "min" : 1,
      "p50" : 1.0,
      "p75" : 1.0,
      "p95" : 1.0,
      "p98" : 1.0,
      "p99" : 1.0,
      "p999" : 1.0,
      "values" : [ 1 ],
      "stddev" : 0.0
    },
    "jenkins.node.offline.history" : {
      "count" : 1,
      "max" : 0,
      "mean" : 0.0,
      "min" : 0,
      "p50" : 0.0,
      "p75" : 0.0,
      "p95" : 0.0,
      "p98" : 0.0,
      "p99" : 0.0,
      "p999" : 0.0,
      "values" : [ 0 ],
      "stddev" : 0.0
    },
    "jenkins.node.online.history" : {
      "count" : 1,
      "max" : 1,
      "mean" : 1.0,
      "min" : 1,
      "p50" : 1.0,
      "p75" : 1.0,
      "p95" : 1.0,
      "p98" : 1.0,
      "p99" : 1.0,
      "p999" : 1.0,
      "values" : [ 1 ],
      "stddev" : 0.0
    },
    "jenkins.project.count.history" : {
      "count" : 1,
      "max" : 0,
      "mean" : 0.0,
      "min" : 0,
      "p50" : 0.0,
      "p75" : 0.0,
      "p95" : 0.0,
      "p98" : 0.0,
      "p99" : 0.0,
      "p999" : 0.0,
      "values" : [ 0 ],
      "stddev" : 0.0
    },
    "jenkins.project.disabled.count.history" : {
      "count" : 1,
      "max" : 0,
      "mean" : 0.0,
      "min" : 0,
      "p50" : 0.0,
      "p75" : 0.0,
      "p95" : 0.0,
      "p98" : 0.0,
      "p99" : 0.0,
      "p999" : 0.0,
      "values" : [ 0 ],
      "stddev" : 0.0
    },
    "jenkins.project.enabled.count.history" : {
      "count" : 1,
      "max" : 0,
      "mean" : 0.0,
      "min" : 0,
      "p50" : 0.0,
      "p75" : 0.0,
      "p95" : 0.0,
      "p98" : 0.0,
      "p99" : 0.0,
      "p999" : 0.0,
      "values" : [ 0 ],
      "stddev" : 0.0
    },
    "jenkins.queue.blocked.history" : {
      "count" : 1,
      "max" : 0,
      "mean" : 0.0,
      "min" : 0,
      "p50" : 0.0,
      "p75" : 0.0,
      "p95" : 0.0,
      "p98" : 0.0,
      "p99" : 0.0,
      "p999" : 0.0,
      "values" : [ 0 ],
      "stddev" : 0.0
    },
    "jenkins.queue.buildable.history" : {
      "count" : 1,
      "max" : 0,
      "mean" : 0.0,
      "min" : 0,
      "p50" : 0.0,
      "p75" : 0.0,
      "p95" : 0.0,
      "p98" : 0.0,
      "p99" : 0.0,
      "p999" : 0.0,
      "values" : [ 0 ],
      "stddev" : 0.0
    },
    "jenkins.queue.pending.history" : {
      "count" : 1,
      "max" : 0,
      "mean" : 0.0,
      "min" : 0,
      "p50" : 0.0,
      "p75" : 0.0,
      "p95" : 0.0,
      "p98" : 0.0,
      "p99" : 0.0,
      "p999" : 0.0,
      "values" : [ 0 ],
      "stddev" : 0.0
    },
    "jenkins.queue.size.history" : {
      "count" : 1,
      "max" : 0,
      "mean" : 0.0,
      "min" : 0,
      "p50" : 0.0,
      "p75" : 0.0,
      "p95" : 0.0,
      "p98" : 0.0,
      "p99" : 0.0,
      "p999" : 0.0,
      "values" : [ 0 ],
      "stddev" : 0.0
    },
    "jenkins.queue.stuck.history" : {
      "count" : 1,
      "max" : 0,
      "mean" : 0.0,
      "min" : 0,
      "p50" : 0.0,
      "p75" : 0.0,
      "p95" : 0.0,
      "p98" : 0.0,
      "p99" : 0.0,
      "p999" : 0.0,
      "values" : [ 0 ],
      "stddev" : 0.0
    },
    "system.cpu.load.x100.history" : {
      "count" : 1,
      "max" : 468,
      "mean" : 468.0,
      "min" : 468,
      "p50" : 468.0,
      "p75" : 468.0,
      "p95" : 468.0,
      "p98" : 468.0,
      "p99" : 468.0,
      "p999" : 468.0,
      "values" : [ 468 ],
      "stddev" : 0.0
    },
    "system.cpu.load.x100.window.15m" : {
      "count" : 1,
      "max" : 468,
      "mean" : 468.0,
      "min" : 468,
      "p50" : 468.0,
      "p75" : 468.0,
      "p95" : 468.0,
      "p98" : 468.0,
      "p99" : 468.0,
      "p999" : 468.0,
      "values" : [ 468 ],
      "stddev" : 0.0
    },
    "system.cpu.load.x100.window.1h" : {
      "count" : 1,
      "max" : 468,
      "mean" : 468.0,
      "min" : 468,
      "p50" : 468.0,
      "p75" : 468.0,
      "p95" : 468.0,
      "p98" : 468.0,
      "p99" : 468.0,
      "p999" : 468.0,
      "values" : [ 468 ],
      "stddev" : 0.0
    },
    "system.cpu.load.x100.window.5m" : {
      "count" : 1,
      "max" : 468,
      "mean" : 468.0,
      "min" : 468,
      "p50" : 468.0,
      "p75" : 468.0,
      "p95" : 468.0,
      "p98" : 468.0,
      "p99" : 468.0,
      "p999" : 468.0,
      "values" : [ 468 ],
      "stddev" : 0.0
    },
    "vm.cpu.load.x100.history" : {
      "count" : 1,
      "max" : 45,
      "mean" : 45.0,
      "min" : 45,
      "p50" : 45.0,
      "p75" : 45.0,
      "p95" : 45.0,
      "p98" : 45.0,
      "p99" : 45.0,
      "p999" : 45.0,
      "values" : [ 45 ],
      "stddev" : 0.0
    },
    "vm.cpu.load.x100.window.15m" : {
      "count" : 1,
      "max" : 45,
      "mean" : 45.0,
      "min" : 45,
      "p50" : 45.0,
      "p75" : 45.0,
      "p95" : 45.0,
      "p98" : 45.0,
      "p99" : 45.0,
      "p999" : 45.0,
      "values" : [ 45 ],
      "stddev" : 0.0
    },
    "vm.cpu.load.x100.window.1h" : {
      "count" : 1,
      "max" : 45,
      "mean" : 45.0,
      "min" : 45,
      "p50" : 45.0,
      "p75" : 45.0,
      "p95" : 45.0,
      "p98" : 45.0,
      "p99" : 45.0,
      "p999" : 45.0,
      "values" : [ 45 ],
      "stddev" : 0.0
    },
    "vm.cpu.load.x100.window.5m" : {
      "count" : 1,
      "max" : 45,
      "mean" : 45.0,
      "min" : 45,
      "p50" : 45.0,
      "p75" : 45.0,
      "p95" : 45.0,
      "p98" : 45.0,
      "p99" : 45.0,
      "p999" : 45.0,
      "values" : [ 45 ],
      "stddev" : 0.0
    },
    "vm.file.descriptor.ratio.x100.history" : {
      "count" : 1,
      "max" : 0,
      "mean" : 0.0,
      "min" : 0,
      "p50" : 0.0,
      "p75" : 0.0,
      "p95" : 0.0,
      "p98" : 0.0,
      "p99" : 0.0,
      "p999" : 0.0,
      "values" : [ 0 ],
      "stddev" : 0.0
    },
    "vm.file.descriptor.ratio.x100.window.15m" : {
      "count" : 1,
      "max" : 0,
      "mean" : 0.0,
      "min" : 0,
      "p50" : 0.0,
      "p75" : 0.0,
      "p95" : 0.0,
      "p98" : 0.0,
      "p99" : 0.0,
      "p999" : 0.0,
      "values" : [ 0 ],
      "stddev" : 0.0
    },
    "vm.file.descriptor.ratio.x100.window.1h" : {
      "count" : 1,
      "max" : 0,
      "mean" : 0.0,
      "min" : 0,
      "p50" : 0.0,
      "p75" : 0.0,
      "p95" : 0.0,
      "p98" : 0.0,
      "p99" : 0.0,
      "p999" : 0.0,
      "values" : [ 0 ],
      "stddev" : 0.0
    },
    "vm.file.descriptor.ratio.x100.window.5m" : {
      "count" : 1,
      "max" : 0,
      "mean" : 0.0,
      "min" : 0,
      "p50" : 0.0,
      "p75" : 0.0,
      "p95" : 0.0,
      "p98" : 0.0,
      "p99" : 0.0,
      "p999" : 0.0,
      "values" : [ 0 ],
      "stddev" : 0.0
    },
    "vm.memory.heap.committed.history" : {
      "count" : 1,
      "max" : 87990272,
      "mean" : 8.7990272E7,
      "min" : 87990272,
      "p50" : 8.7990272E7,
      "p75" : 8.7990272E7,
      "p95" : 8.7990272E7,
      "p98" : 8.7990272E7,
      "p99" : 8.7990272E7,
      "p999" : 8.7990272E7,
      "values" : [ 87990272 ],
      "stddev" : 0.0
    },
    "vm.memory.heap.committed.window.15m" : {
      "count" : 1,
      "max" : 87990272,
      "mean" : 8.7990272E7,
      "min" : 87990272,
      "p50" : 8.7990272E7,
      "p75" : 8.7990272E7,
      "p95" : 8.7990272E7,
      "p98" : 8.7990272E7,
      "p99" : 8.7990272E7,
      "p999" : 8.7990272E7,
      "values" : [ 87990272 ],
      "stddev" : 0.0
    },
    "vm.memory.heap.committed.window.1h" : {
      "count" : 1,
      "max" : 87990272,
      "mean" : 8.7990272E7,
      "min" : 87990272,
      "p50" : 8.7990272E7,
      "p75" : 8.7990272E7,
      "p95" : 8.7990272E7,
      "p98" : 8.7990272E7,
      "p99" : 8.7990272E7,
      "p999" : 8.7990272E7,
      "values" : [ 87990272 ],
      "stddev" : 0.0
    },
    "vm.memory.heap.committed.window.5m" : {
      "count" : 1,
      "max" : 87990272,
      "mean" : 8.7990272E7,
      "min" : 87990272,
      "p50" : 8.7990272E7,
      "p75" : 8.7990272E7,
      "p95" : 8.7990272E7,
      "p98" : 8.7990272E7,
      "p99" : 8.7990272E7,
      "p999" : 8.7990272E7,
      "values" : [ 87990272 ],
      "stddev" : 0.0
    },
    "vm.memory.heap.usage.x100.history" : {
      "count" : 1,
      "max" : 26,
      "mean" : 26.0,
      "min" : 26,
      "p50" : 26.0,
      "p75" : 26.0,
      "p95" : 26.0,
      "p98" : 26.0,
      "p99" : 26.0,
      "p999" : 26.0,
      "values" : [ 26 ],
      "stddev" : 0.0
    },
    "vm.memory.heap.usage.x100.window.15m" : {
      "count" : 1,
      "max" : 26,
      "mean" : 26.0,
      "min" : 26,
      "p50" : 26.0,
      "p75" : 26.0,
      "p95" : 26.0,
      "p98" : 26.0,
      "p99" : 26.0,
      "p999" : 26.0,
      "values" : [ 26 ],
      "stddev" : 0.0
    },
    "vm.memory.heap.usage.x100.window.1h" : {
      "count" : 1,
      "max" : 26,
      "mean" : 26.0,
      "min" : 26,
      "p50" : 26.0,
      "p75" : 26.0,
      "p95" : 26.0,
      "p98" : 26.0,
      "p99" : 26.0,
      "p999" : 26.0,
      "values" : [ 26 ],
      "stddev" : 0.0
    },
    "vm.memory.heap.usage.x100.window.5m" : {
      "count" : 1,
      "max" : 26,
      "mean" : 26.0,
      "min" : 26,
      "p50" : 26.0,
      "p75" : 26.0,
      "p95" : 26.0,
      "p98" : 26.0,
      "p99" : 26.0,
      "p999" : 26.0,
      "values" : [ 26 ],
      "stddev" : 0.0
    },
    "vm.memory.heap.used.history" : {
      "count" : 1,
      "max" : 66026240,
      "mean" : 6.602624E7,
      "min" : 66026240,
      "p50" : 6.602624E7,
      "p75" : 6.602624E7,
      "p95" : 6.602624E7,
      "p98" : 6.602624E7,
      "p99" : 6.602624E7,
      "p999" : 6.602624E7,
      "values" : [ 66026240 ],
      "stddev" : 0.0
    },
    "vm.memory.heap.used.window.15m" : {
      "count" : 1,
      "max" : 66026240,
      "mean" : 6.602624E7,
      "min" : 66026240,
      "p50" : 6.602624E7,
      "p75" : 6.602624E7,
      "p95" : 6.602624E7,
      "p98" : 6.602624E7,
      "p99" : 6.602624E7,
      "p999" : 6.602624E7,
      "values" : [ 66026240 ],
      "stddev" : 0.0
    },
    "vm.memory.heap.used.window.1h" : {
      "count" : 1,
      "max" : 66026240,
      "mean" : 6.602624E7,
      "min" : 66026240,
      "p50" : 6.602624E7,
      "p75" : 6.602624E7,
      "p95" : 6.602624E7,
      "p98" : 6.602624E7,
      "p99" : 6.602624E7,
      "p999" : 6.602624E7,
      "values" : [ 66026240 ],
      "stddev" : 0.0
    },
    "vm.memory.heap.used.window.5m" : {
      "count" : 1,
      "max" : 66026240,
      "mean" : 6.602624E7,
      "min" : 66026240,
      "p50" : 6.602624E7,
      "p75" : 6.602624E7,
      "p95" : 6.602624E7,
      "p98" : 6.602624E7,
      "p99" : 6.602624E7,
      "p999" : 6.602624E7,
      "values" : [ 66026240 ],
      "stddev" : 0.0
    },
    "vm.memory.non-heap.committed.history" : {
      "count" : 1,
      "max" : 132448256,
      "mean" : 1.32448256E8,
      "min" : 132448256,
      "p50" : 1.32448256E8,
      "p75" : 1.32448256E8,
      "p95" : 1.32448256E8,
      "p98" : 1.32448256E8,
      "p99" : 1.32448256E8,
      "p999" : 1.32448256E8,
      "values" : [ 132448256 ],
      "stddev" : 0.0
    },
    "vm.memory.non-heap.committed.window.15m" : {
      "count" : 1,
      "max" : 132448256,
      "mean" : 1.32448256E8,
      "min" : 132448256,
      "p50" : 1.32448256E8,
      "p75" : 1.32448256E8,
      "p95" : 1.32448256E8,
      "p98" : 1.32448256E8,
      "p99" : 1.32448256E8,
      "p999" : 1.32448256E8,
      "values" : [ 132448256 ],
      "stddev" : 0.0
    },
    "vm.memory.non-heap.committed.window.1h" : {
      "count" : 1,
      "max" : 132448256,
      "mean" : 1.32448256E8,
      "min" : 132448256,
      "p50" : 1.32448256E8,
      "p75" : 1.32448256E8,
      "p95" : 1.32448256E8,
      "p98" : 1.32448256E8,
      "p99" : 1.32448256E8,
      "p999" : 1.32448256E8,
      "values" : [ 132448256 ],
      "stddev" : 0.0
    },
    "vm.memory.non-heap.committed.window.5m" : {
      "count" : 1,
      "max" : 132448256,
      "mean" : 1.32448256E8,
      "min" : 132448256,
      "p50" : 1.32448256E8,
      "p75" : 1.32448256E8,
      "p95" : 1.32448256E8,
      "p98" : 1.32448256E8,
      "p99" : 1.32448256E8,
      "p999" : 1.32448256E8,
      "values" : [ 132448256 ],
      "stddev" : 0.0
    },
    "vm.memory.non-heap.usage.x100.history" : {
      "count" : 1,
      "max" : -12085606400,
      "mean" : -1.20856064E10,
      "min" : -12085606400,
      "p50" : -1.20856064E10,
      "p75" : -1.20856064E10,
      "p95" : -1.20856064E10,
      "p98" : -1.20856064E10,
      "p99" : -1.20856064E10,
      "p999" : -1.20856064E10,
      "values" : [ -12085606400 ],
      "stddev" : 0.0
    },
    "vm.memory.non-heap.usage.x100.window.15m" : {
      "count" : 1,
      "max" : -12085606400,
      "mean" : -1.20856064E10,
      "min" : -12085606400,
      "p50" : -1.20856064E10,
      "p75" : -1.20856064E10,
      "p95" : -1.20856064E10,
      "p98" : -1.20856064E10,
      "p99" : -1.20856064E10,
      "p999" : -1.20856064E10,
      "values" : [ -12085606400 ],
      "stddev" : 0.0
    },
    "vm.memory.non-heap.usage.x100.window.1h" : {
      "count" : 1,
      "max" : -12085606400,
      "mean" : -1.20856064E10,
      "min" : -12085606400,
      "p50" : -1.20856064E10,
      "p75" : -1.20856064E10,
      "p95" : -1.20856064E10,
      "p98" : -1.20856064E10,
      "p99" : -1.20856064E10,
      "p999" : -1.20856064E10,
      "values" : [ -12085606400 ],
      "stddev" : 0.0
    },
    "vm.memory.non-heap.usage.x100.window.5m" : {
      "count" : 1,
      "max" : -12085606400,
      "mean" : -1.20856064E10,
      "min" : -12085606400,
      "p50" : -1.20856064E10,
      "p75" : -1.20856064E10,
      "p95" : -1.20856064E10,
      "p98" : -1.20856064E10,
      "p99" : -1.20856064E10,
      "p999" : -1.20856064E10,
      "values" : [ -12085606400 ],
      "stddev" : 0.0
    },
    "vm.memory.non-heap.used.history" : {
      "count" : 1,
      "max" : 120856128,
      "mean" : 1.20856128E8,
      "min" : 120856128,
      "p50" : 1.20856128E8,
      "p75" : 1.20856128E8,
      "p95" : 1.20856128E8,
      "p98" : 1.20856128E8,
      "p99" : 1.20856128E8,
      "p999" : 1.20856128E8,
      "values" : [ 120856128 ],
      "stddev" : 0.0
    },
    "vm.memory.non-heap.used.window.15m" : {
      "count" : 1,
      "max" : 120856128,
      "mean" : 1.20856128E8,
      "min" : 120856128,
      "p50" : 1.20856128E8,
      "p75" : 1.20856128E8,
      "p95" : 1.20856128E8,
      "p98" : 1.20856128E8,
      "p99" : 1.20856128E8,
      "p999" : 1.20856128E8,
      "values" : [ 120856128 ],
      "stddev" : 0.0
    },
    "vm.memory.non-heap.used.window.1h" : {
      "count" : 1,
      "max" : 120856128,
      "mean" : 1.20856128E8,
      "min" : 120856128,
      "p50" : 1.20856128E8,
      "p75" : 1.20856128E8,
      "p95" : 1.20856128E8,
      "p98" : 1.20856128E8,
      "p99" : 1.20856128E8,
      "p999" : 1.20856128E8,
      "values" : [ 120856128 ],
      "stddev" : 0.0
    },
    "vm.memory.non-heap.used.window.5m" : {
      "count" : 1,
      "max" : 120856128,
      "mean" : 1.20856128E8,
      "min" : 120856128,
      "p50" : 1.20856128E8,
      "p75" : 1.20856128E8,
      "p95" : 1.20856128E8,
      "p98" : 1.20856128E8,
      "p99" : 1.20856128E8,
      "p999" : 1.20856128E8,
      "values" : [ 120856128 ],
      "stddev" : 0.0
    },
    "vm.memory.pools.Code-Cache.committed.history" : {
      "count" : 1,
      "max" : 18939904,
      "mean" : 1.8939904E7,
      "min" : 18939904,
      "p50" : 1.8939904E7,
      "p75" : 1.8939904E7,
      "p95" : 1.8939904E7,
      "p98" : 1.8939904E7,
      "p99" : 1.8939904E7,
      "p999" : 1.8939904E7,
      "values" : [ 18939904 ],
      "stddev" : 0.0
    },
    "vm.memory.pools.Code-Cache.committed.window.15m" : {
      "count" : 1,
      "max" : 18939904,
      "mean" : 1.8939904E7,
      "min" : 18939904,
      "p50" : 1.8939904E7,
      "p75" : 1.8939904E7,
      "p95" : 1.8939904E7,
      "p98" : 1.8939904E7,
      "p99" : 1.8939904E7,
      "p999" : 1.8939904E7,
      "values" : [ 18939904 ],
      "stddev" : 0.0
    },
    "vm.memory.pools.Code-Cache.committed.window.1h" : {
      "count" : 1,
      "max" : 18939904,
      "mean" : 1.8939904E7,
      "min" : 18939904,
      "p50" : 1.8939904E7,
      "p75" : 1.8939904E7,
      "p95" : 1.8939904E7,
      "p98" : 1.8939904E7,
      "p99" : 1.8939904E7,
      "p999" : 1.8939904E7,
      "values" : [ 18939904 ],
      "stddev" : 0.0
    },
    "vm.memory.pools.Code-Cache.committed.window.5m" : {
      "count" : 1,
      "max" : 18939904,
      "mean" : 1.8939904E7,
      "min" : 18939904,
      "p50" : 1.8939904E7,
      "p75" : 1.8939904E7,
      "p95" : 1.8939904E7,
      "p98" : 1.8939904E7,
      "p99" : 1.8939904E7,
      "p999" : 1.8939904E7,
      "values" : [ 18939904 ],
      "stddev" : 0.0
    },
    "vm.memory.pools.Code-Cache.usage.x100.history" : {
      "count" : 1,
      "max" : 7,
      "mean" : 7.0,
      "min" : 7,
      "p50" : 7.0,
      "p75" : 7.0,
      "p95" : 7.0,
      "p98" : 7.0,
      "p99" : 7.0,
      "p999" : 7.0,
      "values" : [ 7 ],
      "stddev" : 0.0
    },
    "vm.memory.pools.Code-Cache.usage.x100.window.15m" : {
      "count" : 1,
      "max" : 7,
      "mean" : 7.0,
      "min" : 7,
      "p50" : 7.0,
      "p75" : 7.0,
      "p95" : 7.0,
      "p98" : 7.0,
      "p99" : 7.0,
      "p999" : 7.0,
      "values" : [ 7 ],
      "stddev" : 0.0
    },
    "vm.memory.pools.Code-Cache.usage.x100.window.1h" : {
      "count" : 1,
      "max" : 7,
      "mean" : 7.0,
      "min" : 7,
      "p50" : 7.0,
      "p75" : 7.0,
      "p95" : 7.0,
      "p98" : 7.0,
      "p99" : 7.0,
      "p999" : 7.0,
      "values" : [ 7 ],
      "stddev" : 0.0
    },
    "vm.memory.pools.Code-Cache.usage.x100.window.5m" : {
      "count" : 1,
      "max" : 7,
      "mean" : 7.0,
      "min" : 7,
      "p50" : 7.0,
      "p75" : 7.0,
      "p95" : 7.0,
      "p98" : 7.0,
      "p99" : 7.0,
      "p999" : 7.0,
      "values" : [ 7 ],
      "stddev" : 0.0
    },
    "vm.memory.pools.Code-Cache.used.history" : {
      "count" : 1,
      "max" : 18640768,
      "mean" : 1.8640768E7,
      "min" : 18640768,
      "p50" : 1.8640768E7,
      "p75" : 1.8640768E7,
      "p95" : 1.8640768E7,
      "p98" : 1.8640768E7,
      "p99" : 1.8640768E7,
      "p999" : 1.8640768E7,
      "values" : [ 18640768 ],
      "stddev" : 0.0
    },
    "vm.memory.pools.Code-Cache.used.window.15m" : {
      "count" : 1,
      "max" : 18640768,
      "mean" : 1.8640768E7,
      "min" : 18640768,
      "p50" : 1.8640768E7,
      "p75" : 1.8640768E7,
      "p95" : 1.8640768E7,
      "p98" : 1.8640768E7,
      "p99" : 1.8640768E7,
      "p999" : 1.8640768E7,
      "values" : [ 18640768 ],
      "stddev" : 0.0
    },
    "vm.memory.pools.Code-Cache.used.window.1h" : {
      "count" : 1,
      "max" : 18640768,
      "mean" : 1.8640768E7,
      "min" : 18640768,
      "p50" : 1.8640768E7,
      "p75" : 1.8640768E7,
      "p95" : 1.8640768E7,
      "p98" : 1.8640768E7,
      "p99" : 1.8640768E7,
      "p999" : 1.8640768E7,
      "values" : [ 18640768 ],
      "stddev" : 0.0
    },
    "vm.memory.pools.Code-Cache.used.window.5m" : {
      "count" : 1,
      "max" : 18640768,
      "mean" : 1.8640768E7,
      "min" : 18640768,
      "p50" : 1.8640768E7,
      "p75" : 1.8640768E7,
      "p95" : 1.8640768E7,
      "p98" : 1.8640768E7,
      "p99" : 1.8640768E7,
      "p999" : 1.8640768E7,
      "values" : [ 18640768 ],
      "stddev" : 0.0
    },
    "vm.memory.pools.Compressed-Class-Space.committed.history" : {
      "count" : 1,
      "max" : 12976128,
      "mean" : 1.2976128E7,
      "min" : 12976128,
      "p50" : 1.2976128E7,
      "p75" : 1.2976128E7,
      "p95" : 1.2976128E7,
      "p98" : 1.2976128E7,
      "p99" : 1.2976128E7,
      "p999" : 1.2976128E7,
      "values" : [ 12976128 ],
      "stddev" : 0.0
    },
    "vm.memory.pools.Compressed-Class-Space.committed.window.15m" : {
      "count" : 1,
      "max" : 12976128,
      "mean" : 1.2976128E7,
      "min" : 12976128,
      "p50" : 1.2976128E7,
      "p75" : 1.2976128E7,
      "p95" : 1.2976128E7,
      "p98" : 1.2976128E7,
      "p99" : 1.2976128E7,
      "p999" : 1.2976128E7,
      "values" : [ 12976128 ],
      "stddev" : 0.0
    },
    "vm.memory.pools.Compressed-Class-Space.committed.window.1h" : {
      "count" : 1,
      "max" : 12976128,
      "mean" : 1.2976128E7,
      "min" : 12976128,
      "p50" : 1.2976128E7,
      "p75" : 1.2976128E7,
      "p95" : 1.2976128E7,
      "p98" : 1.2976128E7,
      "p99" : 1.2976128E7,
      "p999" : 1.2976128E7,
      "values" : [ 12976128 ],
      "stddev" : 0.0
    },
    "vm.memory.pools.Compressed-Class-Space.committed.window.5m" : {
      "count" : 1,
      "max" : 12976128,
      "mean" : 1.2976128E7,
      "min" : 12976128,
      "p50" : 1.2976128E7,
      "p75" : 1.2976128E7,
      "p95" : 1.2976128E7,
      "p98" : 1.2976128E7,
      "p99" : 1.2976128E7,
      "p999" : 1.2976128E7,
      "values" : [ 12976128 ],
      "stddev" : 0.0
    },
    "vm.memory.pools.Compressed-Class-Space.usage.x100.history" : {
      "count" : 1,
      "max" : 1,
      "mean" : 1.0,
      "min" : 1,
      "p50" : 1.0,
      "p75" : 1.0,
      "p95" : 1.0,
      "p98" : 1.0,
      "p99" : 1.0,
      "p999" : 1.0,
      "values" : [ 1 ],
      "stddev" : 0.0
    },
    "vm.memory.pools.Compressed-Class-Space.usage.x100.window.15m" : {
      "count" : 1,
      "max" : 1,
      "mean" : 1.0,
      "min" : 1,
      "p50" : 1.0,
      "p75" : 1.0,
      "p95" : 1.0,
      "p98" : 1.0,
      "p99" : 1.0,
      "p999" : 1.0,
      "values" : [ 1 ],
      "stddev" : 0.0
    },
    "vm.memory.pools.Compressed-Class-Space.usage.x100.window.1h" : {
      "count" : 1,
      "max" : 1,
      "mean" : 1.0,
      "min" : 1,
      "p50" : 1.0,
      "p75" : 1.0,
      "p95" : 1.0,
      "p98" : 1.0,
      "p99" : 1.0,
      "p999" : 1.0,
      "values" : [ 1 ],
      "stddev" : 0.0
    },
    "vm.memory.pools.Compressed-Class-Space.usage.x100.window.5m" : {
      "count" : 1,
      "max" : 1,
      "mean" : 1.0,
      "min" : 1,
      "p50" : 1.0,
      "p75" : 1.0,
      "p95" : 1.0,
      "p98" : 1.0,
      "p99" : 1.0,
      "p999" : 1.0,
      "values" : [ 1 ],
      "stddev" : 0.0
    },
    "vm.memory.pools.Compressed-Class-Space.used.history" : {
      "count" : 1,
      "max" : 10667464,
      "mean" : 1.0667464E7,
      "min" : 10667464,
      "p50" : 1.0667464E7,
      "p75" : 1.0667464E7,
      "p95" : 1.0667464E7,
      "p98" : 1.0667464E7,
      "p99" : 1.0667464E7,
      "p999" : 1.0667464E7,
      "values" : [ 10667464 ],
      "stddev" : 0.0
    },
    "vm.memory.pools.Compressed-Class-Space.used.window.15m" : {
      "count" : 1,
      "max" : 10667464,
      "mean" : 1.0667464E7,
      "min" : 10667464,
      "p50" : 1.0667464E7,
      "p75" : 1.0667464E7,
      "p95" : 1.0667464E7,
      "p98" : 1.0667464E7,
      "p99" : 1.0667464E7,
      "p999" : 1.0667464E7,
      "values" : [ 10667464 ],
      "stddev" : 0.0
    },
    "vm.memory.pools.Compressed-Class-Space.used.window.1h" : {
      "count" : 1,
      "max" : 10667464,
      "mean" : 1.0667464E7,
      "min" : 10667464,
      "p50" : 1.0667464E7,
      "p75" : 1.0667464E7,
      "p95" : 1.0667464E7,
      "p98" : 1.0667464E7,
      "p99" : 1.0667464E7,
      "p999" : 1.0667464E7,
      "values" : [ 10667464 ],
      "stddev" : 0.0
    },
    "vm.memory.pools.Compressed-Class-Space.used.window.5m" : {
      "count" : 1,
      "max" : 10667464,
      "mean" : 1.0667464E7,
      "min" : 10667464,
      "p50" : 1.0667464E7,
      "p75" : 1.0667464E7,
      "p95" : 1.0667464E7,
      "p98" : 1.0667464E7,
      "p99" : 1.0667464E7,
      "p999" : 1.0667464E7,
      "values" : [ 10667464 ],
      "stddev" : 0.0
    },
    "vm.memory.pools.Eden-Space.committed.history" : {
      "count" : 1,
      "max" : 24379392,
      "mean" : 2.4379392E7,
      "min" : 24379392,
      "p50" : 2.4379392E7,
      "p75" : 2.4379392E7,
      "p95" : 2.4379392E7,
      "p98" : 2.4379392E7,
      "p99" : 2.4379392E7,
      "p999" : 2.4379392E7,
      "values" : [ 24379392 ],
      "stddev" : 0.0
    },
    "vm.memory.pools.Eden-Space.committed.window.15m" : {
      "count" : 1,
      "max" : 24379392,
      "mean" : 2.4379392E7,
      "min" : 24379392,
      "p50" : 2.4379392E7,
      "p75" : 2.4379392E7,
      "p95" : 2.4379392E7,
      "p98" : 2.4379392E7,
      "p99" : 2.4379392E7,
      "p999" : 2.4379392E7,
      "values" : [ 24379392 ],
      "stddev" : 0.0
    },
    "vm.memory.pools.Eden-Space.committed.window.1h" : {
      "count" : 1,
      "max" : 24379392,
      "mean" : 2.4379392E7,
      "min" : 24379392,
      "p50" : 2.4379392E7,
      "p75" : 2.4379392E7,
      "p95" : 2.4379392E7,
      "p98" : 2.4379392E7,
      "p99" : 2.4379392E7,
      "p999" : 2.4379392E7,
      "values" : [ 24379392 ],
      "stddev" : 0.0
    },
    "vm.memory.pools.Eden-Space.committed.window.5m" : {
      "count" : 1,
      "max" : 24379392,
      "mean" : 2.4379392E7,
      "min" : 24379392,
      "p50" : 2.4379392E7,
      "p75" : 2.4379392E7,
      "p95" : 2.4379392E7,
      "p98" : 2.4379392E7,
      "p99" : 2.4379392E7,
      "p999" : 2.4379392E7,
      "values" : [ 24379392 ],
      "stddev" : 0.0
    },
    "vm.memory.pools.Eden-Space.usage.x100.history" : {
      "count" : 1,
      "max" : 12,
      "mean" : 12.0,
      "min" : 12,
      "p50" : 12.0,
      "p75" : 12.0,
      "p95" : 12.0,
      "p98" : 12.0,
      "p99" : 12.0,
      "p999" : 12.0,
      "values" : [ 12 ],
      "stddev" : 0.0
    },
    "vm.memory.pools.Eden-Space.usage.x100.window.15m" : {
      "count" : 1,
      "max" : 12,
      "mean" : 12.0,
      "min" : 12,
      "p50" : 12.0,
      "p75" : 12.0,
      "p95" : 12.0,
      "p98" : 12.0,
      "p99" : 12.0,
      "p999" : 12.0,
      "values" : [ 12 ],
      "stddev" : 0.0
    },
    "vm.memory.pools.Eden-Space.usage.x100.window.1h" : {
      "count" : 1,
      "max" : 12,
      "mean" : 12.0,
      "min" : 12,
      "p50" : 12.0,
      "p75" : 12.0,
      "p95" : 12.0,
      "p98" : 12.0,
      "p99" : 12.0,
      "p999" : 12.0,
      "values" : [ 12 ],
      "stddev" : 0.0
    },
    "vm.memory.pools.Eden-Space.usage.x100.window.5m" : {
      "count" : 1,
      "max" : 12,
      "mean" : 12.0,
      "min" : 12,
      "p50" : 12.0,
      "p75" : 12.0,
      "p95" : 12.0,
      "p98" : 12.0,
      "p99" : 12.0,
      "p999" : 12.0,
      "values" : [ 12 ],
      "stddev" : 0.0
    },
    "vm.memory.pools.Eden-Space.used.history" : {
      "count" : 1,
      "max" : 8020504,
      "mean" : 8020504.0,
      "min" : 8020504,
      "p50" : 8020504.0,
      "p75" : 8020504.0,
      "p95" : 8020504.0,
      "p98" : 8020504.0,
      "p99" : 8020504.0,
      "p999" : 8020504.0,
      "values" : [ 8020504 ],
      "stddev" : 0.0
    },
    "vm.memory.pools.Eden-Space.used.window.15m" : {
      "count" : 1,
      "max" : 8020504,
      "mean" : 8020504.0,
      "min" : 8020504,
      "p50" : 8020504.0,
      "p75" : 8020504.0,
      "p95" : 8020504.0,
      "p98" : 8020504.0,
      "p99" : 8020504.0,
      "p999" : 8020504.0,
      "values" : [ 8020504 ],
      "stddev" : 0.0
    },
    "vm.memory.pools.Eden-Space.used.window.1h" : {
      "count" : 1,
      "max" : 8020504,
      "mean" : 8020504.0,
      "min" : 8020504,
      "p50" : 8020504.0,
      "p75" : 8020504.0,
      "p95" : 8020504.0,
      "p98" : 8020504.0,
      "p99" : 8020504.0,
      "p999" : 8020504.0,
      "values" : [ 8020504 ],
      "stddev" : 0.0
    },
    "vm.memory.pools.Eden-Space.used.window.5m" : {
      "count" : 1,
      "max" : 8020504,
      "mean" : 8020504.0,
      "min" : 8020504,
      "p50" : 8020504.0,
      "p75" : 8020504.0,
      "p95" : 8020504.0,
      "p98" : 8020504.0,
      "p99" : 8020504.0,
      "p999" : 8020504.0,
      "values" : [ 8020504 ],
      "stddev" : 0.0
    },
    "vm.memory.pools.Metaspace.committed.history" : {
      "count" : 1,
      "max" : 100532224,
      "mean" : 1.00532224E8,
      "min" : 100532224,
      "p50" : 1.00532224E8,
      "p75" : 1.00532224E8,
      "p95" : 1.00532224E8,
      "p98" : 1.00532224E8,
      "p99" : 1.00532224E8,
      "p999" : 1.00532224E8,
      "values" : [ 100532224 ],
      "stddev" : 0.0
    },
    "vm.memory.pools.Metaspace.committed.window.15m" : {
      "count" : 1,
      "max" : 100532224,
      "mean" : 1.00532224E8,
      "min" : 100532224,
      "p50" : 1.00532224E8,
      "p75" : 1.00532224E8,
      "p95" : 1.00532224E8,
      "p98" : 1.00532224E8,
      "p99" : 1.00532224E8,
      "p999" : 1.00532224E8,
      "values" : [ 100532224 ],
      "stddev" : 0.0
    },
    "vm.memory.pools.Metaspace.committed.window.1h" : {
      "count" : 1,
      "max" : 100532224,
      "mean" : 1.00532224E8,
      "min" : 100532224,
      "p50" : 1.00532224E8,
      "p75" : 1.00532224E8,
      "p95" : 1.00532224E8,
      "p98" : 1.00532224E8,
      "p99" : 1.00532224E8,
      "p999" : 1.00532224E8,
      "values" : [ 100532224 ],
      "stddev" : 0.0
    },
    "vm.memory.pools.Metaspace.committed.window.5m" : {
      "count" : 1,
      "max" : 100532224,
      "mean" : 1.00532224E8,
      "min" : 100532224,
      "p50" : 1.00532224E8,
      "p75" : 1.00532224E8,
      "p95" : 1.00532224E8,
      "p98" : 1.00532224E8,
      "p99" : 1.00532224E8,
      "p999" : 1.00532224E8,
      "values" : [ 100532224 ],
      "stddev" : 0.0
    },
    "vm.memory.pools.Metaspace.usage.x100.history" : {
      "count" : 1,
      "max" : 91,
      "mean" : 91.0,
      "min" : 91,
      "p50" : 91.0,
      "p75" : 91.0,
      "p95" : 91.0,
      "p98" : 91.0,
      "p99" : 91.0,
      "p999" : 91.0,
      "values" : [ 91 ],
      "stddev" : 0.0
    },
    "vm.memory.pools.Metaspace.usage.x100.window.15m" : {
      "count" : 1,
      "max" : 91,
      "mean" : 91.0,
      "min" : 91,
      "p50" : 91.0,
      "p75" : 91.0,
      "p95" : 91.0,
      "p98" : 91.0,
      "p99" : 91.0,
      "p999" : 91.0,
      "values" : [ 91 ],
      "stddev" : 0.0
    },
    "vm.memory.pools.Metaspace.usage.x100.window.1h" : {
      "count" : 1,
      "max" : 91,
      "mean" : 91.0,
      "min" : 91,
      "p50" : 91.0,
      "p75" : 91.0,
      "p95" : 91.0,
      "p98" : 91.0,
      "p99" : 91.0,
      "p999" : 91.0,
      "values" : [ 91 ],
      "stddev" : 0.0
    },
    "vm.memory.pools.Metaspace.usage.x100.window.5m" : {
      "count" : 1,
      "max" : 91,
      "mean" : 91.0,
      "min" : 91,
      "p50" : 91.0,
      "p75" : 91.0,
      "p95" : 91.0,
      "p98" : 91.0,
      "p99" : 91.0,
      "p999" : 91.0,
      "values" : [ 91 ],
      "stddev" : 0.0
    },
    "vm.memory.pools.Metaspace.used.history" : {
      "count" : 1,
      "max" : 91563640,
      "mean" : 9.156364E7,
      "min" : 91563640,
      "p50" : 9.156364E7,
      "p75" : 9.156364E7,
      "p95" : 9.156364E7,
      "p98" : 9.156364E7,
      "p99" : 9.156364E7,
      "p999" : 9.156364E7,
      "values" : [ 91563640 ],
      "stddev" : 0.0
    },
    "vm.memory.pools.Metaspace.used.window.15m" : {
      "count" : 1,
      "max" : 91563640,
      "mean" : 9.156364E7,
      "min" : 91563640,
      "p50" : 9.156364E7,
      "p75" : 9.156364E7,
      "p95" : 9.156364E7,
      "p98" : 9.156364E7,
      "p99" : 9.156364E7,
      "p999" : 9.156364E7,
      "values" : [ 91563640 ],
      "stddev" : 0.0
    },
    "vm.memory.pools.Metaspace.used.window.1h" : {
      "count" : 1,
      "max" : 91563640,
      "mean" : 9.156364E7,
      "min" : 91563640,
      "p50" : 9.156364E7,
      "p75" : 9.156364E7,
      "p95" : 9.156364E7,
      "p98" : 9.156364E7,
      "p99" : 9.156364E7,
      "p999" : 9.156364E7,
      "values" : [ 91563640 ],
      "stddev" : 0.0
    },
    "vm.memory.pools.Metaspace.used.window.5m" : {
      "count" : 1,
      "max" : 91563640,
      "mean" : 9.156364E7,
      "min" : 91563640,
      "p50" : 9.156364E7,
      "p75" : 9.156364E7,
      "p95" : 9.156364E7,
      "p98" : 9.156364E7,
      "p99" : 9.156364E7,
      "p999" : 9.156364E7,
      "values" : [ 91563640 ],
      "stddev" : 0.0
    },
    "vm.memory.pools.Survivor-Space.committed.history" : {
      "count" : 1,
      "max" : 3014656,
      "mean" : 3014656.0,
      "min" : 3014656,
      "p50" : 3014656.0,
      "p75" : 3014656.0,
      "p95" : 3014656.0,
      "p98" : 3014656.0,
      "p99" : 3014656.0,
      "p999" : 3014656.0,
      "values" : [ 3014656 ],
      "stddev" : 0.0
    },
    "vm.memory.pools.Survivor-Space.committed.window.15m" : {
      "count" : 1,
      "max" : 3014656,
      "mean" : 3014656.0,
      "min" : 3014656,
      "p50" : 3014656.0,
      "p75" : 3014656.0,
      "p95" : 3014656.0,
      "p98" : 3014656.0,
      "p99" : 3014656.0,
      "p999" : 3014656.0,
      "values" : [ 3014656 ],
      "stddev" : 0.0
    },
    "vm.memory.pools.Survivor-Space.committed.window.1h" : {
      "count" : 1,
      "max" : 3014656,
      "mean" : 3014656.0,
      "min" : 3014656,
      "p50" : 3014656.0,
      "p75" : 3014656.0,
      "p95" : 3014656.0,
      "p98" : 3014656.0,
      "p99" : 3014656.0,
      "p999" : 3014656.0,
      "values" : [ 3014656 ],
      "stddev" : 0.0
    },
    "vm.memory.pools.Survivor-Space.committed.window.5m" : {
      "count" : 1,
      "max" : 3014656,
      "mean" : 3014656.0,
      "min" : 3014656,
      "p50" : 3014656.0,
      "p75" : 3014656.0,
      "p95" : 3014656.0,
      "p98" : 3014656.0,
      "p99" : 3014656.0,
      "p999" : 3014656.0,
      "values" : [ 3014656 ],
      "stddev" : 0.0
    },
    "vm.memory.pools.Survivor-Space.usage.x100.history" : {
      "count" : 1,
      "max" : 24,
      "mean" : 24.0,
      "min" : 24,
      "p50" : 24.0,
      "p75" : 24.0,
      "p95" : 24.0,
      "p98" : 24.0,
      "p99" : 24.0,
      "p999" : 24.0,
      "values" : [ 24 ],
      "stddev" : 0.0
    },
    "vm.memory.pools.Survivor-Space.usage.x100.window.15m" : {
      "count" : 1,
      "max" : 24,
      "mean" : 24.0,
      "min" : 24,
      "p50" : 24.0,
      "p75" : 24.0,
      "p95" : 24.0,
      "p98" : 24.0,
      "p99" : 24.0,
      "p999" : 24.0,
      "values" : [ 24 ],
      "stddev" : 0.0
    },
    "vm.memory.pools.Survivor-Space.usage.x100.window.1h" : {
      "count" : 1,
      "max" : 24,
      "mean" : 24.0,
      "min" : 24,
      "p50" : 24.0,
      "p75" : 24.0,
      "p95" : 24.0,
      "p98" : 24.0,
      "p99" : 24.0,
      "p999" : 24.0,
      "values" : [ 24 ],
      "stddev" : 0.0
    },
    "vm.memory.pools.Survivor-Space.usage.x100.window.5m" : {
      "count" : 1,
      "max" : 24,
      "mean" : 24.0,
      "min" : 24,
      "p50" : 24.0,
      "p75" : 24.0,
      "p95" : 24.0,
      "p98" : 24.0,
      "p99" : 24.0,
      "p999" : 24.0,
      "values" : [ 24 ],
      "stddev" : 0.0
    },
    "vm.memory.pools.Survivor-Space.used.history" : {
      "count" : 1,
      "max" : 2036568,
      "mean" : 2036568.0,
      "min" : 2036568,
      "p50" : 2036568.0,
      "p75" : 2036568.0,
      "p95" : 2036568.0,
      "p98" : 2036568.0,
      "p99" : 2036568.0,
      "p999" : 2036568.0,
      "values" : [ 2036568 ],
      "stddev" : 0.0
    },
    "vm.memory.pools.Survivor-Space.used.window.15m" : {
      "count" : 1,
      "max" : 2036568,
      "mean" : 2036568.0,
      "min" : 2036568,
      "p50" : 2036568.0,
      "p75" : 2036568.0,
      "p95" : 2036568.0,
      "p98" : 2036568.0,
      "p99" : 2036568.0,
      "p999" : 2036568.0,
      "values" : [ 2036568 ],
      "stddev" : 0.0
    },
    "vm.memory.pools.Survivor-Space.used.window.1h" : {
      "count" : 1,
      "max" : 2036568,
      "mean" : 2036568.0,
      "min" : 2036568,
      "p50" : 2036568.0,
      "p75" : 2036568.0,
      "p95" : 2036568.0,
      "p98" : 2036568.0,
      "p99" : 2036568.0,
      "p999" : 2036568.0,
      "values" : [ 2036568 ],
      "stddev" : 0.0
    },
    "vm.memory.pools.Survivor-Space.used.window.5m" : {
      "count" : 1,
      "max" : 2036568,
      "mean" : 2036568.0,
      "min" : 2036568,
      "p50" : 2036568.0,
      "p75" : 2036568.0,
      "p95" : 2036568.0,
      "p98" : 2036568.0,
      "p99" : 2036568.0,
      "p999" : 2036568.0,
      "values" : [ 2036568 ],
      "stddev" : 0.0
    },
    "vm.memory.pools.Tenured-Gen.committed.history" : {
      "count" : 1,
      "max" : 60596224,
      "mean" : 6.0596224E7,
      "min" : 60596224,
      "p50" : 6.0596224E7,
      "p75" : 6.0596224E7,
      "p95" : 6.0596224E7,
      "p98" : 6.0596224E7,
      "p99" : 6.0596224E7,
      "p999" : 6.0596224E7,
      "values" : [ 60596224 ],
      "stddev" : 0.0
    },
    "vm.memory.pools.Tenured-Gen.committed.window.15m" : {
      "count" : 1,
      "max" : 60596224,
      "mean" : 6.0596224E7,
      "min" : 60596224,
      "p50" : 6.0596224E7,
      "p75" : 6.0596224E7,
      "p95" : 6.0596224E7,
      "p98" : 6.0596224E7,
      "p99" : 6.0596224E7,
      "p999" : 6.0596224E7,
      "values" : [ 60596224 ],
      "stddev" : 0.0
    },
    "vm.memory.pools.Tenured-Gen.committed.window.1h" : {
      "count" : 1,
      "max" : 60596224,
      "mean" : 6.0596224E7,
      "min" : 60596224,
      "p50" : 6.0596224E7,
      "p75" : 6.0596224E7,
      "p95" : 6.0596224E7,
      "p98" : 6.0596224E7,
      "p99" : 6.0596224E7,
      "p999" : 6.0596224E7,
      "values" : [ 60596224 ],
      "stddev" : 0.0
    },
    "vm.memory.pools.Tenured-Gen.committed.window.5m" : {
      "count" : 1,
      "max" : 60596224,
      "mean" : 6.0596224E7,
      "min" : 60596224,
      "p50" : 6.0596224E7,
      "p75" : 6.0596224E7,
      "p95" : 6.0596224E7,
      "p98" : 6.0596224E7,
      "p99" : 6.0596224E7,
      "p999" : 6.0596224E7,
      "values" : [ 60596224 ],
      "stddev" : 0.0
    },
    "vm.memory.pools.Tenured-Gen.usage.x100.history" : {
      "count" : 1,
      "max" : 32,
      "mean" : 32.0,
      "min" : 32,
      "p50" : 32.0,
      "p75" : 32.0,
      "p95" : 32.0,
      "p98" : 32.0,
      "p99" : 32.0,
      "p999" : 32.0,
      "values" : [ 32 ],
      "stddev" : 0.0
    },
    "vm.memory.pools.Tenured-Gen.usage.x100.window.15m" : {
      "count" : 1,
      "max" : 32,
      "mean" : 32.0,
      "min" : 32,
      "p50" : 32.0,
      "p75" : 32.0,
      "p95" : 32.0,
      "p98" : 32.0,
      "p99" : 32.0,
      "p999" : 32.0,
      "values" : [ 32 ],
      "stddev" : 0.0
    },
    "vm.memory.pools.Tenured-Gen.usage.x100.window.1h" : {
      "count" : 1,
      "max" : 32,
      "mean" : 32.0,
      "min" : 32,
      "p50" : 32.0,
      "p75" : 32.0,
      "p95" : 32.0,
      "p98" : 32.0,
      "p99" : 32.0,
      "p999" : 32.0,
      "values" : [ 32 ],
      "stddev" : 0.0
    },
    "vm.memory.pools.Tenured-Gen.usage.x100.window.5m" : {
      "count" : 1,
      "max" : 32,
      "mean" : 32.0,
      "min" : 32,
      "p50" : 32.0,
      "p75" : 32.0,
      "p95" : 32.0,
      "p98" : 32.0,
      "p99" : 32.0,
      "p999" : 32.0,
      "values" : [ 32 ],
      "stddev" : 0.0
    },
    "vm.memory.pools.Tenured-Gen.used.history" : {
      "count" : 1,
      "max" : 56278216,
      "mean" : 5.6278216E7,
      "min" : 56278216,
      "p50" : 5.6278216E7,
      "p75" : 5.6278216E7,
      "p95" : 5.6278216E7,
      "p98" : 5.6278216E7,
      "p99" : 5.6278216E7,
      "p999" : 5.6278216E7,
      "values" : [ 56278216 ],
      "stddev" : 0.0
    },
    "vm.memory.pools.Tenured-Gen.used.window.15m" : {
      "count" : 1,
      "max" : 56278216,
      "mean" : 5.6278216E7,
      "min" : 56278216,
      "p50" : 5.6278216E7,
      "p75" : 5.6278216E7,
      "p95" : 5.6278216E7,
      "p98" : 5.6278216E7,
      "p99" : 5.6278216E7,
      "p999" : 5.6278216E7,
      "values" : [ 56278216 ],
      "stddev" : 0.0
    },
    "vm.memory.pools.Tenured-Gen.used.window.1h" : {
      "count" : 1,
      "max" : 56278216,
      "mean" : 5.6278216E7,
      "min" : 56278216,
      "p50" : 5.6278216E7,
      "p75" : 5.6278216E7,
      "p95" : 5.6278216E7,
      "p98" : 5.6278216E7,
      "p99" : 5.6278216E7,
      "p999" : 5.6278216E7,
      "values" : [ 56278216 ],
      "stddev" : 0.0
    },
    "vm.memory.pools.Tenured-Gen.used.window.5m" : {
      "count" : 1,
      "max" : 56278216,
      "mean" : 5.6278216E7,
      "min" : 56278216,
      "p50" : 5.6278216E7,
      "p75" : 5.6278216E7,
      "p95" : 5.6278216E7,
      "p98" : 5.6278216E7,
      "p99" : 5.6278216E7,
      "p999" : 5.6278216E7,
      "values" : [ 56278216 ],
      "stddev" : 0.0
    },
    "vm.memory.total.committed.history" : {
      "count" : 1,
      "max" : 220438528,
      "mean" : 2.20438528E8,
      "min" : 220438528,
      "p50" : 2.20438528E8,
      "p75" : 2.20438528E8,
      "p95" : 2.20438528E8,
      "p98" : 2.20438528E8,
      "p99" : 2.20438528E8,
      "p999" : 2.20438528E8,
      "values" : [ 220438528 ],
      "stddev" : 0.0
    },
    "vm.memory.total.committed.window.15m" : {
      "count" : 1,
      "max" : 220438528,
      "mean" : 2.20438528E8,
      "min" : 220438528,
      "p50" : 2.20438528E8,
      "p75" : 2.20438528E8,
      "p95" : 2.20438528E8,
      "p98" : 2.20438528E8,
      "p99" : 2.20438528E8,
      "p999" : 2.20438528E8,
      "values" : [ 220438528 ],
      "stddev" : 0.0
    },
    "vm.memory.total.committed.window.1h" : {
      "count" : 1,
      "max" : 220438528,
      "mean" : 2.20438528E8,
      "min" : 220438528,
      "p50" : 2.20438528E8,
      "p75" : 2.20438528E8,
      "p95" : 2.20438528E8,
      "p98" : 2.20438528E8,
      "p99" : 2.20438528E8,
      "p999" : 2.20438528E8,
      "values" : [ 220438528 ],
      "stddev" : 0.0
    },
    "vm.memory.total.committed.window.5m" : {
      "count" : 1,
      "max" : 220438528,
      "mean" : 2.20438528E8,
      "min" : 220438528,
      "p50" : 2.20438528E8,
      "p75" : 2.20438528E8,
      "p95" : 2.20438528E8,
      "p98" : 2.20438528E8,
      "p99" : 2.20438528E8,
      "p999" : 2.20438528E8,
      "values" : [ 220438528 ],
      "stddev" : 0.0
    },
    "vm.memory.total.used.history" : {
      "count" : 1,
      "max" : 187207288,
      "mean" : 1.87207288E8,
      "min" : 187207288,
      "p50" : 1.87207288E8,
      "p75" : 1.87207288E8,
      "p95" : 1.87207288E8,
      "p98" : 1.87207288E8,
      "p99" : 1.87207288E8,
      "p999" : 1.87207288E8,
      "values" : [ 187207288 ],
      "stddev" : 0.0
    },
    "vm.memory.total.used.window.15m" : {
      "count" : 1,
      "max" : 187207288,
      "mean" : 1.87207288E8,
      "min" : 187207288,
      "p50" : 1.87207288E8,
      "p75" : 1.87207288E8,
      "p95" : 1.87207288E8,
      "p98" : 1.87207288E8,
      "p99" : 1.87207288E8,
      "p999" : 1.87207288E8,
      "values" : [ 187207288 ],
      "stddev" : 0.0
    },
    "vm.memory.total.used.window.1h" : {
      "count" : 1,
      "max" : 187207288,
      "mean" : 1.87207288E8,
      "min" : 187207288,
      "p50" : 1.87207288E8,
      "p75" : 1.87207288E8,
      "p95" : 1.87207288E8,
      "p98" : 1.87207288E8,
      "p99" : 1.87207288E8,
      "p999" : 1.87207288E8,
      "values" : [ 187207288 ],
      "stddev" : 0.0
    },
    "vm.memory.total.used.window.5m" : {
      "count" : 1,
      "max" : 187207288,
      "mean" : 1.87207288E8,
      "min" : 187207288,
      "p50" : 1.87207288E8,
      "p75" : 1.87207288E8,
      "p95" : 1.87207288E8,
      "p98" : 1.87207288E8,
      "p99" : 1.87207288E8,
      "p999" : 1.87207288E8,
      "values" : [ 187207288 ],
      "stddev" : 0.0
    }
  },
  "meters" : {
    "http.responseCodes.badRequest" : {
      "count" : 0,
      "m15_rate" : 0.0,
      "m1_rate" : 0.0,
      "m5_rate" : 0.0,
      "mean_rate" : 0.0,
      "units" : "events/minute"
    },
    "http.responseCodes.created" : {
      "count" : 0,
      "m15_rate" : 0.0,
      "m1_rate" : 0.0,
      "m5_rate" : 0.0,
      "mean_rate" : 0.0,
      "units" : "events/minute"
    },
    "http.responseCodes.forbidden" : {
      "count" : 0,
      "m15_rate" : 0.0,
      "m1_rate" : 0.0,
      "m5_rate" : 0.0,
      "mean_rate" : 0.0,
      "units" : "events/minute"
    },
    "http.responseCodes.noContent" : {
      "count" : 0,
      "m15_rate" : 0.0,
      "m1_rate" : 0.0,
      "m5_rate" : 0.0,
      "mean_rate" : 0.0,
      "units" : "events/minute"
    },
    "http.responseCodes.notFound" : {
      "count" : 0,
      "m15_rate" : 0.0,
      "m1_rate" : 0.0,
      "m5_rate" : 0.0,
      "mean_rate" : 0.0,
      "units" : "events/minute"
    },
    "http.responseCodes.notModified" : {
      "count" : 0,
      "m15_rate" : 0.0,
      "m1_rate" : 0.0,
      "m5_rate" : 0.0,
      "mean_rate" : 0.0,
      "units" : "events/minute"
    },
    "http.responseCodes.ok" : {
      "count" : 2,
      "m15_rate" : 0.0,
      "m1_rate" : 0.0,
      "m5_rate" : 0.0,
      "mean_rate" : 1.6126688352507517,
      "units" : "events/minute"
    },
    "http.responseCodes.other" : {
      "count" : 0,
      "m15_rate" : 0.0,
      "m1_rate" : 0.0,
      "m5_rate" : 0.0,
      "mean_rate" : 0.0,
      "units" : "events/minute"
    },
    "http.responseCodes.serverError" : {
      "count" : 0,
      "m15_rate" : 0.0,
      "m1_rate" : 0.0,
      "m5_rate" : 0.0,
      "mean_rate" : 0.0,
      "units" : "events/minute"
    },
    "http.responseCodes.serviceUnavailable" : {
      "count" : 16,
      "m15_rate" : 0.8986450318725087,
      "m1_rate" : 8.306445000392374,
      "m5_rate" : 2.5025811835939367,
      "mean_rate" : 12.901324410300452,
      "units" : "events/minute"
    },
    "jenkins.job.scheduled" : {
      "count" : 0,
      "m15_rate" : 0.0,
      "m1_rate" : 0.0,
      "m5_rate" : 0.0,
      "mean_rate" : 0.0,
      "units" : "events/minute"
    },
    "jenkins.runs.aborted" : {
      "count" : 0,
      "m15_rate" : 0.0,
      "m1_rate" : 0.0,
      "m5_rate" : 0.0,
      "mean_rate" : 0.0,
      "units" : "events/minute"
    },
    "jenkins.runs.failure" : {
      "count" : 0,
      "m15_rate" : 0.0,
      "m1_rate" : 0.0,
      "m5_rate" : 0.0,
      "mean_rate" : 0.0,
      "units" : "events/minute"
    },
    "jenkins.runs.not_built" : {
      "count" : 0,
      "m15_rate" : 0.0,
      "m1_rate" : 0.0,
      "m5_rate" : 0.0,
      "mean_rate" : 0.0,
      "units" : "events/minute"
    },
    "jenkins.runs.success" : {
      "count" : 0,
      "m15_rate" : 0.0,
      "m1_rate" : 0.0,
      "m5_rate" : 0.0,
      "mean_rate" : 0.0,
      "units" : "events/minute"
    },
    "jenkins.runs.total" : {
      "count" : 0,
      "m15_rate" : 0.0,
      "m1_rate" : 0.0,
      "m5_rate" : 0.0,
      "mean_rate" : 0.0,
      "units" : "events/minute"
    },
    "jenkins.runs.unstable" : {
      "count" : 0,
      "m15_rate" : 0.0,
      "m1_rate" : 0.0,
      "m5_rate" : 0.0,
      "mean_rate" : 0.0,
      "units" : "events/minute"
    },
    "jenkins.task.scheduled" : {
      "count" : 0,
      "m15_rate" : 0.0,
      "m1_rate" : 0.0,
      "m5_rate" : 0.0,
      "mean_rate" : 0.0,
      "units" : "events/minute"
    }
  },
  "timers" : {
    "http.requests" : {
      "count" : 18,
      "max" : 4.445127214,
      "mean" : 0.5316747318596865,
      "min" : 0.0038512480000000003,
      "p50" : 0.072267407,
      "p75" : 0.108564794,
      "p95" : 4.445127214,
      "p98" : 4.445127214,
      "p99" : 4.445127214,
      "p999" : 4.445127214,
      "values" : [ 0.0038512480000000003, 0.019041600000000002, 0.019136695000000002, 0.026693352, 0.027871098, 0.028710348, 0.030452891000000003, 0.03190358, 0.053810543, 0.059223665, 0.072267407, 0.09696852, 0.101824489, 0.108564794, 0.13102683, 0.159293141, 3.987197236, 4.445127214 ],
      "stddev" : 1.3076111584209187,
      "m15_rate" : 0.8986450318725087,
      "m1_rate" : 8.306445000392374,
      "m5_rate" : 2.5025811835939367,
      "mean_rate" : 14.518415297461072,
      "duration_units" : "seconds",
      "rate_units" : "calls/minute"
    },
    "jenkins.health-check.duration" : {
      "count" : 0,
      "max" : 0.0,
      "mean" : 0.0,
      "min" : 0.0,
      "p50" : 0.0,
      "p75" : 0.0,
      "p95" : 0.0,
      "p98" : 0.0,
      "p99" : 0.0,
      "p999" : 0.0,
      "values" : [ ],
      "stddev" : 0.0,
      "m15_rate" : 0.0,
      "m1_rate" : 0.0,
      "m5_rate" : 0.0,
      "mean_rate" : 0.0,
      "duration_units" : "seconds",
      "rate_units" : "calls/minute"
    },
    "jenkins.job.blocked.duration" : {
      "count" : 0,
      "max" : 0.0,
      "mean" : 0.0,
      "min" : 0.0,
      "p50" : 0.0,
      "p75" : 0.0,
      "p95" : 0.0,
      "p98" : 0.0,
      "p99" : 0.0,
      "p999" : 0.0,
      "values" : [ ],
      "stddev" : 0.0,
      "m15_rate" : 0.0,
      "m1_rate" : 0.0,
      "m5_rate" : 0.0,
      "mean_rate" : 0.0,
      "duration_units" : "seconds",
      "rate_units" : "calls/minute"
    },
    "jenkins.job.buildable.duration" : {
      "count" : 0,
      "max" : 0.0,
      "mean" : 0.0,
      "min" : 0.0,
      "p50" : 0.0,
      "p75" : 0.0,
      "p95" : 0.0,
      "p98" : 0.0,
      "p99" : 0.0,
      "p999" : 0.0,
      "values" : [ ],
      "stddev" : 0.0,
      "m15_rate" : 0.0,
      "m1_rate" : 0.0,
      "m5_rate" : 0.0,
      "mean_rate" : 0.0,
      "duration_units" : "seconds",
      "rate_units" : "calls/minute"
    },
    "jenkins.job.building.duration" : {
      "count" : 0,
      "max" : 0.0,
      "mean" : 0.0,
      "min" : 0.0,
      "p50" : 0.0,
      "p75" : 0.0,
      "p95" : 0.0,
      "p98" : 0.0,
      "p99" : 0.0,
      "p999" : 0.0,
      "values" : [ ],
      "stddev" : 0.0,
      "m15_rate" : 0.0,
      "m1_rate" : 0.0,
      "m5_rate" : 0.0,
      "mean_rate" : 0.0,
      "duration_units" : "seconds",
      "rate_units" : "calls/minute"
    },
    "jenkins.job.execution.time" : {
      "count" : 0,
      "max" : 0.0,
      "mean" : 0.0,
      "min" : 0.0,
      "p50" : 0.0,
      "p75" : 0.0,
      "p95" : 0.0,
      "p98" : 0.0,
      "p99" : 0.0,
      "p999" : 0.0,
      "values" : [ ],
      "stddev" : 0.0,
      "m15_rate" : 0.0,
      "m1_rate" : 0.0,
      "m5_rate" : 0.0,
      "mean_rate" : 0.0,
      "duration_units" : "seconds",
      "rate_units" : "calls/minute"
    },
    "jenkins.job.queuing.duration" : {
      "count" : 0,
      "max" : 0.0,
      "mean" : 0.0,
      "min" : 0.0,
      "p50" : 0.0,
      "p75" : 0.0,
      "p95" : 0.0,
      "p98" : 0.0,
      "p99" : 0.0,
      "p999" : 0.0,
      "values" : [ ],
      "stddev" : 0.0,
      "m15_rate" : 0.0,
      "m1_rate" : 0.0,
      "m5_rate" : 0.0,
      "mean_rate" : 0.0,
      "duration_units" : "seconds",
      "rate_units" : "calls/minute"
    },
    "jenkins.job.total.duration" : {
      "count" : 0,
      "max" : 0.0,
      "mean" : 0.0,
      "min" : 0.0,
      "p50" : 0.0,
      "p75" : 0.0,
      "p95" : 0.0,
      "p98" : 0.0,
      "p99" : 0.0,
      "p999" : 0.0,
      "values" : [ ],
      "stddev" : 0.0,
      "m15_rate" : 0.0,
      "m1_rate" : 0.0,
      "m5_rate" : 0.0,
      "mean_rate" : 0.0,
      "duration_units" : "seconds",
      "rate_units" : "calls/minute"
    },
    "jenkins.job.waiting.duration" : {
      "count" : 0,
      "max" : 0.0,
      "mean" : 0.0,
      "min" : 0.0,
      "p50" : 0.0,
      "p75" : 0.0,
      "p95" : 0.0,
      "p98" : 0.0,
      "p99" : 0.0,
      "p999" : 0.0,
      "values" : [ ],
      "stddev" : 0.0,
      "m15_rate" : 0.0,
      "m1_rate" : 0.0,
      "m5_rate" : 0.0,
      "mean_rate" : 0.0,
      "duration_units" : "seconds",
      "rate_units" : "calls/minute"
    },
    "jenkins.task.blocked.duration" : {
      "count" : 0,
      "max" : 0.0,
      "mean" : 0.0,
      "min" : 0.0,
      "p50" : 0.0,
      "p75" : 0.0,
      "p95" : 0.0,
      "p98" : 0.0,
      "p99" : 0.0,
      "p999" : 0.0,
      "values" : [ ],
      "stddev" : 0.0,
      "m15_rate" : 0.0,
      "m1_rate" : 0.0,
      "m5_rate" : 0.0,
      "mean_rate" : 0.0,
      "duration_units" : "seconds",
      "rate_units" : "calls/minute"
    },
    "jenkins.task.buildable.duration" : {
      "count" : 0,
      "max" : 0.0,
      "mean" : 0.0,
      "min" : 0.0,
      "p50" : 0.0,
      "p75" : 0.0,
      "p95" : 0.0,
      "p98" : 0.0,
      "p99" : 0.0,
      "p999" : 0.0,
      "values" : [ ],
      "stddev" : 0.0,
      "m15_rate" : 0.0,
      "m1_rate" : 0.0,
      "m5_rate" : 0.0,
      "mean_rate" : 0.0,
      "duration_units" : "seconds",
      "rate_units" : "calls/minute"
    },
    "jenkins.task.execution.duration" : {
      "count" : 0,
      "max" : 0.0,
      "mean" : 0.0,
      "min" : 0.0,
      "p50" : 0.0,
      "p75" : 0.0,
      "p95" : 0.0,
      "p98" : 0.0,
      "p99" : 0.0,
      "p999" : 0.0,
      "values" : [ ],
      "stddev" : 0.0,
      "m15_rate" : 0.0,
      "m1_rate" : 0.0,
      "m5_rate" : 0.0,
      "mean_rate" : 0.0,
      "duration_units" : "seconds",
      "rate_units" : "calls/minute"
    },
    "jenkins.task.queuing.duration" : {
      "count" : 0,
      "max" : 0.0,
      "mean" : 0.0,
      "min" : 0.0,
      "p50" : 0.0,
      "p75" : 0.0,
      "p95" : 0.0,
      "p98" : 0.0,
      "p99" : 0.0,
      "p999" : 0.0,
      "values" : [ ],
      "stddev" : 0.0,
      "m15_rate" : 0.0,
      "m1_rate" : 0.0,
      "m5_rate" : 0.0,
      "mean_rate" : 0.0,
      "duration_units" : "seconds",
      "rate_units" : "calls/minute"
    },
    "jenkins.task.waiting.duration" : {
      "count" : 0,
      "max" : 0.0,
      "mean" : 0.0,
      "min" : 0.0,
      "p50" : 0.0,
      "p75" : 0.0,
      "p95" : 0.0,
      "p98" : 0.0,
      "p99" : 0.0,
      "p999" : 0.0,
      "values" : [ ],
      "stddev" : 0.0,
      "m15_rate" : 0.0,
      "m1_rate" : 0.0,
      "m5_rate" : 0.0,
      "mean_rate" : 0.0,
      "duration_units" : "seconds",
      "rate_units" : "calls/minute"
    }
  }
}