{
  "version" : "4.0.0",
  "gauges" : {
    "jenkins.executor.count.value" : {
      "value" : 2
    },
    "jenkins.executor.free.value" : {
      "value" : 2
    },
    "jenkins.executor.in-use.value" : {
      "value" : 0
    },
    "jenkins.health-check.count" : {
      "value" : 4
    },
    "jenkins.health-check.inverse-score" : {
      "value" : 0.0
    },
    "jenkins.health-check.score" : {
      "value" : 1.0
    },
    "jenkins.job.averageDepth" : {
      "value" : 0.0
    },
    "jenkins.job.count.value" : {
      "value" : 0
    },
    "jenkins.node.count.value" : {
      "value" : 1
    },
    "jenkins.node.offline.value" : {
      "value" : 0
    },
    "jenkins.node.online.value" : {
      "value" : 1
    },
    "jenkins.plugins.active" : {
      "value" : 107
    },
    "jenkins.plugins.failed" : {
      "value" : 0
    },
    "jenkins.plugins.inactive" : {
      "value" : 0
    },
    "jenkins.plugins.withUpdate" : {
      "value" : 97
    },
    "jenkins.project.count.value" : {
      "value" : 0
    },
    "jenkins.project.disabled.count.value" : {
      "value" : 0
    },
    "jenkins.project.enabled.count.value" : {
      "value" : 0
    },
    "jenkins.queue.blocked.value" : {
      "value" : 0
    },
    "jenkins.queue.buildable.value" : {
      "value" : 0
    },
    "jenkins.queue.pending.value" : {
      "value" : 0
    },
    "jenkins.queue.size.value" : {
      "value" : 0
    },
    "jenkins.queue.stuck.value" : {
      "value" : 0
    },
    "jenkins.versions.core" : {
      "value" : "2.150.3"
    },
    "jenkins.versions.plugin.ace-editor" : {
      "value" : "1.1"
    },
    "jenkins.versions.plugin.ant" : {
      "value" : "1.9"
    },
    "jenkins.versions.plugin.apache-httpcomponents-client-4-api" : {
      "value" : "4.5.5-3.0"
    },
    "jenkins.versions.plugin.artifactory" : {
      "value" : "3.1.0"
    },
    "jenkins.versions.plugin.authentication-tokens" : {
      "value" : "1.3"
    },
    "jenkins.versions.plugin.blueocean" : {
      "value" : "1.10.1"
    },
    "jenkins.versions.plugin.blueocean-autofavorite" : {
      "value" : "1.2.2"
    },
    "jenkins.versions.plugin.blueocean-bitbucket-pipeline" : {
      "value" : "1.10.1"
    },
    "jenkins.versions.plugin.blueocean-commons" : {
      "value" : "1.10.1"
    },
    "jenkins.versions.plugin.blueocean-config" : {
      "value" : "1.10.1"
    },
    "jenkins.versions.plugin.blueocean-core-js" : {
      "value" : "1.10.1"
    },
    "jenkins.versions.plugin.blueocean-dashboard" : {
      "value" : "1.10.1"
    },
    "jenkins.versions.plugin.blueocean-display-url" : {
      "value" : "2.2.0"
    },
    "jenkins.versions.plugin.blueocean-events" : {
      "value" : "1.10.1"
    },
    "jenkins.versions.plugin.blueocean-git-pipeline" : {
      "value" : "1.10.1"
    },
    "jenkins.versions.plugin.blueocean-github-pipeline" : {
      "value" : "1.10.1"
    },
    "jenkins.versions.plugin.blueocean-i18n" : {
      "value" : "1.10.1"
    },
    "jenkins.versions.plugin.blueocean-jira" : {
      "value" : "1.10.1"
    },
    "jenkins.versions.plugin.blueocean-jwt" : {
      "value" : "1.10.1"
    },
    "jenkins.versions.plugin.blueocean-personalization" : {
      "value" : "1.10.1"
    },
    "jenkins.versions.plugin.blueocean-pipeline-api-impl" : {
      "value" : "1.10.1"
    },
    "jenkins.versions.plugin.blueocean-pipeline-editor" : {
      "value" : "1.10.1"
    },
    "jenkins.versions.plugin.blueocean-pipeline-scm-api" : {
      "value" : "1.10.1"
    },
    "jenkins.versions.plugin.blueocean-rest" : {
      "value" : "1.10.1"
    },
    "jenkins.versions.plugin.blueocean-rest-impl" : {
      "value" : "1.10.1"
    },
    "jenkins.versions.plugin.blueocean-web" : {
      "value" : "1.10.1"
    },
    "jenkins.versions.plugin.bouncycastle-api" : {
      "value" : "2.17"
    },
    "jenkins.versions.plugin.branch-api" : {
      "value" : "2.1.2"
    },
    "jenkins.versions.plugin.cloudbees-bitbucket-branch-source" : {
      "value" : "2.4.0"
    },
    "jenkins.versions.plugin.cloudbees-folder" : {
      "value" : "6.7"
    },
    "jenkins.versions.plugin.command-launcher" : {
      "value" : "1.3"
    },
    "jenkins.versions.plugin.config-file-provider" : {
      "value" : "3.4.1"
    },
    "jenkins.versions.plugin.configuration-as-code" : {
      "value" : "1.4"
    },
    "jenkins.versions.plugin.credentials" : {
      "value" : "2.1.18"
    },
    "jenkins.versions.plugin.credentials-binding" : {
      "value" : "1.17"
    },
    "jenkins.versions.plugin.display-url-api" : {
      "value" : "2.3.0"
    },
    "jenkins.versions.plugin.docker-commons" : {
      "value" : "1.13"
    },
    "jenkins.versions.plugin.docker-workflow" : {
      "value" : "1.17"
    },
    "jenkins.versions.plugin.durable-task" : {
      "value" : "1.28"
    },
    "jenkins.versions.plugin.favorite" : {
      "value" : "2.3.2"
    },
    "jenkins.versions.plugin.git" : {
      "value" : "3.9.1"
    },
    "jenkins.versions.plugin.git-client" : {
      "value" : "2.7.6"
    },
    "jenkins.versions.plugin.git-server" : {
      "value" : "1.7"
    },
    "jenkins.versions.plugin.gitea" : {
      "value" : "1.0.8"
    },
    "jenkins.versions.plugin.github" : {
      "value" : "1.29.3"
    },
    "jenkins.versions.plugin.github-api" : {
      "value" : "1.95"
    },
    "jenkins.versions.plugin.github-branch-source" : {
      "value" : "2.4.2"
    },
    "jenkins.versions.plugin.gitlab-plugin" : {
      "value" : "1.5.11"
    },
    "jenkins.versions.plugin.gradle" : {
      "value" : "1.30"
    },
    "jenkins.versions.plugin.handlebars" : {
      "value" : "1.1.1"
    },
    "jenkins.versions.plugin.handy-uri-templates-2-api" : {
      "value" : "2.1.6-1.0"
    },
    "jenkins.versions.plugin.htmlpublisher" : {
      "value" : "1.17"
    },
    "jenkins.versions.plugin.ivy" : {
      "value" : "1.28"
    },
    "jenkins.versions.plugin.jackson2-api" : {
      "value" : "2.9.8"
    },
    "jenkins.versions.plugin.javadoc" : {
      "value" : "1.4"
    },
    "jenkins.versions.plugin.jenkins-design-language" : {
      "value" : "1.10.1"
    },
    "jenkins.versions.plugin.jira" : {
      "value" : "3.0.5"
    },
    "jenkins.versions.plugin.jquery-detached" : {
      "value" : "1.2.1"
    },
    "jenkins.versions.plugin.jsch" : {
      "value" : "0.1.55"
    },
    "jenkins.versions.plugin.junit" : {
      "value" : "1.26.1"
    },
    "jenkins.versions.plugin.jx-resources" : {
      "value" : "1.0.35"
    },
    "jenkins.versions.plugin.kubernetes" : {
      "value" : "1.14.3"
    },
    "jenkins.versions.plugin.kubernetes-credentials" : {
      "value" : "0.4.0"
    },
    "jenkins.versions.plugin.kubernetes-credentials-provider" : {
      "value" : "0.11"
    },
    "jenkins.versions.plugin.localization-zh-cn" : {
      "value" : "0.0.11"
    },
    "jenkins.versions.plugin.lockable-resources" : {
      "value" : "2.3"
    },
    "jenkins.versions.plugin.mailer" : {
      "value" : "1.23"
    },
    "jenkins.versions.plugin.matrix-project" : {
      "value" : "1.13"
    },
    "jenkins.versions.plugin.maven-plugin" : {
      "value" : "3.2"
    },
    "jenkins.versions.plugin.mercurial" : {
      "value" : "2.4"
    },
    "jenkins.versions.plugin.metrics" : {
      "value" : "4.0.2.2"
    },
    "jenkins.versions.plugin.momentjs" : {
      "value" : "1.1.1"
    },
    "jenkins.versions.plugin.pipeline-build-step" : {
      "value" : "2.7"
    },
    "jenkins.versions.plugin.pipeline-graph-analysis" : {
      "value" : "1.9"
    },
    "jenkins.versions.plugin.pipeline-input-step" : {
      "value" : "2.9"
    },
    "jenkins.versions.plugin.pipeline-milestone-step" : {
      "value" : "1.3.1"
    },
    "jenkins.versions.plugin.pipeline-model-api" : {
      "value" : "1.3.4.1"
    },
    "jenkins.versions.plugin.pipeline-model-declarative-agent" : {
      "value" : "1.1.1"
    },
    "jenkins.versions.plugin.pipeline-model-definition" : {
      "value" : "1.3.4.1"
    },
    "jenkins.versions.plugin.pipeline-model-extensions" : {
      "value" : "1.3.4.1"
    },
    "jenkins.versions.plugin.pipeline-rest-api" : {
      "value" : "2.10"
    },
    "jenkins.versions.plugin.pipeline-stage-step" : {
      "value" : "2.3"
    },
    "jenkins.versions.plugin.pipeline-stage-tags-metadata" : {
      "value" : "1.3.4.1"
    },
    "jenkins.versions.plugin.pipeline-stage-view" : {
      "value" : "2.10"
    },
    "jenkins.versions.plugin.plain-credentials" : {
      "value" : "1.5"
    },
    "jenkins.versions.plugin.pubsub-light" : {
      "value" : "1.12"
    },
    "jenkins.versions.plugin.resource-disposer" : {
      "value" : "0.12"
    },
    "jenkins.versions.plugin.scm-api" : {
      "value" : "2.3.0"
    },
    "jenkins.versions.plugin.script-security" : {
      "value" : "1.50"
    },
    "jenkins.versions.plugin.sse-gateway" : {
      "value" : "1.17"
    },
    "jenkins.versions.plugin.ssh-credentials" : {
      "value" : "1.14"
    },
    "jenkins.versions.plugin.structs" : {
      "value" : "1.17"
    },
    "jenkins.versions.plugin.support-core" : {
      "value" : "2.54"
    },
    "jenkins.versions.plugin.token-macro" : {
      "value" : "2.5"
    },
    "jenkins.versions.plugin.variant" : {
      "value" : "1.1"
    },
    "jenkins.versions.plugin.workflow-aggregator" : {
      "value" : "2.6"
    },
    "jenkins.versions.plugin.workflow-api" : {
      "value" : "2.33"
    },
    "jenkins.versions.plugin.workflow-basic-steps" : {
      "value" : "2.14"
    },
    "jenkins.versions.plugin.workflow-cps" : {
      "value" : "2.62"
    },
    "jenkins.versions.plugin.workflow-cps-global-lib" : {
      "value" : "2.12"
    },
    "jenkins.versions.plugin.workflow-durable-task-step" : {
      "value" : "2.28"
    },
    "jenkins.versions.plugin.workflow-job" : {
      "value" : "2.31"
    },
    "jenkins.versions.plugin.workflow-multibranch" : {
      "value" : "2.20"
    },
    "jenkins.versions.plugin.workflow-scm-step" : {
      "value" : "2.7"
    },
    "jenkins.versions.plugin.workflow-step-api" : {
      "value" : "2.18"
    },
    "jenkins.versions.plugin.workflow-support" : {
      "value" : "3.0"
    },
    "jenkins.versions.plugin.ws-cleanup" : {
      "value" : "0.37"
    },
    "system.cpu.load" : {
      "value" : 4.29
    },
    "vm.blocked.count" : {
      "value" : 0
    },
    "vm.class.loaded" : {
      "value" : 15707
    },
    "vm.class.unloaded" : {
      "value" : 0
    },
    "vm.count" : {
      "value" : 46
    },
    "vm.cpu.load" : {
      "value" : 0.37742504409171074
    },
    "vm.daemon.count" : {
      "value" : 30
    },
    "vm.deadlock.count" : {
      "value" : 0
    },
    "vm.deadlocks" : {
      "value" : [ ]
    },
    "vm.file.descriptor.ratio" : {
      "value" : 6.44683837890625E-4
    },
    "vm.gc.Copy.count" : {
      "value" : 629
    },
    "vm.gc.Copy.time" : {
      "value" : 3887
    },
    "vm.gc.MarkSweepCompact.count" : {
      "value" : 6
    },
    "vm.gc.MarkSweepCompact.time" : {
      "value" : 1685
    },
    "vm.memory.heap.committed" : {
      "value" : 152752128
    },
    "vm.memory.heap.init" : {
      "value" : 16777216
    },
    "vm.memory.heap.max" : {
      "value" : 251396096
    },
    "vm.memory.heap.usage" : {
      "value" : 0.4108417339941508
    },
    "vm.memory.heap.used" : {
      "value" : 103284008
    },
    "vm.memory.non-heap.committed" : {
      "value" : 132931584
    },
    "vm.memory.non-heap.init" : {
      "value" : 2555904
    },
    "vm.memory.non-heap.max" : {
      "value" : -1
    },
    "vm.memory.non-heap.usage" : {
      "value" : -1.21441688E8
    },
    "vm.memory.non-heap.used" : {
      "value" : 121441688
    },
    "vm.memory.pools.Code-Cache.committed" : {
      "value" : 19202048
    },
    "vm.memory.pools.Code-Cache.init" : {
      "value" : 2555904
    },
    "vm.memory.pools.Code-Cache.max" : {
      "value" : 251658240
    },
    "vm.memory.pools.Code-Cache.usage" : {
      "value" : 0.0756866455078125
    },
    "vm.memory.pools.Code-Cache.used" : {
      "value" : 19047168
    },
    "vm.memory.pools.Compressed-Class-Space.committed" : {
      "value" : 12976128
    },
    "vm.memory.pools.Compressed-Class-Space.init" : {
      "value" : 0
    },
    "vm.memory.pools.Compressed-Class-Space.max" : {
      "value" : 1073741824
    },
    "vm.memory.pools.Compressed-Class-Space.usage" : {
      "value" : 0.009996458888053894
    },
    "vm.memory.pools.Compressed-Class-Space.used" : {
      "value" : 10733616
    },
    "vm.memory.pools.Eden-Space.committed" : {
      "value" : 42270720
    },
    "vm.memory.pools.Eden-Space.init" : {
      "value" : 4521984
    },
    "vm.memory.pools.Eden-Space.max" : {
      "value" : 69337088
    },
    "vm.memory.pools.Eden-Space.usage" : {
      "value" : 0.2286934230638587
    },
    "vm.memory.pools.Eden-Space.used" : {
      "value" : 15856936
    },
    "vm.memory.pools.Eden-Space.used-after-gc" : {
      "value" : 0
    },
    "vm.memory.pools.Metaspace.committed" : {
      "value" : 100753408
    },
    "vm.memory.pools.Metaspace.init" : {
      "value" : 0
    },
    "vm.memory.pools.Metaspace.max" : {
      "value" : -1
    },
    "vm.memory.pools.Metaspace.usage" : {
      "value" : 0.9097685311051712
    },
    "vm.memory.pools.Metaspace.used" : {
      "value" : 91662280
    },
    "vm.memory.pools.Survivor-Space.committed" : {
      "value" : 5242880
    },
    "vm.memory.pools.Survivor-Space.init" : {
      "value" : 524288
    },
    "vm.memory.pools.Survivor-Space.max" : {
      "value" : 8650752
    },
    "vm.memory.pools.Survivor-Space.usage" : {
      "value" : 0.32909416429924243
    },
    "vm.memory.pools.Survivor-Space.used" : {
      "value" : 2846912
    },
    "vm.memory.pools.Survivor-Space.used-after-gc" : {
      "value" : 2846912
    },
    "vm.memory.pools.Tenured-Gen.committed" : {
      "value" : 105238528
    },
    "vm.memory.pools.Tenured-Gen.init" : {
      "value" : 11206656
    },
    "vm.memory.pools.Tenured-Gen.max" : {
      "value" : 173408256
    },
    "vm.memory.pools.Tenured-Gen.usage" : {
      "value" : 0.487751632771164
    },
    "vm.memory.pools.Tenured-Gen.used" : {
      "value" : 84580160
    },
    "vm.memory.pools.Tenured-Gen.used-after-gc" : {
      "value" : 63142160
    },
    "vm.memory.total.committed" : {
      "value" : 285683712
    },
    "vm.memory.total.init" : {
      "value" : 19333120
    },
    "vm.memory.total.max" : {
      "value" : 251396095
    },
    "vm.memory.total.used" : {
      "value" : 224727200
    },
    "vm.new.count" : {
      "value" : 0
    },
    "vm.runnable.count" : {
      "value" : 10
    },
    "vm.terminated.count" : {
      "value" : 0
    },
    "vm.timed_waiting.count" : {
      "value" : 22
    },
    "vm.uptime.milliseconds" : {
      "value" : 117302
    },
    "vm.waiting.count" : {
      "value" : 14
    }
  },
  "counters" : {
    "http.activeRequests" : {
      "count" : 0
    }
  },
  "histograms" : {
    "jenkins.executor.count.history" : {
      "count" : 3,
      "max" : 2,
      "mean" : 2.0,
      "min" : 2,
      "p50" : 2.0,
      "p75" : 2.0,
      "p95" : 2.0,
      "p98" : 2.0,
      "p99" : 2.0,
      "p999" : 2.0,
      "values" : [ 2, 2, 2 ],
      "stddev" : 0.0
    },
    "jenkins.executor.free.history" : {
      "count" : 3,
      "max" : 2,
      "mean" : 2.0,
      "min" : 2,
      "p50" : 2.0,
      "p75" : 2.0,
      "p95" : 2.0,
      "p98" : 2.0,
      "p99" : 2.0,
      "p999" : 2.0,
      "values" : [ 2, 2, 2 ],
      "stddev" : 0.0
    },
    "jenkins.executor.in-use.history" : {
      "count" : 3,
      "max" : 0,
      "mean" : 0.0,
      "min" : 0,
      "p50" : 0.0,
      "p75" : 0.0,
      "p95" : 0.0,
      "p98" : 0.0,
      "p99" : 0.0,
      "p999" : 0.0,
      "values" : [ 0, 0, 0 ],
      "stddev" : 0.0
    },
    "jenkins.job.count.history" : {
      "count" : 3,
      "max" : 0,
      "mean" : 0.0,
      "min" : 0,
      "p50" : 0.0,
      "p75" : 0.0,
      "p95" : 0.0,
      "p98" : 0.0,
      "p99" : 0.0,
      "p999" : 0.0,
      "values" : [ 0, 0, 0 ],
      "stddev" : 0.0
    },
    "jenkins.node.count.history" : {
      "count" : 3,
      "max" : 1,
      "mean" : 1.0,
      "min" : 1,
      "p50" : 1.0,
      "p75" : 1.0,
      "p95" : 1.0,
      "p98" : 1.0,
      "p99" : 1.0,
      "p999" : 1.0,
      "values" : [ 1, 1, 1 ],
      "stddev" : 0.0
    },
    "jenkins.node.offline.history" : {
      "count" : 3,
      "max" : 0,
      "mean" : 0.0,
      "min" : 0,
      "p50" : 0.0,
      "p75" : 0.0,
      "p95" : 0.0,
      "p98" : 0.0,
      "p99" : 0.0,
      "p999" : 0.0,
      "values" : [ 0, 0, 0 ],
      "stddev" : 0.0
    },
    "jenkins.node.online.history" : {
      "count" : 3,
      "max" : 1,
      "mean" : 1.0,
      "min" : 1,
      "p50" : 1.0,
      "p75" : 1.0,
      "p95" : 1.0,
      "p98" : 1.0,
      "p99" : 1.0,
      "p999" : 1.0,
      "values" : [ 1, 1, 1 ],
      "stddev" : 0.0
    },
    "jenkins.project.count.history" : {
      "count" : 3,
      "max" : 0,
      "mean" : 0.0,
      "min" : 0,
      "p50" : 0.0,
      "p75" : 0.0,
      "p95" : 0.0,
      "p98" : 0.0,
      "p99" : 0.0,
      "p999" : 0.0,
      "values" : [ 0, 0, 0 ],
      "stddev" : 0.0
    },
    "jenkins.project.disabled.count.history" : {
      "count" : 3,
      "max" : 0,
      "mean" : 0.0,
      "min" : 0,
      "p50" : 0.0,
      "p75" : 0.0,
      "p95" : 0.0,
      "p98" : 0.0,
      "p99" : 0.0,
      "p999" : 0.0,
      "values" : [ 0, 0, 0 ],
      "stddev" : 0.0
    },
    "jenkins.project.enabled.count.history" : {
      "count" : 3,
      "max" : 0,
      "mean" : 0.0,
      "min" : 0,
      "p50" : 0.0,
      "p75" : 0.0,
      "p95" : 0.0,
      "p98" : 0.0,
      "p99" : 0.0,
      "p999" : 0.0,
      "values" : [ 0, 0, 0 ],
      "stddev" : 0.0
    },
    "jenkins.queue.blocked.history" : {
      "count" : 3,
      "max" : 0,
      "mean" : 0.0,
      "min" : 0,
      "p50" : 0.0,
      "p75" : 0.0,
      "p95" : 0.0,
      "p98" : 0.0,
      "p99" : 0.0,
      "p999" : 0.0,
      "values" : [ 0, 0, 0 ],
      "stddev" : 0.0
    },
    "jenkins.queue.buildable.history" : {
      "count" : 3,
      "max" : 0,
      "mean" : 0.0,
      "min" : 0,
      "p50" : 0.0,
      "p75" : 0.0,
      "p95" : 0.0,
      "p98" : 0.0,
      "p99" : 0.0,
      "p999" : 0.0,
      "values" : [ 0, 0, 0 ],
      "stddev" : 0.0
    },
    "jenkins.queue.pending.history" : {
      "count" : 3,
      "max" : 0,
      "mean" : 0.0,
      "min" : 0,
      "p50" : 0.0,
      "p75" : 0.0,
      "p95" : 0.0,
      "p98" : 0.0,
      "p99" : 0.0,
      "p999" : 0.0,
      "values" : [ 0, 0, 0 ],
      "stddev" : 0.0
    },
    "jenkins.queue.size.history" : {
      "count" : 3,
      "max" : 0,
      "mean" : 0.0,
      "min" : 0,
      "p50" : 0.0,
      "p75" : 0.0,
      "p95" : 0.0,
      "p98" : 0.0,
      "p99" : 0.0,
      "p999" : 0.0,
      "values" : [ 0, 0, 0 ],
      "stddev" : 0.0
    },
    "jenkins.queue.stuck.history" : {
      "count" : 3,
      "max" : 0,
      "mean" : 0.0,
      "min" : 0,
      "p50" : 0.0,
      "p75" : 0.0,
      "p95" : 0.0,
      "p98" : 0.0,
      "p99" : 0.0,
      "p999" : 0.0,
      "values" : [ 0, 0, 0 ],
      "stddev" : 0.0
    },
    "system.cpu.load.x100.history" : {
      "count" : 3,
      "max" : 441,
      "mean" : 428.2074949132226,
      "min" : 417,
      "p50" : 429.0,
      "p75" : 441.0,
      "p95" : 441.0,
      "p98" : 441.0,
      "p99" : 441.0,
      "p999" : 441.0,
      "values" : [ 417, 429, 441 ],
      "stddev" : 9.179441069987346
    },
    "system.cpu.load.x100.window.15m" : {
      "count" : 3,
      "max" : 441,
      "mean" : 429.0,
      "min" : 417,
      "p50" : 429.0,
      "p75" : 441.0,
      "p95" : 441.0,
      "p98" : 441.0,
      "p99" : 441.0,
      "p999" : 441.0,
      "values" : [ 417, 429, 441 ],
      "stddev" : 12.0
    },
    "system.cpu.load.x100.window.1h" : {
      "count" : 3,
      "max" : 441,
      "mean" : 429.0,
      "min" : 417,
      "p50" : 429.0,
      "p75" : 441.0,
      "p95" : 441.0,
      "p98" : 441.0,
      "p99" : 441.0,
      "p999" : 441.0,
      "values" : [ 417, 429, 441 ],
      "stddev" : 12.0
    },
    "system.cpu.load.x100.window.5m" : {
      "count" : 3,
      "max" : 441,
      "mean" : 429.0,
      "min" : 417,
      "p50" : 429.0,
      "p75" : 441.0,
      "p95" : 441.0,
      "p98" : 441.0,
      "p99" : 441.0,
      "p999" : 441.0,
      "values" : [ 417, 429, 441 ],
      "stddev" : 12.0
    },
    "vm.cpu.load.x100.history" : {
      "count" : 3,
      "max" : 46,
      "mean" : 37.60983815164013,
      "min" : 22,
      "p50" : 44.0,
      "p75" : 46.0,
      "p95" : 46.0,
      "p98" : 46.0,
      "p99" : 46.0,
      "p999" : 46.0,
      "values" : [ 22, 44, 46 ],
      "stddev" : 10.929439967005182
    },
    "vm.cpu.load.x100.window.15m" : {
      "count" : 3,
      "max" : 46,
      "mean" : 37.333333333333336,
      "min" : 22,
      "p50" : 44.0,
      "p75" : 46.0,
      "p95" : 46.0,
      "p98" : 46.0,
      "p99" : 46.0,
      "p999" : 46.0,
      "values" : [ 22, 44, 46 ],
      "stddev" : 13.316656236958787
    },
    "vm.cpu.load.x100.window.1h" : {
      "count" : 3,
      "max" : 46,
      "mean" : 37.333333333333336,
      "min" : 22,
      "p50" : 44.0,
      "p75" : 46.0,
      "p95" : 46.0,
      "p98" : 46.0,
      "p99" : 46.0,
      "p999" : 46.0,
      "values" : [ 22, 44, 46 ],
      "stddev" : 13.316656236958787
    },
    "vm.cpu.load.x100.window.5m" : {
      "count" : 3,
      "max" : 46,
      "mean" : 37.333333333333336,
      "min" : 22,
      "p50" : 44.0,
      "p75" : 46.0,
      "p95" : 46.0,
      "p98" : 46.0,
      "p99" : 46.0,
      "p999" : 46.0,
      "values" : [ 22, 44, 46 ],
      "stddev" : 13.316656236958787
    },
    "vm.file.descriptor.ratio.x100.history" : {
      "count" : 3,
      "max" : 0,
      "mean" : 0.0,
      "min" : 0,
      "p50" : 0.0,
      "p75" : 0.0,
      "p95" : 0.0,
      "p98" : 0.0,
      "p99" : 0.0,
      "p999" : 0.0,
      "values" : [ 0, 0, 0 ],
      "stddev" : 0.0
    },
    "vm.file.descriptor.ratio.x100.window.15m" : {
      "count" : 3,
      "max" : 0,
      "mean" : 0.0,
      "min" : 0,
      "p50" : 0.0,
      "p75" : 0.0,
      "p95" : 0.0,
      "p98" : 0.0,
      "p99" : 0.0,
      "p999" : 0.0,
      "values" : [ 0, 0, 0 ],
      "stddev" : 0.0
    },
    "vm.file.descriptor.ratio.x100.window.1h" : {
      "count" : 3,
      "max" : 0,
      "mean" : 0.0,
      "min" : 0,
      "p50" : 0.0,
      "p75" : 0.0,
      "p95" : 0.0,
      "p98" : 0.0,
      "p99" : 0.0,
      "p999" : 0.0,
      "values" : [ 0, 0, 0 ],
      "stddev" : 0.0
    },
    "vm.file.descriptor.ratio.x100.window.5m" : {
      "count" : 3,
      "max" : 0,
      "mean" : 0.0,
      "min" : 0,
      "p50" : 0.0,
      "p75" : 0.0,
      "p95" : 0.0,
      "p98" : 0.0,
      "p99" : 0.0,
      "p999" : 0.0,
      "values" : [ 0, 0, 0 ],
      "stddev" : 0.0
    },
    "vm.memory.heap.committed.history" : {
      "count" : 3,
      "max" : 152752128,
      "mean" : 1.369004547680623E8,
      "min" : 92188672,
      "p50" : 1.52752128E8,
      "p75" : 1.52752128E8,
      "p95" : 1.52752128E8,
      "p98" : 1.52752128E8,
      "p99" : 1.52752128E8,
      "p999" : 1.52752128E8,
      "values" : [ 92188672, 152752128, 152752128 ],
      "stddev" : 2.6622482417248517E7
    },
    "vm.memory.heap.committed.window.15m" : {
      "count" : 3,
      "max" : 152752128,
      "mean" : 1.3256430933333333E8,
      "min" : 92188672,
      "p50" : 1.52752128E8,
      "p75" : 1.52752128E8,
      "p95" : 1.52752128E8,
      "p98" : 1.52752128E8,
      "p99" : 1.52752128E8,
      "p999" : 1.52752128E8,
      "values" : [ 92188672, 152752128, 152752128 ],
      "stddev" : 3.4966327624654055E7
    },
    "vm.memory.heap.committed.window.1h" : {
      "count" : 3,
      "max" : 152752128,
      "mean" : 1.3256430933333333E8,
      "min" : 92188672,
      "p50" : 1.52752128E8,
      "p75" : 1.52752128E8,
      "p95" : 1.52752128E8,
      "p98" : 1.52752128E8,
      "p99" : 1.52752128E8,
      "p999" : 1.52752128E8,
      "values" : [ 92188672, 152752128, 152752128 ],
      "stddev" : 3.4966327624654055E7
    },
    "vm.memory.heap.committed.window.5m" : {
      "count" : 3,
      "max" : 152752128,
      "mean" : 1.3256430933333333E8,
      "min" : 92188672,
      "p50" : 1.52752128E8,
      "p75" : 1.52752128E8,
      "p95" : 1.52752128E8,
      "p98" : 1.52752128E8,
      "p99" : 1.52752128E8,
      "p999" : 1.52752128E8,
      "values" : [ 92188672, 152752128, 152752128 ],
      "stddev" : 3.4966327624654055E7
    },
    "vm.memory.heap.usage.x100.history" : {
      "count" : 3,
      "max" : 50,
      "mean" : 41.15970231459676,
      "min" : 30,
      "p50" : 39.0,
      "p75" : 50.0,
      "p95" : 50.0,
      "p98" : 50.0,
      "p99" : 50.0,
      "p999" : 50.0,
      "values" : [ 30, 39, 50 ],
      "stddev" : 8.13664549373823
    },
    "vm.memory.heap.usage.x100.window.15m" : {
      "count" : 3,
      "max" : 50,
      "mean" : 39.666666666666664,
      "min" : 30,
      "p50" : 39.0,
      "p75" : 50.0,
      "p95" : 50.0,
      "p98" : 50.0,
      "p99" : 50.0,
      "p999" : 50.0,
      "values" : [ 30, 39, 50 ],
      "stddev" : 10.016652800877813
    },
    "vm.memory.heap.usage.x100.window.1h" : {
      "count" : 3,
      "max" : 50,
      "mean" : 39.666666666666664,
      "min" : 30,
      "p50" : 39.0,
      "p75" : 50.0,
      "p95" : 50.0,
      "p98" : 50.0,
      "p99" : 50.0,
      "p999" : 50.0,
      "values" : [ 30, 39, 50 ],
      "stddev" : 10.016652800877813
    },
    "vm.memory.heap.usage.x100.window.5m" : {
      "count" : 3,
      "max" : 50,
      "mean" : 39.666666666666664,
      "min" : 30,
      "p50" : 39.0,
      "p75" : 50.0,
      "p95" : 50.0,
      "p98" : 50.0,
      "p99" : 50.0,
      "p999" : 50.0,
      "values" : [ 30, 39, 50 ],
      "stddev" : 10.016652800877813
    },
    "vm.memory.heap.used.history" : {
      "count" : 3,
      "max" : 124556376,
      "mean" : 1.0297872649149247E8,
      "min" : 74858784,
      "p50" : 9.8410776E7,
      "p75" : 1.24556376E8,
      "p95" : 1.24556376E8,
      "p98" : 1.24556376E8,
      "p99" : 1.24556376E8,
      "p999" : 1.24556376E8,
      "values" : [ 74858784, 98410776, 124556376 ],
      "stddev" : 2.012268332252231E7
    },
    "vm.memory.heap.used.window.15m" : {
      "count" : 3,
      "max" : 124556376,
      "mean" : 9.9275312E7,
      "min" : 74858784,
      "p50" : 9.8410776E7,
      "p75" : 1.24556376E8,
      "p95" : 1.24556376E8,
      "p98" : 1.24556376E8,
      "p99" : 1.24556376E8,
      "p999" : 1.24556376E8,
      "values" : [ 74858784, 98410776, 124556376 ],
      "stddev" : 2.48600729991102E7
    },
    "vm.memory.heap.used.window.1h" : {
      "count" : 3,
      "max" : 124556376,
      "mean" : 9.9275312E7,
      "min" : 74858784,
      "p50" : 9.8410776E7,
      "p75" : 1.24556376E8,
      "p95" : 1.24556376E8,
      "p98" : 1.24556376E8,
      "p99" : 1.24556376E8,
      "p999" : 1.24556376E8,
      "values" : [ 74858784, 98410776, 124556376 ],
      "stddev" : 2.48600729991102E7
    },
    "vm.memory.heap.used.window.5m" : {
      "count" : 3,
      "max" : 124556376,
      "mean" : 9.9275312E7,
      "min" : 74858784,
      "p50" : 9.8410776E7,
      "p75" : 1.24556376E8,
      "p95" : 1.24556376E8,
      "p98" : 1.24556376E8,
      "p99" : 1.24556376E8,
      "p999" : 1.24556376E8,
      "values" : [ 74858784, 98410776, 124556376 ],
      "stddev" : 2.48600729991102E7
    },
    "vm.memory.non-heap.committed.history" : {
      "count" : 3,
      "max" : 132341760,
      "mean" : 1.2996437259242754E8,
      "min" : 126705664,
      "p50" : 1.29589248E8,
      "p75" : 1.3234176E8,
      "p95" : 1.3234176E8,
      "p98" : 1.3234176E8,
      "p99" : 1.3234176E8,
      "p999" : 1.3234176E8,
      "values" : [ 126705664, 129589248, 132341760 ],
      "stddev" : 2268391.6434567375
    },
    "vm.memory.non-heap.committed.window.15m" : {
      "count" : 3,
      "max" : 132341760,
      "mean" : 1.2954555733333333E8,
      "min" : 126705664,
      "p50" : 1.29589248E8,
      "p75" : 1.3234176E8,
      "p95" : 1.3234176E8,
      "p98" : 1.3234176E8,
      "p99" : 1.3234176E8,
      "p999" : 1.3234176E8,
      "values" : [ 126705664, 129589248, 132341760 ],
      "stddev" : 2818302.00405658
    },
    "vm.memory.non-heap.committed.window.1h" : {
      "count" : 3,
      "max" : 132341760,
      "mean" : 1.2954555733333333E8,
      "min" : 126705664,
      "p50" : 1.29589248E8,
      "p75" : 1.3234176E8,
      "p95" : 1.3234176E8,
      "p98" : 1.3234176E8,
      "p99" : 1.3234176E8,
      "p999" : 1.3234176E8,
      "values" : [ 126705664, 129589248, 132341760 ],
      "stddev" : 2818302.00405658
    },
    "vm.memory.non-heap.committed.window.5m" : {
      "count" : 3,
      "max" : 132341760,
      "mean" : 1.2954555733333333E8,
      "min" : 126705664,
      "p50" : 1.29589248E8,
      "p75" : 1.3234176E8,
      "p95" : 1.3234176E8,
      "p98" : 1.3234176E8,
      "p99" : 1.3234176E8,
      "p999" : 1.3234176E8,
      "values" : [ 126705664, 129589248, 132341760 ],
      "stddev" : 2818302.00405658
    },
    "vm.memory.non-heap.usage.x100.history" : {
      "count" : 3,
      "max" : -11497657600,
      "mean" : -1.1818855401802544E10,
      "min" : -12059482400,
      "p50" : -1.17739944E10,
      "p75" : -1.14976576E10,
      "p95" : -1.14976576E10,
      "p98" : -1.14976576E10,
      "p99" : -1.14976576E10,
      "p999" : -1.14976576E10,
      "values" : [ -12059482400, -11773994400, -11497657600 ],
      "stddev" : 2.2678211194483057E8
    },
    "vm.memory.non-heap.usage.x100.window.15m" : {
      "count" : 3,
      "max" : -11497657600,
      "mean" : -1.17770448E10,
      "min" : -12059482400,
      "p50" : -1.17739944E10,
      "p75" : -1.14976576E10,
      "p95" : -1.14976576E10,
      "p98" : -1.14976576E10,
      "p99" : -1.14976576E10,
      "p999" : -1.14976576E10,
      "values" : [ -12059482400, -11773994400, -11497657600 ],
      "stddev" : 2.809248212224758E8
    },
    "vm.memory.non-heap.usage.x100.window.1h" : {
      "count" : 3,
      "max" : -11497657600,
      "mean" : -1.17770448E10,
      "min" : -12059482400,
      "p50" : -1.17739944E10,
      "p75" : -1.14976576E10,
      "p95" : -1.14976576E10,
      "p98" : -1.14976576E10,
      "p99" : -1.14976576E10,
      "p999" : -1.14976576E10,
      "values" : [ -12059482400, -11773994400, -11497657600 ],
      "stddev" : 2.809248212224758E8
    },
    "vm.memory.non-heap.usage.x100.window.5m" : {
      "count" : 3,
      "max" : -11497657600,
      "mean" : -1.17770448E10,
      "min" : -12059482400,
      "p50" : -1.17739944E10,
      "p75" : -1.14976576E10,
      "p95" : -1.14976576E10,
      "p98" : -1.14976576E10,
      "p99" : -1.14976576E10,
      "p999" : -1.14976576E10,
      "values" : [ -12059482400, -11773994400, -11497657600 ],
      "stddev" : 2.809248212224758E8
    },
    "vm.memory.non-heap.used.history" : {
      "count" : 3,
      "max" : 120594824,
      "mean" : 1.1818857076916802E8,
      "min" : 114976640,
      "p50" : 1.17739944E8,
      "p75" : 1.20594824E8,
      "p95" : 1.20594824E8,
      "p98" : 1.20594824E8,
      "p99" : 1.20594824E8,
      "p999" : 1.20594824E8,
      "values" : [ 114976640, 117739944, 120594824 ],
      "stddev" : 2267797.394390364
    },
    "vm.memory.non-heap.used.window.15m" : {
      "count" : 3,
      "max" : 120594824,
      "mean" : 1.1777046933333333E8,
      "min" : 114976640,
      "p50" : 1.17739944E8,
      "p75" : 1.20594824E8,
      "p95" : 1.20594824E8,
      "p98" : 1.20594824E8,
      "p99" : 1.20594824E8,
      "p999" : 1.20594824E8,
      "values" : [ 114976640, 117739944, 120594824 ],
      "stddev" : 2809216.3874371327
    },
    "vm.memory.non-heap.used.window.1h" : {
      "count" : 3,
      "max" : 120594824,
      "mean" : 1.1777046933333333E8,
      "min" : 114976640,
      "p50" : 1.17739944E8,
      "p75" : 1.20594824E8,
      "p95" : 1.20594824E8,
      "p98" : 1.20594824E8,
      "p99" : 1.20594824E8,
      "p999" : 1.20594824E8,
      "values" : [ 114976640, 117739944, 120594824 ],
      "stddev" : 2809216.3874371327
    },
    "vm.memory.non-heap.used.window.5m" : {
      "count" : 3,
      "max" : 120594824,
      "mean" : 1.1777046933333333E8,
      "min" : 114976640,
      "p50" : 1.17739944E8,
      "p75" : 1.20594824E8,
      "p95" : 1.20594824E8,
      "p98" : 1.20594824E8,
      "p99" : 1.20594824E8,
      "p999" : 1.20594824E8,
      "values" : [ 114976640, 117739944, 120594824 ],
      "stddev" : 2809216.3874371327
    },
    "vm.memory.pools.Code-Cache.committed.history" : {
      "count" : 3,
      "max" : 18874368,
      "mean" : 1.7904496739629388E7,
      "min" : 16646144,
      "p50" : 1.769472E7,
      "p75" : 1.8874368E7,
      "p95" : 1.8874368E7,
      "p98" : 1.8874368E7,
      "p99" : 1.8874368E7,
      "p999" : 1.8874368E7,
      "values" : [ 16646144, 17694720, 18874368 ],
      "stddev" : 902770.2433075078
    },
    "vm.memory.pools.Code-Cache.committed.window.15m" : {
      "count" : 3,
      "max" : 18874368,
      "mean" : 1.7738410666666668E7,
      "min" : 16646144,
      "p50" : 1.769472E7,
      "p75" : 1.8874368E7,
      "p95" : 1.8874368E7,
      "p98" : 1.8874368E7,
      "p99" : 1.8874368E7,
      "p999" : 1.8874368E7,
      "values" : [ 16646144, 17694720, 18874368 ],
      "stddev" : 1114754.3246425793
    },
    "vm.memory.pools.Code-Cache.committed.window.1h" : {
      "count" : 3,
      "max" : 18874368,
      "mean" : 1.7738410666666668E7,
      "min" : 16646144,
      "p50" : 1.769472E7,
      "p75" : 1.8874368E7,
      "p95" : 1.8874368E7,
      "p98" : 1.8874368E7,
      "p99" : 1.8874368E7,
      "p999" : 1.8874368E7,
      "values" : [ 16646144, 17694720, 18874368 ],
      "stddev" : 1114754.3246425793
    },
    "vm.memory.pools.Code-Cache.committed.window.5m" : {
      "count" : 3,
      "max" : 18874368,
      "mean" : 1.7738410666666668E7,
      "min" : 16646144,
      "p50" : 1.769472E7,
      "p75" : 1.8874368E7,
      "p95" : 1.8874368E7,
      "p98" : 1.8874368E7,
      "p99" : 1.8874368E7,
      "p999" : 1.8874368E7,
      "values" : [ 16646144, 17694720, 18874368 ],
      "stddev" : 1114754.3246425793
    },
    "vm.memory.pools.Code-Cache.usage.x100.history" : {
      "count" : 3,
      "max" : 7,
      "mean" : 6.738263397122884,
      "min" : 6,
      "p50" : 7.0,
      "p75" : 7.0,
      "p95" : 7.0,
      "p98" : 7.0,
      "p99" : 7.0,
      "p999" : 7.0,
      "values" : [ 6, 7, 7 ],
      "stddev" : 0.43957997405644283
    },
    "vm.memory.pools.Code-Cache.usage.x100.window.15m" : {
      "count" : 3,
      "max" : 7,
      "mean" : 6.666666666666667,
      "min" : 6,
      "p50" : 7.0,
      "p75" : 7.0,
      "p95" : 7.0,
      "p98" : 7.0,
      "p99" : 7.0,
      "p999" : 7.0,
      "values" : [ 6, 7, 7 ],
      "stddev" : 0.5773502691896258
    },
    "vm.memory.pools.Code-Cache.usage.x100.window.1h" : {
      "count" : 3,
      "max" : 7,
      "mean" : 6.666666666666667,
      "min" : 6,
      "p50" : 7.0,
      "p75" : 7.0,
      "p95" : 7.0,
      "p98" : 7.0,
      "p99" : 7.0,
      "p999" : 7.0,
      "values" : [ 6, 7, 7 ],
      "stddev" : 0.5773502691896258
    },
    "vm.memory.pools.Code-Cache.usage.x100.window.5m" : {
      "count" : 3,
      "max" : 7,
      "mean" : 6.666666666666667,
      "min" : 6,
      "p50" : 7.0,
      "p75" : 7.0,
      "p95" : 7.0,
      "p98" : 7.0,
      "p99" : 7.0,
      "p999" : 7.0,
      "values" : [ 6, 7, 7 ],
      "stddev" : 0.5773502691896258
    },
    "vm.memory.pools.Code-Cache.used.history" : {
      "count" : 3,
      "max" : 18733824,
      "mean" : 1.7706368479550883E7,
      "min" : 16307392,
      "p50" : 1.7536768E7,
      "p75" : 1.8733824E7,
      "p95" : 1.8733824E7,
      "p98" : 1.8733824E7,
      "p99" : 1.8733824E7,
      "p999" : 1.8733824E7,
      "values" : [ 16307392, 17536768, 18733824 ],
      "stddev" : 977249.4665606163
    },
    "vm.memory.pools.Code-Cache.used.window.15m" : {
      "count" : 3,
      "max" : 18733824,
      "mean" : 1.7525994666666668E7,
      "min" : 16307392,
      "p50" : 1.7536768E7,
      "p75" : 1.8733824E7,
      "p95" : 1.8733824E7,
      "p98" : 1.8733824E7,
      "p99" : 1.8733824E7,
      "p999" : 1.8733824E7,
      "values" : [ 16307392, 17536768, 18733824 ],
      "stddev" : 1213251.8745871913
    },
    "vm.memory.pools.Code-Cache.used.window.1h" : {
      "count" : 3,
      "max" : 18733824,
      "mean" : 1.7525994666666668E7,
      "min" : 16307392,
      "p50" : 1.7536768E7,
      "p75" : 1.8733824E7,
      "p95" : 1.8733824E7,
      "p98" : 1.8733824E7,
      "p99" : 1.8733824E7,
      "p999" : 1.8733824E7,
      "values" : [ 16307392, 17536768, 18733824 ],
      "stddev" : 1213251.8745871913
    },
    "vm.memory.pools.Code-Cache.used.window.5m" : {
      "count" : 3,
      "max" : 18733824,
      "mean" : 1.7525994666666668E7,
      "min" : 16307392,
      "p50" : 1.7536768E7,
      "p75" : 1.8733824E7,
      "p95" : 1.8733824E7,
      "p98" : 1.8733824E7,
      "p99" : 1.8733824E7,
      "p999" : 1.8733824E7,
      "values" : [ 16307392, 17536768, 18733824 ],
      "stddev" : 1213251.8745871913
    },
    "vm.memory.pools.Compressed-Class-Space.committed.history" : {
      "count" : 3,
      "max" : 12976128,
      "mean" : 1.2830246371056255E7,
      "min" : 12582912,
      "p50" : 1.2845056E7,
      "p75" : 1.2976128E7,
      "p95" : 1.2976128E7,
      "p98" : 1.2976128E7,
      "p99" : 1.2976128E7,
      "p999" : 1.2976128E7,
      "values" : [ 12582912, 12845056, 12976128 ],
      "stddev" : 157540.94957881435
    },
    "vm.memory.pools.Compressed-Class-Space.committed.window.15m" : {
      "count" : 3,
      "max" : 12976128,
      "mean" : 1.2801365333333334E7,
      "min" : 12582912,
      "p50" : 1.2845056E7,
      "p75" : 1.2976128E7,
      "p95" : 1.2976128E7,
      "p98" : 1.2976128E7,
      "p99" : 1.2976128E7,
      "p999" : 1.2976128E7,
      "values" : [ 12582912, 12845056, 12976128 ],
      "stddev" : 200215.78716308397
    },
    "vm.memory.pools.Compressed-Class-Space.committed.window.1h" : {
      "count" : 3,
      "max" : 12976128,
      "mean" : 1.2801365333333334E7,
      "min" : 12582912,
      "p50" : 1.2845056E7,
      "p75" : 1.2976128E7,
      "p95" : 1.2976128E7,
      "p98" : 1.2976128E7,
      "p99" : 1.2976128E7,
      "p999" : 1.2976128E7,
      "values" : [ 12582912, 12845056, 12976128 ],
      "stddev" : 200215.78716308397
    },
    "vm.memory.pools.Compressed-Class-Space.committed.window.5m" : {
      "count" : 3,
      "max" : 12976128,
      "mean" : 1.2801365333333334E7,
      "min" : 12582912,
      "p50" : 1.2845056E7,
      "p75" : 1.2976128E7,
      "p95" : 1.2976128E7,
      "p98" : 1.2976128E7,
      "p99" : 1.2976128E7,
      "p999" : 1.2976128E7,
      "values" : [ 12582912, 12845056, 12976128 ],
      "stddev" : 200215.78716308397
    },
    "vm.memory.pools.Compressed-Class-Space.usage.x100.history" : {
      "count" : 3,
      "max" : 1,
      "mean" : 1.0,
      "min" : 1,
      "p50" : 1.0,
      "p75" : 1.0,
      "p95" : 1.0,
      "p98" : 1.0,
      "p99" : 1.0,
      "p999" : 1.0,
      "values" : [ 1, 1, 1 ],
      "stddev" : 0.0
    },
    "vm.memory.pools.Compressed-Class-Space.usage.x100.window.15m" : {
      "count" : 3,
      "max" : 1,
      "mean" : 1.0,
      "min" : 1,
      "p50" : 1.0,
      "p75" : 1.0,
      "p95" : 1.0,
      "p98" : 1.0,
      "p99" : 1.0,
      "p999" : 1.0,
      "values" : [ 1, 1, 1 ],
      "stddev" : 0.0
    },
    "vm.memory.pools.Compressed-Class-Space.usage.x100.window.1h" : {
      "count" : 3,
      "max" : 1,
      "mean" : 1.0,
      "min" : 1,
      "p50" : 1.0,
      "p75" : 1.0,
      "p95" : 1.0,
      "p98" : 1.0,
      "p99" : 1.0,
      "p999" : 1.0,
      "values" : [ 1, 1, 1 ],
      "stddev" : 0.0
    },
    "vm.memory.pools.Compressed-Class-Space.usage.x100.window.5m" : {
      "count" : 3,
      "max" : 1,
      "mean" : 1.0,
      "min" : 1,
      "p50" : 1.0,
      "p75" : 1.0,
      "p95" : 1.0,
      "p98" : 1.0,
      "p99" : 1.0,
      "p999" : 1.0,
      "values" : [ 1, 1, 1 ],
      "stddev" : 0.0
    },
    "vm.memory.pools.Compressed-Class-Space.used.history" : {
      "count" : 3,
      "max" : 10680248,
      "mean" : 1.0516401136571757E7,
      "min" : 10304984,
      "p50" : 1.0480032E7,
      "p75" : 1.0680248E7,
      "p95" : 1.0680248E7,
      "p98" : 1.0680248E7,
      "p99" : 1.0680248E7,
      "p999" : 1.0680248E7,
      "values" : [ 10304984, 10480032, 10680248 ],
      "stddev" : 152158.6025281437
    },
    "vm.memory.pools.Compressed-Class-Space.used.window.15m" : {
      "count" : 3,
      "max" : 10680248,
      "mean" : 1.0488421333333334E7,
      "min" : 10304984,
      "p50" : 1.0480032E7,
      "p75" : 1.0680248E7,
      "p95" : 1.0680248E7,
      "p98" : 1.0680248E7,
      "p99" : 1.0680248E7,
      "p999" : 1.0680248E7,
      "values" : [ 10304984, 10480032, 10680248 ],
      "stddev" : 187772.610114823
    },
    "vm.memory.pools.Compressed-Class-Space.used.window.1h" : {
      "count" : 3,
      "max" : 10680248,
      "mean" : 1.0488421333333334E7,
      "min" : 10304984,
      "p50" : 1.0480032E7,
      "p75" : 1.0680248E7,
      "p95" : 1.0680248E7,
      "p98" : 1.0680248E7,
      "p99" : 1.0680248E7,
      "p999" : 1.0680248E7,
      "values" : [ 10304984, 10480032, 10680248 ],
      "stddev" : 187772.610114823
    },
    "vm.memory.pools.Compressed-Class-Space.used.window.5m" : {
      "count" : 3,
      "max" : 10680248,
      "mean" : 1.0488421333333334E7,
      "min" : 10304984,
      "p50" : 1.0480032E7,
      "p75" : 1.0680248E7,
      "p95" : 1.0680248E7,
      "p98" : 1.0680248E7,
      "p99" : 1.0680248E7,
      "p999" : 1.0680248E7,
      "values" : [ 10304984, 10480032, 10680248 ],
      "stddev" : 187772.610114823
    },
    "vm.memory.pools.Eden-Space.committed.history" : {
      "count" : 3,
      "max" : 42270720,
      "mean" : 3.7896661648430556E7,
      "min" : 25559040,
      "p50" : 4.227072E7,
      "p75" : 4.227072E7,
      "p95" : 4.227072E7,
      "p98" : 4.227072E7,
      "p99" : 4.227072E7,
      "p999" : 4.227072E7,
      "values" : [ 25559040, 42270720, 42270720 ],
      "stddev" : 7346119.860839574
    },
    "vm.memory.pools.Eden-Space.committed.window.15m" : {
      "count" : 3,
      "max" : 42270720,
      "mean" : 3.670016E7,
      "min" : 25559040,
      "p50" : 4.227072E7,
      "p75" : 4.227072E7,
      "p95" : 4.227072E7,
      "p98" : 4.227072E7,
      "p99" : 4.227072E7,
      "p999" : 4.227072E7,
      "values" : [ 25559040, 42270720, 42270720 ],
      "stddev" : 9648492.946610885
    },
    "vm.memory.pools.Eden-Space.committed.window.1h" : {
      "count" : 3,
      "max" : 42270720,
      "mean" : 3.670016E7,
      "min" : 25559040,
      "p50" : 4.227072E7,
      "p75" : 4.227072E7,
      "p95" : 4.227072E7,
      "p98" : 4.227072E7,
      "p99" : 4.227072E7,
      "p999" : 4.227072E7,
      "values" : [ 25559040, 42270720, 42270720 ],
      "stddev" : 9648492.946610885
    },
    "vm.memory.pools.Eden-Space.committed.window.5m" : {
      "count" : 3,
      "max" : 42270720,
      "mean" : 3.670016E7,
      "min" : 25559040,
      "p50" : 4.227072E7,
      "p75" : 4.227072E7,
      "p95" : 4.227072E7,
      "p98" : 4.227072E7,
      "p99" : 4.227072E7,
      "p999" : 4.227072E7,
      "values" : [ 25559040, 42270720, 42270720 ],
      "stddev" : 9648492.946610885
    },
    "vm.memory.pools.Eden-Space.usage.x100.history" : {
      "count" : 3,
      "max" : 56,
      "mean" : 44.47629419526081,
      "min" : 27,
      "p50" : 44.0,
      "p75" : 56.0,
      "p95" : 56.0,
      "p98" : 56.0,
      "p99" : 56.0,
      "p999" : 56.0,
      "values" : [ 27, 44, 56 ],
      "stddev" : 11.598483495746713
    },
    "vm.memory.pools.Eden-Space.usage.x100.window.15m" : {
      "count" : 3,
      "max" : 56,
      "mean" : 42.333333333333336,
      "min" : 27,
      "p50" : 44.0,
      "p75" : 56.0,
      "p95" : 56.0,
      "p98" : 56.0,
      "p99" : 56.0,
      "p999" : 56.0,
      "values" : [ 27, 44, 56 ],
      "stddev" : 14.571661996262929
    },
    "vm.memory.pools.Eden-Space.usage.x100.window.1h" : {
      "count" : 3,
      "max" : 56,
      "mean" : 42.333333333333336,
      "min" : 27,
      "p50" : 44.0,
      "p75" : 56.0,
      "p95" : 56.0,
      "p98" : 56.0,
      "p99" : 56.0,
      "p999" : 56.0,
      "values" : [ 27, 44, 56 ],
      "stddev" : 14.571661996262929
    },
    "vm.memory.pools.Eden-Space.usage.x100.window.5m" : {
      "count" : 3,
      "max" : 56,
      "mean" : 42.333333333333336,
      "min" : 27,
      "p50" : 44.0,
      "p75" : 56.0,
      "p95" : 56.0,
      "p98" : 56.0,
      "p99" : 56.0,
      "p999" : 56.0,
      "values" : [ 27, 44, 56 ],
      "stddev" : 14.571661996262929
    },
    "vm.memory.pools.Eden-Space.used.history" : {
      "count" : 3,
      "max" : 38931072,
      "mean" : 3.0919819490202747E7,
      "min" : 19062560,
      "p50" : 3.035536E7,
      "p75" : 3.8931072E7,
      "p95" : 3.8931072E7,
      "p98" : 3.8931072E7,
      "p99" : 3.8931072E7,
      "p999" : 3.8931072E7,
      "values" : [ 19062560, 30355360, 38931072 ],
      "stddev" : 7952871.523105302
    },
    "vm.memory.pools.Eden-Space.used.window.15m" : {
      "count" : 3,
      "max" : 38931072,
      "mean" : 2.9449664E7,
      "min" : 19062560,
      "p50" : 3.035536E7,
      "p75" : 3.8931072E7,
      "p95" : 3.8931072E7,
      "p98" : 3.8931072E7,
      "p99" : 3.8931072E7,
      "p999" : 3.8931072E7,
      "values" : [ 19062560, 30355360, 38931072 ],
      "stddev" : 9965172.161425412
    },
    "vm.memory.pools.Eden-Space.used.window.1h" : {
      "count" : 3,
      "max" : 38931072,
      "mean" : 2.9449664E7,
      "min" : 19062560,
      "p50" : 3.035536E7,
      "p75" : 3.8931072E7,
      "p95" : 3.8931072E7,
      "p98" : 3.8931072E7,
      "p99" : 3.8931072E7,
      "p999" : 3.8931072E7,
      "values" : [ 19062560, 30355360, 38931072 ],
      "stddev" : 9965172.161425412
    },
    "vm.memory.pools.Eden-Space.used.window.5m" : {
      "count" : 3,
      "max" : 38931072,
      "mean" : 2.9449664E7,
      "min" : 19062560,
      "p50" : 3.035536E7,
      "p75" : 3.8931072E7,
      "p95" : 3.8931072E7,
      "p98" : 3.8931072E7,
      "p99" : 3.8931072E7,
      "p999" : 3.8931072E7,
      "values" : [ 19062560, 30355360, 38931072 ],
      "stddev" : 9965172.161425412
    },
    "vm.memory.pools.Metaspace.committed.history" : {
      "count" : 3,
      "max" : 100491264,
      "mean" : 9.922962948174189E7,
      "min" : 97476608,
      "p50" : 9.9049472E7,
      "p75" : 1.00491264E8,
      "p95" : 1.00491264E8,
      "p98" : 1.00491264E8,
      "p99" : 1.00491264E8,
      "p999" : 1.00491264E8,
      "values" : [ 97476608, 99049472, 100491264 ],
      "stddev" : 1211756.8496863614
    },
    "vm.memory.pools.Metaspace.committed.window.15m" : {
      "count" : 3,
      "max" : 100491264,
      "mean" : 9.900578133333333E7,
      "min" : 97476608,
      "p50" : 9.9049472E7,
      "p75" : 1.00491264E8,
      "p95" : 1.00491264E8,
      "p98" : 1.00491264E8,
      "p99" : 1.00491264E8,
      "p999" : 1.00491264E8,
      "values" : [ 97476608, 99049472, 100491264 ],
      "stddev" : 1507802.8237635496
    },
    "vm.memory.pools.Metaspace.committed.window.1h" : {
      "count" : 3,
      "max" : 100491264,
      "mean" : 9.900578133333333E7,
      "min" : 97476608,
      "p50" : 9.9049472E7,
      "p75" : 1.00491264E8,
      "p95" : 1.00491264E8,
      "p98" : 1.00491264E8,
      "p99" : 1.00491264E8,
      "p999" : 1.00491264E8,
      "values" : [ 97476608, 99049472, 100491264 ],
      "stddev" : 1507802.8237635496
    },
    "vm.memory.pools.Metaspace.committed.window.5m" : {
      "count" : 3,
      "max" : 100491264,
      "mean" : 9.900578133333333E7,
      "min" : 97476608,
      "p50" : 9.9049472E7,
      "p75" : 1.00491264E8,
      "p95" : 1.00491264E8,
      "p98" : 1.00491264E8,
      "p99" : 1.00491264E8,
      "p999" : 1.00491264E8,
      "values" : [ 97476608, 99049472, 100491264 ],
      "stddev" : 1507802.8237635496
    },
    "vm.memory.pools.Metaspace.usage.x100.history" : {
      "count" : 3,
      "max" : 91,
      "mean" : 91.0,
      "min" : 91,
      "p50" : 91.0,
      "p75" : 91.0,
      "p95" : 91.0,
      "p98" : 91.0,
      "p99" : 91.0,
      "p999" : 91.0,
      "values" : [ 91, 91, 91 ],
      "stddev" : 0.0
    },
    "vm.memory.pools.Metaspace.usage.x100.window.15m" : {
      "count" : 3,
      "max" : 91,
      "mean" : 91.0,
      "min" : 91,
      "p50" : 91.0,
      "p75" : 91.0,
      "p95" : 91.0,
      "p98" : 91.0,
      "p99" : 91.0,
      "p999" : 91.0,
      "values" : [ 91, 91, 91 ],
      "stddev" : 0.0
    },
    "vm.memory.pools.Metaspace.usage.x100.window.1h" : {
      "count" : 3,
      "max" : 91,
      "mean" : 91.0,
      "min" : 91,
      "p50" : 91.0,
      "p75" : 91.0,
      "p95" : 91.0,
      "p98" : 91.0,
      "p99" : 91.0,
      "p999" : 91.0,
      "values" : [ 91, 91, 91 ],
      "stddev" : 0.0
    },
    "vm.memory.pools.Metaspace.usage.x100.window.5m" : {
      "count" : 3,
      "max" : 91,
      "mean" : 91.0,
      "min" : 91,
      "p50" : 91.0,
      "p75" : 91.0,
      "p95" : 91.0,
      "p98" : 91.0,
      "p99" : 91.0,
      "p999" : 91.0,
      "values" : [ 91, 91, 91 ],
      "stddev" : 0.0
    },
    "vm.memory.pools.Metaspace.used.history" : {
      "count" : 3,
      "max" : 91180752,
      "mean" : 8.996585978204441E7,
      "min" : 88364488,
      "p50" : 8.9723144E7,
      "p75" : 9.1180752E7,
      "p95" : 9.1180752E7,
      "p98" : 9.1180752E7,
      "p99" : 9.1180752E7,
      "p999" : 9.1180752E7,
      "values" : [ 88364488, 89723144, 91180752 ],
      "stddev" : 1138580.3320315778
    },
    "vm.memory.pools.Metaspace.used.window.15m" : {
      "count" : 3,
      "max" : 91180752,
      "mean" : 8.9756128E7,
      "min" : 88364488,
      "p50" : 8.9723144E7,
      "p75" : 9.1180752E7,
      "p95" : 9.1180752E7,
      "p98" : 9.1180752E7,
      "p99" : 9.1180752E7,
      "p999" : 9.1180752E7,
      "values" : [ 88364488, 89723144, 91180752 ],
      "stddev" : 1408421.700917733
    },
    "vm.memory.pools.Metaspace.used.window.1h" : {
      "count" : 3,
      "max" : 91180752,
      "mean" : 8.9756128E7,
      "min" : 88364488,
      "p50" : 8.9723144E7,
      "p75" : 9.1180752E7,
      "p95" : 9.1180752E7,
      "p98" : 9.1180752E7,
      "p99" : 9.1180752E7,
      "p999" : 9.1180752E7,
      "values" : [ 88364488, 89723144, 91180752 ],
      "stddev" : 1408421.700917733
    },
    "vm.memory.pools.Metaspace.used.window.5m" : {
      "count" : 3,
      "max" : 91180752,
      "mean" : 8.9756128E7,
      "min" : 88364488,
      "p50" : 8.9723144E7,
      "p75" : 9.1180752E7,
      "p95" : 9.1180752E7,
      "p98" : 9.1180752E7,
      "p99" : 9.1180752E7,
      "p999" : 9.1180752E7,
      "values" : [ 88364488, 89723144, 91180752 ],
      "stddev" : 1408421.700917733
    },
    "vm.memory.pools.Survivor-Space.committed.history" : {
      "count" : 3,
      "max" : 5242880,
      "mean" : 4693978.55980305,
      "min" : 3145728,
      "p50" : 5242880.0,
      "p75" : 5242880.0,
      "p95" : 5242880.0,
      "p98" : 5242880.0,
      "p99" : 5242880.0,
      "p999" : 5242880.0,
      "values" : [ 3145728, 5242880, 5242880 ],
      "stddev" : 921866.0217524172
    },
    "vm.memory.pools.Survivor-Space.committed.window.15m" : {
      "count" : 3,
      "max" : 5242880,
      "mean" : 4543829.333333333,
      "min" : 3145728,
      "p50" : 5242880.0,
      "p75" : 5242880.0,
      "p95" : 5242880.0,
      "p98" : 5242880.0,
      "p99" : 5242880.0,
      "p999" : 5242880.0,
      "values" : [ 3145728, 5242880, 5242880 ],
      "stddev" : 1210791.2717315622
    },
    "vm.memory.pools.Survivor-Space.committed.window.1h" : {
      "count" : 3,
      "max" : 5242880,
      "mean" : 4543829.333333333,
      "min" : 3145728,
      "p50" : 5242880.0,
      "p75" : 5242880.0,
      "p95" : 5242880.0,
      "p98" : 5242880.0,
      "p99" : 5242880.0,
      "p999" : 5242880.0,
      "values" : [ 3145728, 5242880, 5242880 ],
      "stddev" : 1210791.2717315622
    },
    "vm.memory.pools.Survivor-Space.committed.window.5m" : {
      "count" : 3,
      "max" : 5242880,
      "mean" : 4543829.333333333,
      "min" : 3145728,
      "p50" : 5242880.0,
      "p75" : 5242880.0,
      "p95" : 5242880.0,
      "p98" : 5242880.0,
      "p99" : 5242880.0,
      "p999" : 5242880.0,
      "values" : [ 3145728, 5242880, 5242880 ],
      "stddev" : 1210791.2717315622
    },
    "vm.memory.pools.Survivor-Space.usage.x100.history" : {
      "count" : 3,
      "max" : 35,
      "mean" : 22.417188986842223,
      "min" : 3,
      "p50" : 27.0,
      "p75" : 35.0,
      "p95" : 35.0,
      "p98" : 35.0,
      "p99" : 35.0,
      "p999" : 35.0,
      "values" : [ 3, 27, 35 ],
      "stddev" : 13.930879070460625
    },
    "vm.memory.pools.Survivor-Space.usage.x100.window.15m" : {
      "count" : 3,
      "max" : 35,
      "mean" : 21.666666666666668,
      "min" : 3,
      "p50" : 27.0,
      "p75" : 35.0,
      "p95" : 35.0,
      "p98" : 35.0,
      "p99" : 35.0,
      "p999" : 35.0,
      "values" : [ 3, 27, 35 ],
      "stddev" : 16.653327995729065
    },
    "vm.memory.pools.Survivor-Space.usage.x100.window.1h" : {
      "count" : 3,
      "max" : 35,
      "mean" : 21.666666666666668,
      "min" : 3,
      "p50" : 27.0,
      "p75" : 35.0,
      "p95" : 35.0,
      "p98" : 35.0,
      "p99" : 35.0,
      "p999" : 35.0,
      "values" : [ 3, 27, 35 ],
      "stddev" : 16.653327995729065
    },
    "vm.memory.pools.Survivor-Space.usage.x100.window.5m" : {
      "count" : 3,
      "max" : 35,
      "mean" : 21.666666666666668,
      "min" : 3,
      "p50" : 27.0,
      "p75" : 35.0,
      "p95" : 35.0,
      "p98" : 35.0,
      "p99" : 35.0,
      "p999" : 35.0,
      "values" : [ 3, 27, 35 ],
      "stddev" : 16.653327995729065
    },
    "vm.memory.pools.Survivor-Space.used.history" : {
      "count" : 3,
      "max" : 3001128,
      "mean" : 1910585.8284303802,
      "min" : 216680,
      "p50" : 2321592.0,
      "p75" : 3001128.0,
      "p95" : 3001128.0,
      "p98" : 3001128.0,
      "p99" : 3001128.0,
      "p999" : 3001128.0,
      "values" : [ 216680, 2321592, 3001128 ],
      "stddev" : 1213629.7879577808
    },
    "vm.memory.pools.Survivor-Space.used.window.15m" : {
      "count" : 3,
      "max" : 3001128,
      "mean" : 1846466.6666666667,
      "min" : 216680,
      "p50" : 2321592.0,
      "p75" : 3001128.0,
      "p95" : 3001128.0,
      "p98" : 3001128.0,
      "p99" : 3001128.0,
      "p999" : 3001128.0,
      "values" : [ 216680, 2321592, 3001128 ],
      "stddev" : 1451756.0841812694
    },
    "vm.memory.pools.Survivor-Space.used.window.1h" : {
      "count" : 3,
      "max" : 3001128,
      "mean" : 1846466.6666666667,
      "min" : 216680,
      "p50" : 2321592.0,
      "p75" : 3001128.0,
      "p95" : 3001128.0,
      "p98" : 3001128.0,
      "p99" : 3001128.0,
      "p999" : 3001128.0,
      "values" : [ 216680, 2321592, 3001128 ],
      "stddev" : 1451756.0841812694
    },
    "vm.memory.pools.Survivor-Space.used.window.5m" : {
      "count" : 3,
      "max" : 3001128,
      "mean" : 1846466.6666666667,
      "min" : 216680,
      "p50" : 2321592.0,
      "p75" : 3001128.0,
      "p95" : 3001128.0,
      "p98" : 3001128.0,
      "p99" : 3001128.0,
      "p999" : 3001128.0,
      "values" : [ 216680, 2321592, 3001128 ],
      "stddev" : 1451756.0841812694
    },
    "vm.memory.pools.Tenured-Gen.committed.history" : {
      "count" : 3,
      "max" : 105238528,
      "mean" : 9.43098145598287E7,
      "min" : 63483904,
      "p50" : 1.05238528E8,
      "p75" : 1.05238528E8,
      "p95" : 1.05238528E8,
      "p98" : 1.05238528E8,
      "p99" : 1.05238528E8,
      "p999" : 1.05238528E8,
      "values" : [ 63483904, 105238528, 105238528 ],
      "stddev" : 1.8354496534656525E7
    },
    "vm.memory.pools.Tenured-Gen.committed.window.15m" : {
      "count" : 3,
      "max" : 105238528,
      "mean" : 9.132032E7,
      "min" : 63483904,
      "p50" : 1.05238528E8,
      "p75" : 1.05238528E8,
      "p95" : 1.05238528E8,
      "p98" : 1.05238528E8,
      "p99" : 1.05238528E8,
      "p999" : 1.05238528E8,
      "values" : [ 63483904, 105238528, 105238528 ],
      "stddev" : 2.410704340631161E7
    },
    "vm.memory.pools.Tenured-Gen.committed.window.1h" : {
      "count" : 3,
      "max" : 105238528,
      "mean" : 9.132032E7,
      "min" : 63483904,
      "p50" : 1.05238528E8,
      "p75" : 1.05238528E8,
      "p95" : 1.05238528E8,
      "p98" : 1.05238528E8,
      "p99" : 1.05238528E8,
      "p999" : 1.05238528E8,
      "values" : [ 63483904, 105238528, 105238528 ],
      "stddev" : 2.410704340631161E7
    },
    "vm.memory.pools.Tenured-Gen.committed.window.5m" : {
      "count" : 3,
      "max" : 105238528,
      "mean" : 9.132032E7,
      "min" : 63483904,
      "p50" : 1.05238528E8,
      "p75" : 1.05238528E8,
      "p95" : 1.05238528E8,
      "p98" : 1.05238528E8,
      "p99" : 1.05238528E8,
      "p999" : 1.05238528E8,
      "values" : [ 63483904, 105238528, 105238528 ],
      "stddev" : 2.410704340631161E7
    },
    "vm.memory.pools.Tenured-Gen.usage.x100.history" : {
      "count" : 3,
      "max" : 48,
      "mean" : 40.60046951011191,
      "min" : 31,
      "p50" : 39.0,
      "p75" : 48.0,
      "p95" : 48.0,
      "p98" : 48.0,
      "p99" : 48.0,
      "p999" : 48.0,
      "values" : [ 31, 39, 48 ],
      "stddev" : 6.887590357265532
    },
    "vm.memory.pools.Tenured-Gen.usage.x100.window.15m" : {
      "count" : 3,
      "max" : 48,
      "mean" : 39.333333333333336,
      "min" : 31,
      "p50" : 39.0,
      "p75" : 48.0,
      "p95" : 48.0,
      "p98" : 48.0,
      "p99" : 48.0,
      "p999" : 48.0,
      "values" : [ 31, 39, 48 ],
      "stddev" : 8.504900548115383
    },
    "vm.memory.pools.Tenured-Gen.usage.x100.window.1h" : {
      "count" : 3,
      "max" : 48,
      "mean" : 39.333333333333336,
      "min" : 31,
      "p50" : 39.0,
      "p75" : 48.0,
      "p95" : 48.0,
      "p98" : 48.0,
      "p99" : 48.0,
      "p999" : 48.0,
      "values" : [ 31, 39, 48 ],
      "stddev" : 8.504900548115383
    },
    "vm.memory.pools.Tenured-Gen.usage.x100.window.5m" : {
      "count" : 3,
      "max" : 48,
      "mean" : 39.333333333333336,
      "min" : 31,
      "p50" : 39.0,
      "p75" : 48.0,
      "p95" : 48.0,
      "p98" : 48.0,
      "p99" : 48.0,
      "p999" : 48.0,
      "values" : [ 31, 39, 48 ],
      "stddev" : 8.504900548115383
    },
    "vm.memory.pools.Tenured-Gen.used.history" : {
      "count" : 3,
      "max" : 82624176,
      "mean" : 7.014832117285934E7,
      "min" : 53474632,
      "p50" : 6.7838736E7,
      "p75" : 8.2624176E7,
      "p95" : 8.2624176E7,
      "p98" : 8.2624176E7,
      "p99" : 8.2624176E7,
      "p999" : 8.2624176E7,
      "values" : [ 53474632, 67838736, 82624176 ],
      "stddev" : 1.1764566224806609E7
    },
    "vm.memory.pools.Tenured-Gen.used.window.15m" : {
      "count" : 3,
      "max" : 82624176,
      "mean" : 6.797918133333333E7,
      "min" : 53474632,
      "p50" : 6.7838736E7,
      "p75" : 8.2624176E7,
      "p95" : 8.2624176E7,
      "p98" : 8.2624176E7,
      "p99" : 8.2624176E7,
      "p999" : 8.2624176E7,
      "values" : [ 53474632, 67838736, 82624176 ],
      "stddev" : 1.4575279500603937E7
    },
    "vm.memory.pools.Tenured-Gen.used.window.1h" : {
      "count" : 3,
      "max" : 82624176,
      "mean" : 6.797918133333333E7,
      "min" : 53474632,
      "p50" : 6.7838736E7,
      "p75" : 8.2624176E7,
      "p95" : 8.2624176E7,
      "p98" : 8.2624176E7,
      "p99" : 8.2624176E7,
      "p999" : 8.2624176E7,
      "values" : [ 53474632, 67838736, 82624176 ],
      "stddev" : 1.4575279500603937E7
    },
    "vm.memory.pools.Tenured-Gen.used.window.5m" : {
      "count" : 3,
      "max" : 82624176,
      "mean" : 6.797918133333333E7,
      "min" : 53474632,
      "p50" : 6.7838736E7,
      "p75" : 8.2624176E7,
      "p95" : 8.2624176E7,
      "p98" : 8.2624176E7,
      "p99" : 8.2624176E7,
      "p999" : 8.2624176E7,
      "values" : [ 53474632, 67838736, 82624176 ],
      "stddev" : 1.4575279500603937E7
    },
    "vm.memory.total.committed.history" : {
      "count" : 3,
      "max" : 285093888,
      "mean" : 2.6686482736048985E8,
      "min" : 218894336,
      "p50" : 2.82341376E8,
      "p75" : 2.85093888E8,
      "p95" : 2.85093888E8,
      "p98" : 2.85093888E8,
      "p99" : 2.85093888E8,
      "p999" : 2.85093888E8,
      "values" : [ 218894336, 282341376, 285093888 ],
      "stddev" : 2.8586957484757777E7
    },
    "vm.memory.total.committed.window.15m" : {
      "count" : 3,
      "max" : 285093888,
      "mean" : 2.6210986666666666E8,
      "min" : 218894336,
      "p50" : 2.82341376E8,
      "p75" : 2.85093888E8,
      "p95" : 2.85093888E8,
      "p98" : 2.85093888E8,
      "p99" : 2.85093888E8,
      "p999" : 2.85093888E8,
      "values" : [ 218894336, 282341376, 285093888 ],
      "stddev" : 3.745104335901393E7
    },
    "vm.memory.total.committed.window.1h" : {
      "count" : 3,
      "max" : 285093888,
      "mean" : 2.6210986666666666E8,
      "min" : 218894336,
      "p50" : 2.82341376E8,
      "p75" : 2.85093888E8,
      "p95" : 2.85093888E8,
      "p98" : 2.85093888E8,
      "p99" : 2.85093888E8,
      "p999" : 2.85093888E8,
      "values" : [ 218894336, 282341376, 285093888 ],
      "stddev" : 3.745104335901393E7
    },
    "vm.memory.total.committed.window.5m" : {
      "count" : 3,
      "max" : 285093888,
      "mean" : 2.6210986666666666E8,
      "min" : 218894336,
      "p50" : 2.82341376E8,
      "p75" : 2.85093888E8,
      "p95" : 2.85093888E8,
      "p98" : 2.85093888E8,
      "p99" : 2.85093888E8,
      "p999" : 2.85093888E8,
      "values" : [ 218894336, 282341376, 285093888 ],
      "stddev" : 3.745104335901393E7
    },
    "vm.memory.total.used.history" : {
      "count" : 3,
      "max" : 245167808,
      "mean" : 2.2117420672190344E8,
      "min" : 189835776,
      "p50" : 2.1615072E8,
      "p75" : 2.45167808E8,
      "p95" : 2.45167808E8,
      "p98" : 2.45167808E8,
      "p99" : 2.45167808E8,
      "p999" : 2.45167808E8,
      "values" : [ 189835776, 216150720, 245167808 ],
      "stddev" : 2.2397222112306595E7
    },
    "vm.memory.total.used.window.15m" : {
      "count" : 3,
      "max" : 245167808,
      "mean" : 2.1705143466666666E8,
      "min" : 189835776,
      "p50" : 2.1615072E8,
      "p75" : 2.45167808E8,
      "p95" : 2.45167808E8,
      "p98" : 2.45167808E8,
      "p99" : 2.45167808E8,
      "p999" : 2.45167808E8,
      "values" : [ 189835776, 216150720, 245167808 ],
      "stddev" : 2.767701043276382E7
    },
    "vm.memory.total.used.window.1h" : {
      "count" : 3,
      "max" : 245167808,
      "mean" : 2.1705143466666666E8,
      "min" : 189835776,
      "p50" : 2.1615072E8,
      "p75" : 2.45167808E8,
      "p95" : 2.45167808E8,
      "p98" : 2.45167808E8,
      "p99" : 2.45167808E8,
      "p999" : 2.45167808E8,
      "values" : [ 189835776, 216150720, 245167808 ],
      "stddev" : 2.767701043276382E7
    },
    "vm.memory.total.used.window.5m" : {
      "count" : 3,
      "max" : 245167808,
      "mean" : 2.1705143466666666E8,
      "min" : 189835776,
      "p50" : 2.1615072E8,
      "p75" : 2.45167808E8,
      "p95" : 2.45167808E8,
      "p98" : 2.45167808E8,
      "p99" : 2.45167808E8,
      "p999" : 2.45167808E8,
      "values" : [ 189835776, 216150720, 245167808 ],
      "stddev" : 2.767701043276382E7
    }
  },
  "meters" : {
    "http.responseCodes.badRequest" : {
      "count" : 0,
      "m15_rate" : 0.0,
      "m1_rate" : 0.0,
      "m5_rate" : 0.0,
      "mean_rate" : 0.0,
      "units" : "events/minute"
    },
    "http.responseCodes.created" : {
      "count" : 0,
      "m15_rate" : 0.0,
      "m1_rate" : 0.0,
      "m5_rate" : 0.0,
      "mean_rate" : 0.0,
      "units" : "events/minute"
    },
    "http.responseCodes.forbidden" : {
      "count" : 0,
      "m15_rate" : 0.0,
      "m1_rate" : 0.0,
      "m5_rate" : 0.0,
      "mean_rate" : 0.0,
      "units" : "events/minute"
    },
    "http.responseCodes.noContent" : {
      "count" : 0,
      "m15_rate" : 0.0,
      "m1_rate" : 0.0,
      "m5_rate" : 0.0,
      "mean_rate" : 0.0,
      "units" : "events/minute"
    },
    "http.responseCodes.notFound" : {
      "count" : 2,
      "m15_rate" : 0.13113424895071937,
      "m1_rate" : 1.5702404413446553,
      "m5_rate" : 0.3806150849028729,
      "mean_rate" : 1.2819186451886437,
      "units" : "events/minute"
    },
    "http.responseCodes.notModified" : {
      "count" : 0,
      "m15_rate" : 0.0,
      "m1_rate" : 0.0,
      "m5_rate" : 0.0,
      "mean_rate" : 0.0,
      "units" : "events/minute"
    },
    "http.responseCodes.ok" : {
      "count" : 2,
      "m15_rate" : 0.13113424895071937,
      "m1_rate" : 1.5702404413446553,
      "m5_rate" : 0.3806150849028729,
      "mean_rate" : 1.281917841621605,
      "units" : "events/minute"
    },
    "http.responseCodes.other" : {
      "count" : 0,
      "m15_rate" : 0.0,
      "m1_rate" : 0.0,
      "m5_rate" : 0.0,
      "mean_rate" : 0.0,
      "units" : "events/minute"
    },
    "http.responseCodes.serverError" : {
      "count" : 0,
      "m15_rate" : 0.0,
      "m1_rate" : 0.0,
      "m5_rate" : 0.0,
      "mean_rate" : 0.0,
      "units" : "events/minute"
    },
    "http.responseCodes.serviceUnavailable" : {
      "count" : 4,
      "m15_rate" : 0.2498625190399994,
      "m1_rate" : 1.5662956277233688,
      "m5_rate" : 0.6588377168496101,
      "mean_rate" : 2.5638310147901953,
      "units" : "events/minute"
    },
    "jenkins.job.scheduled" : {
      "count" : 0,
      "m15_rate" : 0.0,
      "m1_rate" : 0.0,
      "m5_rate" : 0.0,
      "mean_rate" : 0.0,
      "units" : "events/minute"
    },
    "jenkins.runs.aborted" : {
      "count" : 0,
      "m15_rate" : 0.0,
      "m1_rate" : 0.0,
      "m5_rate" : 0.0,
      "mean_rate" : 0.0,
      "units" : "events/minute"
    },
    "jenkins.runs.failure" : {
      "count" : 0,
      "m15_rate" : 0.0,
      "m1_rate" : 0.0,
      "m5_rate" : 0.0,
      "mean_rate" : 0.0,
      "units" : "events/minute"
    },
    "jenkins.runs.not_built" : {
      "count" : 0,
      "m15_rate" : 0.0,
      "m1_rate" : 0.0,
      "m5_rate" : 0.0,
      "mean_rate" : 0.0,
      "units" : "events/minute"
    },
    "jenkins.runs.success" : {
      "count" : 0,
      "m15_rate" : 0.0,
      "m1_rate" : 0.0,
      "m5_rate" : 0.0,
      "mean_rate" : 0.0,
      "units" : "events/minute"
    },
    "jenkins.runs.total" : {
      "count" : 0,
      "m15_rate" : 0.0,
      "m1_rate" : 0.0,
      "m5_rate" : 0.0,
      "mean_rate" : 0.0,
      "units" : "events/minute"
    },
    "jenkins.runs.unstable" : {
      "count" : 0,
      "m15_rate" : 0.0,
      "m1_rate" : 0.0,
      "m5_rate" : 0.0,
      "mean_rate" : 0.0,
      "units" : "events/minute"
    },
    "jenkins.task.scheduled" : {
      "count" : 0,
      "m15_rate" : 0.0,
      "m1_rate" : 0.0,
      "m5_rate" : 0.0,
      "mean_rate" : 0.0,
      "units" : "events/minute"
    }
  },
  "timers" : {
    "http.requests" : {
      "count" : 8,
      "max" : 4.310327169000001,
      "mean" : 0.561373776700293,
      "min" : 0.002425954,
      "p50" : 0.030836235000000004,
      "p75" : 0.073547813,
      "p95" : 4.310327169000001,
      "p98" : 4.310327169000001,
      "p99" : 4.310327169000001,
      "p999" : 4.310327169000001,
      "values" : [ 0.002425954, 0.002671721, 0.010339135000000001, 0.030836235000000004, 0.042890607000000004, 0.073547813, 0.8153689590000001, 4.310327169000001 ],
      "stddev" : 1.2742471292715973,
      "m15_rate" : 0.5121310169414383,
      "m1_rate" : 4.70677651041268,
      "m5_rate" : 1.420067886655356,
      "mean_rate" : 5.128128643481316,
      "duration_units" : "seconds",
      "rate_units" : "calls/minute"
    },
    "jenkins.health-check.duration" : {
      "count" : 0,
      "max" : 0.0,
      "mean" : 0.0,
      "min" : 0.0,
      "p50" : 0.0,
      "p75" : 0.0,
      "p95" : 0.0,
      "p98" : 0.0,
      "p99" : 0.0,
      "p999" : 0.0,
      "values" : [ ],
      "stddev" : 0.0,
      "m15_rate" : 0.0,
      "m1_rate" : 0.0,
      "m5_rate" : 0.0,
      "mean_rate" : 0.0,
      "duration_units" : "seconds",
      "rate_units" : "calls/minute"
    },
    "jenkins.job.blocked.duration" : {
      "count" : 0,
      "max" : 0.0,
      "mean" : 0.0,
      "min" : 0.0,
      "p50" : 0.0,
      "p75" : 0.0,
      "p95" : 0.0,
      "p98" : 0.0,
      "p99" : 0.0,
      "p999" : 0.0,
      "values" : [ ],
      "stddev" : 0.0,
      "m15_rate" : 0.0,
      "m1_rate" : 0.0,
      "m5_rate" : 0.0,
      "mean_rate" : 0.0,
      "duration_units" : "seconds",
      "rate_units" : "calls/minute"
    },
    "jenkins.job.buildable.duration" : {
      "count" : 0,
      "max" : 0.0,
      "mean" : 0.0,
      "min" : 0.0,
      "p50" : 0.0,
      "p75" : 0.0,
      "p95" : 0.0,
      "p98" : 0.0,
      "p99" : 0.0,
      "p999" : 0.0,
      "values" : [ ],
      "stddev" : 0.0,
      "m15_rate" : 0.0,
      "m1_rate" : 0.0,
      "m5_rate" : 0.0,
      "mean_rate" : 0.0,
      "duration_units" : "seconds",
      "rate_units" : "calls/minute"
    },
    "jenkins.job.building.duration" : {
      "count" : 0,
      "max" : 0.0,
      "mean" : 0.0,
      "min" : 0.0,
      "p50" : 0.0,
      "p75" : 0.0,
      "p95" : 0.0,
      "p98" : 0.0,
      "p99" : 0.0,
      "p999" : 0.0,
      "values" : [ ],
      "stddev" : 0.0,
      "m15_rate" : 0.0,
      "m1_rate" : 0.0,
      "m5_rate" : 0.0,
      "mean_rate" : 0.0,
      "duration_units" : "seconds",
      "rate_units" : "calls/minute"
    },
    "jenkins.job.execution.time" : {
      "count" : 0,
      "max" : 0.0,
      "mean" : 0.0,
      "min" : 0.0,
      "p50" : 0.0,
      "p75" : 0.0,
      "p95" : 0.0,
      "p98" : 0.0,
      "p99" : 0.0,
      "p999" : 0.0,
      "values" : [ ],
      "stddev" : 0.0,
      "m15_rate" : 0.0,
      "m1_rate" : 0.0,
      "m5_rate" : 0.0,
      "mean_rate" : 0.0,
      "duration_units" : "seconds",
      "rate_units" : "calls/minute"
    },
    "jenkins.job.queuing.duration" : {
      "count" : 0,
      "max" : 0.0,
      "mean" : 0.0,
      "min" : 0.0,
      "p50" : 0.0,
      "p75" : 0.0,
      "p95" : 0.0,
      "p98" : 0.0,
      "p99" : 0.0,
      "p999" : 0.0,
      "values" : [ ],
      "stddev" : 0.0,
      "m15_rate" : 0.0,
      "m1_rate" : 0.0,
      "m5_rate" : 0.0,
      "mean_rate" : 0.0,
      "duration_units" : "seconds",
      "rate_units" : "calls/minute"
    },
    "jenkins.job.total.duration" : {
      "count" : 0,
      "max" : 0.0,
      "mean" : 0.0,
      "min" : 0.0,
      "p50" : 0.0,
      "p75" : 0.0,
      "p95" : 0.0,
      "p98" : 0.0,
      "p99" : 0.0,
      "p999" : 0.0,
      "values" : [ ],
      "stddev" : 0.0,
      "m15_rate" : 0.0,
      "m1_rate" : 0.0,
      "m5_rate" : 0.0,
      "mean_rate" : 0.0,
      "duration_units" : "seconds",
      "rate_units" : "calls/minute"
    },
    "jenkins.job.waiting.duration" : {
      "count" : 0,
      "max" : 0.0,
      "mean" : 0.0,
      "min" : 0.0,
      "p50" : 0.0,
      "p75" : 0.0,
      "p95" : 0.0,
      "p98" : 0.0,
      "p99" : 0.0,
      "p999" : 0.0,
      "values" : [ ],
      "stddev" : 0.0,
      "m15_rate" : 0.0,
      "m1_rate" : 0.0,
      "m5_rate" : 0.0,
      "mean_rate" : 0.0,
      "duration_units" : "seconds",
      "rate_units" : "calls/minute"
    },
    "jenkins.task.blocked.duration" : {
      "count" : 0,
      "max" : 0.0,
      "mean" : 0.0,
      "min" : 0.0,
      "p50" : 0.0,
      "p75" : 0.0,
      "p95" : 0.0,
      "p98" : 0.0,
      "p99" : 0.0,
      "p999" : 0.0,
      "values" : [ ],
      "stddev" : 0.0,
      "m15_rate" : 0.0,
      "m1_rate" : 0.0,
      "m5_rate" : 0.0,
      "mean_rate" : 0.0,
      "duration_units" : "seconds",
      "rate_units" : "calls/minute"
    },
    "jenkins.task.buildable.duration" : {
      "count" : 0,
      "max" : 0.0,
      "mean" : 0.0,
      "min" : 0.0,
      "p50" : 0.0,
      "p75" : 0.0,
      "p95" : 0.0,
      "p98" : 0.0,
      "p99" : 0.0,
      "p999" : 0.0,
      "values" : [ ],
      "stddev" : 0.0,
      "m15_rate" : 0.0,
      "m1_rate" : 0.0,
      "m5_rate" : 0.0,
      "mean_rate" : 0.0,
      "duration_units" : "seconds",
      "rate_units" : "calls/minute"
    },
    "jenkins.task.execution.duration" : {
      "count" : 0,
      "max" : 0.0,
      "mean" : 0.0,
      "min" : 0.0,
      "p50" : 0.0,
      "p75" : 0.0,
      "p95" : 0.0,
      "p98" : 0.0,
      "p99" : 0.0,
      "p999" : 0.0,
      "values" : [ ],
      "stddev" : 0.0,
      "m15_rate" : 0.0,
      "m1_rate" : 0.0,
      "m5_rate" : 0.0,
      "mean_rate" : 0.0,
      "duration_units" : "seconds",
      "rate_units" : "calls/minute"
    },
    "jenkins.task.queuing.duration" : {
      "count" : 0,
      "max" : 0.0,
      "mean" : 0.0,
      "min" : 0.0,
      "p50" : 0.0,
      "p75" : 0.0,
      "p95" : 0.0,
      "p98" : 0.0,
      "p99" : 0.0,
      "p999" : 0.0,
      "values" : [ ],
      "stddev" : 0.0,
      "m15_rate" : 0.0,
      "m1_rate" : 0.0,
      "m5_rate" : 0.0,
      "mean_rate" : 0.0,
      "duration_units" : "seconds",
      "rate_units" : "calls/minute"
    },
    "jenkins.task.waiting.duration" : {
      "count" : 0,
      "max" : 0.0,
      "mean" : 0.0,
      "min" : 0.0,
      "p50" : 0.0,
      "p75" : 0.0,
      "p95" : 0.0,
      "p98" : 0.0,
      "p99" : 0.0,
      "p999" : 0.0,
      "values" : [ ],
      "stddev" : 0.0,
      "m15_rate" : 0.0,
      "m1_rate" : 0.0,
      "m5_rate" : 0.0,
      "mean_rate" : 0.0,
      "duration_units" : "seconds",
      "rate_units" : "calls/minute"
    }
  }
}