{
  "version" : "4.0.0",
  "gauges" : {
    "jenkins.executor.count.value" : {
      "value" : 3
    },
    "jenkins.executor.free.value" : {
      "value" : 3
    },
    "jenkins.executor.in-use.value" : {
      "value" : 0
    },
    "jenkins.health-check.count" : {
      "value" : 4
    },
    "jenkins.health-check.inverse-score" : {
      "value" : 0.0
    },
    "jenkins.health-check.score" : {
      "value" : 1.0
    },
    "jenkins.job.averageDepth" : {
      "value" : 1.0
    },
    "jenkins.job.count.value" : {
      "value" : 1
    },
    "jenkins.node.count.value" : {
      "value" : 2
    },
    "jenkins.node.offline.value" : {
      "value" : 0
    },
    "jenkins.node.online.value" : {
      "value" : 2
    },
    "jenkins.plugins.active" : {
      "value" : 119
    },
    "jenkins.plugins.failed" : {
      "value" : 0
    },
    "jenkins.plugins.inactive" : {
      "value" : 0
    },
    "jenkins.plugins.withUpdate" : {
      "value" : 64
    },
    "jenkins.project.count.value" : {
      "value" : 1
    },
    "jenkins.project.disabled.count.value" : {
      "value" : 0
    },
    "jenkins.project.enabled.count.value" : {
      "value" : 1
    },
    "jenkins.queue.blocked.value" : {
      "value" : 0
    },
    "jenkins.queue.buildable.value" : {
      "value" : 0
    },
    "jenkins.queue.pending.value" : {
      "value" : 0
    },
    "jenkins.queue.size.value" : {
      "value" : 0
    },
    "jenkins.queue.stuck.value" : {
      "value" : 0
    },
    "jenkins.versions.core" : {
      "value" : "2.150.3"
    },
    "jenkins.versions.plugin.ace-editor" : {
      "value" : "1.1"
    },
    "jenkins.versions.plugin.ant" : {
      "value" : "1.11"
    },
    "jenkins.versions.plugin.antisamy-markup-formatter" : {
      "value" : "2.0"
    },
    "jenkins.versions.plugin.apache-httpcomponents-client-4-api" : {
      "value" : "4.5.10-2.0"
    },
    "jenkins.versions.plugin.artifactory" : {
      "value" : "3.1.0"
    },
    "jenkins.versions.plugin.authentication-tokens" : {
      "value" : "1.3"
    },
    "jenkins.versions.plugin.blueocean" : {
      "value" : "1.10.1"
    },
    "jenkins.versions.plugin.blueocean-autofavorite" : {
      "value" : "1.2.2"
    },
    "jenkins.versions.plugin.blueocean-bitbucket-pipeline" : {
      "value" : "1.10.1"
    },
    "jenkins.versions.plugin.blueocean-commons" : {
      "value" : "1.10.1"
    },
    "jenkins.versions.plugin.blueocean-config" : {
      "value" : "1.10.1"
    },
    "jenkins.versions.plugin.blueocean-core-js" : {
      "value" : "1.10.1"
    },
    "jenkins.versions.plugin.blueocean-dashboard" : {
      "value" : "1.10.1"
    },
    "jenkins.versions.plugin.blueocean-display-url" : {
      "value" : "2.2.0"
    },
    "jenkins.versions.plugin.blueocean-events" : {
      "value" : "1.10.1"
    },
    "jenkins.versions.plugin.blueocean-git-pipeline" : {
      "value" : "1.10.1"
    },
    "jenkins.versions.plugin.blueocean-github-pipeline" : {
      "value" : "1.10.1"
    },
    "jenkins.versions.plugin.blueocean-i18n" : {
      "value" : "1.10.1"
    },
    "jenkins.versions.plugin.blueocean-jira" : {
      "value" : "1.10.1"
    },
    "jenkins.versions.plugin.blueocean-jwt" : {
      "value" : "1.10.1"
    },
    "jenkins.versions.plugin.blueocean-personalization" : {
      "value" : "1.10.1"
    },
    "jenkins.versions.plugin.blueocean-pipeline-api-impl" : {
      "value" : "1.10.1"
    },
    "jenkins.versions.plugin.blueocean-pipeline-editor" : {
      "value" : "1.10.1"
    },
    "jenkins.versions.plugin.blueocean-pipeline-scm-api" : {
      "value" : "1.10.1"
    },
    "jenkins.versions.plugin.blueocean-rest" : {
      "value" : "1.10.1"
    },
    "jenkins.versions.plugin.blueocean-rest-impl" : {
      "value" : "1.10.1"
    },
    "jenkins.versions.plugin.blueocean-web" : {
      "value" : "1.10.1"
    },
    "jenkins.versions.plugin.bouncycastle-api" : {
      "value" : "2.17"
    },
    "jenkins.versions.plugin.branch-api" : {
      "value" : "2.1.2"
    },
    "jenkins.versions.plugin.build-timeout" : {
      "value" : "1.19.1"
    },
    "jenkins.versions.plugin.cloudbees-bitbucket-branch-source" : {
      "value" : "2.4.0"
    },
    "jenkins.versions.plugin.cloudbees-folder" : {
      "value" : "6.11.1"
    },
    "jenkins.versions.plugin.command-launcher" : {
      "value" : "1.3"
    },
    "jenkins.versions.plugin.config-file-provider" : {
      "value" : "3.4.1"
    },
    "jenkins.versions.plugin.configuration-as-code" : {
      "value" : "1.36"
    },
    "jenkins.versions.plugin.credentials" : {
      "value" : "2.3.5"
    },
    "jenkins.versions.plugin.credentials-binding" : {
      "value" : "1.21"
    },
    "jenkins.versions.plugin.display-url-api" : {
      "value" : "2.3.2"
    },
    "jenkins.versions.plugin.docker-commons" : {
      "value" : "1.13"
    },
    "jenkins.versions.plugin.docker-workflow" : {
      "value" : "1.17"
    },
    "jenkins.versions.plugin.durable-task" : {
      "value" : "1.34"
    },
    "jenkins.versions.plugin.email-ext" : {
      "value" : "2.69"
    },
    "jenkins.versions.plugin.favorite" : {
      "value" : "2.3.2"
    },
    "jenkins.versions.plugin.git" : {
      "value" : "4.2.2"
    },
    "jenkins.versions.plugin.git-client" : {
      "value" : "3.2.1"
    },
    "jenkins.versions.plugin.git-server" : {
      "value" : "1.7"
    },
    "jenkins.versions.plugin.gitea" : {
      "value" : "1.0.8"
    },
    "jenkins.versions.plugin.github" : {
      "value" : "1.29.3"
    },
    "jenkins.versions.plugin.github-api" : {
      "value" : "1.106"
    },
    "jenkins.versions.plugin.github-branch-source" : {
      "value" : "2.6.0"
    },
    "jenkins.versions.plugin.gitlab-plugin" : {
      "value" : "1.5.11"
    },
    "jenkins.versions.plugin.gradle" : {
      "value" : "1.36"
    },
    "jenkins.versions.plugin.handlebars" : {
      "value" : "1.1.1"
    },
    "jenkins.versions.plugin.handy-uri-templates-2-api" : {
      "value" : "2.1.6-1.0"
    },
    "jenkins.versions.plugin.htmlpublisher" : {
      "value" : "1.17"
    },
    "jenkins.versions.plugin.ivy" : {
      "value" : "1.28"
    },
    "jenkins.versions.plugin.jackson2-api" : {
      "value" : "2.10.3"
    },
    "jenkins.versions.plugin.javadoc" : {
      "value" : "1.4"
    },
    "jenkins.versions.plugin.jdk-tool" : {
      "value" : "1.4"
    },
    "jenkins.versions.plugin.jenkins-design-language" : {
      "value" : "1.10.1"
    },
    "jenkins.versions.plugin.jira" : {
      "value" : "3.0.5"
    },
    "jenkins.versions.plugin.jquery-detached" : {
      "value" : "1.2.1"
    },
    "jenkins.versions.plugin.jsch" : {
      "value" : "0.1.55.1"
    },
    "jenkins.versions.plugin.junit" : {
      "value" : "1.26.1"
    },
    "jenkins.versions.plugin.jx-resources" : {
      "value" : "1.0.35"
    },
    "jenkins.versions.plugin.kubernetes" : {
      "value" : "1.14.3"
    },
    "jenkins.versions.plugin.kubernetes-credentials" : {
      "value" : "0.4.0"
    },
    "jenkins.versions.plugin.kubernetes-credentials-provider" : {
      "value" : "0.11"
    },
    "jenkins.versions.plugin.ldap" : {
      "value" : "1.21"
    },
    "jenkins.versions.plugin.localization-zh-cn" : {
      "value" : "0.0.11"
    },
    "jenkins.versions.plugin.lockable-resources" : {
      "value" : "2.3"
    },
    "jenkins.versions.plugin.mailer" : {
      "value" : "1.30"
    },
    "jenkins.versions.plugin.mapdb-api" : {
      "value" : "1.0.9.0"
    },
    "jenkins.versions.plugin.matrix-auth" : {
      "value" : "2.5"
    },
    "jenkins.versions.plugin.matrix-project" : {
      "value" : "1.14"
    },
    "jenkins.versions.plugin.maven-plugin" : {
      "value" : "3.2"
    },
    "jenkins.versions.plugin.mercurial" : {
      "value" : "2.4"
    },
    "jenkins.versions.plugin.metrics" : {
      "value" : "4.0.2.2"
    },
    "jenkins.versions.plugin.momentjs" : {
      "value" : "1.1.1"
    },
    "jenkins.versions.plugin.pam-auth" : {
      "value" : "1.6"
    },
    "jenkins.versions.plugin.pipeline-build-step" : {
      "value" : "2.7"
    },
    "jenkins.versions.plugin.pipeline-github-lib" : {
      "value" : "1.0"
    },
    "jenkins.versions.plugin.pipeline-graph-analysis" : {
      "value" : "1.9"
    },
    "jenkins.versions.plugin.pipeline-input-step" : {
      "value" : "2.9"
    },
    "jenkins.versions.plugin.pipeline-milestone-step" : {
      "value" : "1.3.1"
    },
    "jenkins.versions.plugin.pipeline-model-api" : {
      "value" : "1.3.4.1"
    },
    "jenkins.versions.plugin.pipeline-model-declarative-agent" : {
      "value" : "1.1.1"
    },
    "jenkins.versions.plugin.pipeline-model-definition" : {
      "value" : "1.3.4.1"
    },
    "jenkins.versions.plugin.pipeline-model-extensions" : {
      "value" : "1.3.4.1"
    },
    "jenkins.versions.plugin.pipeline-rest-api" : {
      "value" : "2.13"
    },
    "jenkins.versions.plugin.pipeline-stage-step" : {
      "value" : "2.3"
    },
    "jenkins.versions.plugin.pipeline-stage-tags-metadata" : {
      "value" : "1.3.4.1"
    },
    "jenkins.versions.plugin.pipeline-stage-view" : {
      "value" : "2.13"
    },
    "jenkins.versions.plugin.plain-credentials" : {
      "value" : "1.5"
    },
    "jenkins.versions.plugin.pubsub-light" : {
      "value" : "1.12"
    },
    "jenkins.versions.plugin.resource-disposer" : {
      "value" : "0.12"
    },
    "jenkins.versions.plugin.scm-api" : {
      "value" : "2.6.3"
    },
    "jenkins.versions.plugin.script-security" : {
      "value" : "1.71"
    },
    "jenkins.versions.plugin.sse-gateway" : {
      "value" : "1.17"
    },
    "jenkins.versions.plugin.ssh-credentials" : {
      "value" : "1.17.4"
    },
    "jenkins.versions.plugin.ssh-slaves" : {
      "value" : "1.30.4"
    },
    "jenkins.versions.plugin.structs" : {
      "value" : "1.20"
    },
    "jenkins.versions.plugin.subversion" : {
      "value" : "2.13.1"
    },
    "jenkins.versions.plugin.support-core" : {
      "value" : "2.54"
    },
    "jenkins.versions.plugin.timestamper" : {
      "value" : "1.11.2"
    },
    "jenkins.versions.plugin.token-macro" : {
      "value" : "2.12"
    },
    "jenkins.versions.plugin.variant" : {
      "value" : "1.1"
    },
    "jenkins.versions.plugin.workflow-aggregator" : {
      "value" : "2.6"
    },
    "jenkins.versions.plugin.workflow-api" : {
      "value" : "2.40"
    },
    "jenkins.versions.plugin.workflow-basic-steps" : {
      "value" : "2.19"
    },
    "jenkins.versions.plugin.workflow-cps" : {
      "value" : "2.80"
    },
    "jenkins.versions.plugin.workflow-cps-global-lib" : {
      "value" : "2.12"
    },
    "jenkins.versions.plugin.workflow-durable-task-step" : {
      "value" : "2.31"
    },
    "jenkins.versions.plugin.workflow-job" : {
      "value" : "2.37"
    },
    "jenkins.versions.plugin.workflow-multibranch" : {
      "value" : "2.20"
    },
    "jenkins.versions.plugin.workflow-scm-step" : {
      "value" : "2.10"
    },
    "jenkins.versions.plugin.workflow-step-api" : {
      "value" : "2.22"
    },
    "jenkins.versions.plugin.workflow-support" : {
      "value" : "3.4"
    },
    "jenkins.versions.plugin.ws-cleanup" : {
      "value" : "0.38"
    },
    "system.cpu.load" : {
      "value" : 2.22
    },
    "vm.blocked.count" : {
      "value" : 0
    },
    "vm.class.loaded" : {
      "value" : 16618
    },
    "vm.class.unloaded" : {
      "value" : 0
    },
    "vm.count" : {
      "value" : 89
    },
    "vm.cpu.load" : {
      "value" : 0.8810478099055253
    },
    "vm.daemon.count" : {
      "value" : 72
    },
    "vm.deadlock.count" : {
      "value" : 0
    },
    "vm.deadlocks" : {
      "value" : [ ]
    },
    "vm.file.descriptor.ratio" : {
      "value" : 7.171630859375E-4
    },
    "vm.gc.PS-MarkSweep.count" : {
      "value" : 4
    },
    "vm.gc.PS-MarkSweep.time" : {
      "value" : 888
    },
    "vm.gc.PS-Scavenge.count" : {
      "value" : 79
    },
    "vm.gc.PS-Scavenge.time" : {
      "value" : 792
    },
    "vm.memory.heap.committed" : {
      "value" : 443023360
    },
    "vm.memory.heap.init" : {
      "value" : 62914560
    },
    "vm.memory.heap.max" : {
      "value" : 870842368
    },
    "vm.memory.heap.usage" : {
      "value" : 0.30510574331633805
    },
    "vm.memory.heap.used" : {
      "value" : 265699008
    },
    "vm.memory.non-heap.committed" : {
      "value" : 141426688
    },
    "vm.memory.non-heap.init" : {
      "value" : 2555904
    },
    "vm.memory.non-heap.max" : {
      "value" : -1
    },
    "vm.memory.non-heap.usage" : {
      "value" : -1.28131784E8
    },
    "vm.memory.non-heap.used" : {
      "value" : 128133696
    },
    "vm.memory.pools.Code-Cache.committed" : {
      "value" : 20774912
    },
    "vm.memory.pools.Code-Cache.init" : {
      "value" : 2555904
    },
    "vm.memory.pools.Code-Cache.max" : {
      "value" : 251658240
    },
    "vm.memory.pools.Code-Cache.usage" : {
      "value" : 0.08190765380859374
    },
    "vm.memory.pools.Code-Cache.used" : {
      "value" : 20612736
    },
    "vm.memory.pools.Compressed-Class-Space.committed" : {
      "value" : 13934592
    },
    "vm.memory.pools.Compressed-Class-Space.init" : {
      "value" : 0
    },
    "vm.memory.pools.Compressed-Class-Space.max" : {
      "value" : 1073741824
    },
    "vm.memory.pools.Compressed-Class-Space.usage" : {
      "value" : 0.0105050727725029
    },
    "vm.memory.pools.Compressed-Class-Space.used" : {
      "value" : 11279736
    },
    "vm.memory.pools.Metaspace.committed" : {
      "value" : 106717184
    },
    "vm.memory.pools.Metaspace.init" : {
      "value" : 0
    },
    "vm.memory.pools.Metaspace.max" : {
      "value" : -1
    },
    "vm.memory.pools.Metaspace.usage" : {
      "value" : 0.9018815938771397
    },
    "vm.memory.pools.Metaspace.used" : {
      "value" : 96246264
    },
    "vm.memory.pools.PS-Eden-Space.committed" : {
      "value" : 322961408
    },
    "vm.memory.pools.PS-Eden-Space.init" : {
      "value" : 15728640
    },
    "vm.memory.pools.PS-Eden-Space.max" : {
      "value" : 322961408
    },
    "vm.memory.pools.PS-Eden-Space.usage" : {
      "value" : 0.5739287091540052
    },
    "vm.memory.pools.PS-Eden-Space.used" : {
      "value" : 185356824
    },
    "vm.memory.pools.PS-Eden-Space.used-after-gc" : {
      "value" : 0
    },
    "vm.memory.pools.PS-Old-Gen.committed" : {
      "value" : 118489088
    },
    "vm.memory.pools.PS-Old-Gen.init" : {
      "value" : 41943040
    },
    "vm.memory.pools.PS-Old-Gen.max" : {
      "value" : 653262848
    },
    "vm.memory.pools.PS-Old-Gen.usage" : {
      "value" : 0.12060335015408682
    },
    "vm.memory.pools.PS-Old-Gen.used" : {
      "value" : 78785688
    },
    "vm.memory.pools.PS-Old-Gen.used-after-gc" : {
      "value" : 52154048
    },
    "vm.memory.pools.PS-Survivor-Space.committed" : {
      "value" : 1572864
    },
    "vm.memory.pools.PS-Survivor-Space.init" : {
      "value" : 2621440
    },
    "vm.memory.pools.PS-Survivor-Space.max" : {
      "value" : 1572864
    },
    "vm.memory.pools.PS-Survivor-Space.usage" : {
      "value" : 0.989593505859375
    },
    "vm.memory.pools.PS-Survivor-Space.used" : {
      "value" : 1556496
    },
    "vm.memory.pools.PS-Survivor-Space.used-after-gc" : {
      "value" : 1556496
    },
    "vm.memory.total.committed" : {
      "value" : 584450048
    },
    "vm.memory.total.init" : {
      "value" : 65470464
    },
    "vm.memory.total.max" : {
      "value" : 870842367
    },
    "vm.memory.total.used" : {
      "value" : 393840240
    },
    "vm.new.count" : {
      "value" : 0
    },
    "vm.runnable.count" : {
      "value" : 11
    },
    "vm.terminated.count" : {
      "value" : 0
    },
    "vm.timed_waiting.count" : {
      "value" : 62
    },
    "vm.uptime.milliseconds" : {
      "value" : 40299
    },
    "vm.waiting.count" : {
      "value" : 16
    }
  },
  "counters" : {
    "http.activeRequests" : {
      "count" : 0
    }
  },
  "histograms" : {
    "jenkins.executor.count.history" : {
      "count" : 1,
      "max" : 2,
      "mean" : 2.0,
      "min" : 2,
      "p50" : 2.0,
      "p75" : 2.0,
      "p95" : 2.0,
      "p98" : 2.0,
      "p99" : 2.0,
      "p999" : 2.0,
      "values" : [ 2 ],
      "stddev" : 0.0
    },
    "jenkins.executor.free.history" : {
      "count" : 1,
      "max" : 2,
      "mean" : 2.0,
      "min" : 2,
      "p50" : 2.0,
      "p75" : 2.0,
      "p95" : 2.0,
      "p98" : 2.0,
      "p99" : 2.0,
      "p999" : 2.0,
      "values" : [ 2 ],
      "stddev" : 0.0
    },
    "jenkins.executor.in-use.history" : {
      "count" : 1,
      "max" : 0,
      "mean" : 0.0,
      "min" : 0,
      "p50" : 0.0,
      "p75" : 0.0,
      "p95" : 0.0,
      "p98" : 0.0,
      "p99" : 0.0,
      "p999" : 0.0,
      "values" : [ 0 ],
      "stddev" : 0.0
    },
    "jenkins.job.count.history" : {
      "count" : 1,
      "max" : 1,
      "mean" : 1.0,
      "min" : 1,
      "p50" : 1.0,
      "p75" : 1.0,
      "p95" : 1.0,
      "p98" : 1.0,
      "p99" : 1.0,
      "p999" : 1.0,
      "values" : [ 1 ],
      "stddev" : 0.0
    },
    "jenkins.node.count.history" : {
      "count" : 1,
      "max" : 2,
      "mean" : 2.0,
      "min" : 2,
      "p50" : 2.0,
      "p75" : 2.0,
      "p95" : 2.0,
      "p98" : 2.0,
      "p99" : 2.0,
      "p999" : 2.0,
      "values" : [ 2 ],
      "stddev" : 0.0
    },
    "jenkins.node.offline.history" : {
      "count" : 1,
      "max" : 1,
      "mean" : 1.0,
      "min" : 1,
      "p50" : 1.0,
      "p75" : 1.0,
      "p95" : 1.0,
      "p98" : 1.0,
      "p99" : 1.0,
      "p999" : 1.0,
      "values" : [ 1 ],
      "stddev" : 0.0
    },
    "jenkins.node.online.history" : {
      "count" : 1,
      "max" : 1,
      "mean" : 1.0,
      "min" : 1,
      "p50" : 1.0,
      "p75" : 1.0,
      "p95" : 1.0,
      "p98" : 1.0,
      "p99" : 1.0,
      "p999" : 1.0,
      "values" : [ 1 ],
      "stddev" : 0.0
    },
    "jenkins.project.count.history" : {
      "count" : 1,
      "max" : 1,
      "mean" : 1.0,
      "min" : 1,
      "p50" : 1.0,
      "p75" : 1.0,
      "p95" : 1.0,
      "p98" : 1.0,
      "p99" : 1.0,
      "p999" : 1.0,
      "values" : [ 1 ],
      "stddev" : 0.0
    },
    "jenkins.project.disabled.count.history" : {
      "count" : 1,
      "max" : 0,
      "mean" : 0.0,
      "min" : 0,
      "p50" : 0.0,
      "p75" : 0.0,
      "p95" : 0.0,
      "p98" : 0.0,
      "p99" : 0.0,
      "p999" : 0.0,
      "values" : [ 0 ],
      "stddev" : 0.0
    },
    "jenkins.project.enabled.count.history" : {
      "count" : 1,
      "max" : 1,
      "mean" : 1.0,
      "min" : 1,
      "p50" : 1.0,
      "p75" : 1.0,
      "p95" : 1.0,
      "p98" : 1.0,
      "p99" : 1.0,
      "p999" : 1.0,
      "values" : [ 1 ],
      "stddev" : 0.0
    },
    "jenkins.queue.blocked.history" : {
      "count" : 1,
      "max" : 0,
      "mean" : 0.0,
      "min" : 0,
      "p50" : 0.0,
      "p75" : 0.0,
      "p95" : 0.0,
      "p98" : 0.0,
      "p99" : 0.0,
      "p999" : 0.0,
      "values" : [ 0 ],
      "stddev" : 0.0
    },
    "jenkins.queue.buildable.history" : {
      "count" : 1,
      "max" : 0,
      "mean" : 0.0,
      "min" : 0,
      "p50" : 0.0,
      "p75" : 0.0,
      "p95" : 0.0,
      "p98" : 0.0,
      "p99" : 0.0,
      "p999" : 0.0,
      "values" : [ 0 ],
      "stddev" : 0.0
    },
    "jenkins.queue.pending.history" : {
      "count" : 1,
      "max" : 0,
      "mean" : 0.0,
      "min" : 0,
      "p50" : 0.0,
      "p75" : 0.0,
      "p95" : 0.0,
      "p98" : 0.0,
      "p99" : 0.0,
      "p999" : 0.0,
      "values" : [ 0 ],
      "stddev" : 0.0
    },
    "jenkins.queue.size.history" : {
      "count" : 1,
      "max" : 0,
      "mean" : 0.0,
      "min" : 0,
      "p50" : 0.0,
      "p75" : 0.0,
      "p95" : 0.0,
      "p98" : 0.0,
      "p99" : 0.0,
      "p999" : 0.0,
      "values" : [ 0 ],
      "stddev" : 0.0
    },
    "jenkins.queue.stuck.history" : {
      "count" : 1,
      "max" : 0,
      "mean" : 0.0,
      "min" : 0,
      "p50" : 0.0,
      "p75" : 0.0,
      "p95" : 0.0,
      "p98" : 0.0,
      "p99" : 0.0,
      "p999" : 0.0,
      "values" : [ 0 ],
      "stddev" : 0.0
    },
    "system.cpu.load.x100.history" : {
      "count" : 1,
      "max" : 199,
      "mean" : 199.0,
      "min" : 199,
      "p50" : 199.0,
      "p75" : 199.0,
      "p95" : 199.0,
      "p98" : 199.0,
      "p99" : 199.0,
      "p999" : 199.0,
      "values" : [ 199 ],
      "stddev" : 0.0
    },
    "system.cpu.load.x100.window.15m" : {
      "count" : 1,
      "max" : 199,
      "mean" : 199.0,
      "min" : 199,
      "p50" : 199.0,
      "p75" : 199.0,
      "p95" : 199.0,
      "p98" : 199.0,
      "p99" : 199.0,
      "p999" : 199.0,
      "values" : [ 199 ],
      "stddev" : 0.0
    },
    "system.cpu.load.x100.window.1h" : {
      "count" : 1,
      "max" : 199,
      "mean" : 199.0,
      "min" : 199,
      "p50" : 199.0,
      "p75" : 199.0,
      "p95" : 199.0,
      "p98" : 199.0,
      "p99" : 199.0,
      "p999" : 199.0,
      "values" : [ 199 ],
      "stddev" : 0.0
    },
    "system.cpu.load.x100.window.5m" : {
      "count" : 1,
      "max" : 199,
      "mean" : 199.0,
      "min" : 199,
      "p50" : 199.0,
      "p75" : 199.0,
      "p95" : 199.0,
      "p98" : 199.0,
      "p99" : 199.0,
      "p999" : 199.0,
      "values" : [ 199 ],
      "stddev" : 0.0
    },
    "vm.cpu.load.x100.history" : {
      "count" : 1,
      "max" : 149,
      "mean" : 149.0,
      "min" : 149,
      "p50" : 149.0,
      "p75" : 149.0,
      "p95" : 149.0,
      "p98" : 149.0,
      "p99" : 149.0,
      "p999" : 149.0,
      "values" : [ 149 ],
      "stddev" : 0.0
    },
    "vm.cpu.load.x100.window.15m" : {
      "count" : 1,
      "max" : 149,
      "mean" : 149.0,
      "min" : 149,
      "p50" : 149.0,
      "p75" : 149.0,
      "p95" : 149.0,
      "p98" : 149.0,
      "p99" : 149.0,
      "p999" : 149.0,
      "values" : [ 149 ],
      "stddev" : 0.0
    },
    "vm.cpu.load.x100.window.1h" : {
      "count" : 1,
      "max" : 149,
      "mean" : 149.0,
      "min" : 149,
      "p50" : 149.0,
      "p75" : 149.0,
      "p95" : 149.0,
      "p98" : 149.0,
      "p99" : 149.0,
      "p999" : 149.0,
      "values" : [ 149 ],
      "stddev" : 0.0
    },
    "vm.cpu.load.x100.window.5m" : {
      "count" : 1,
      "max" : 149,
      "mean" : 149.0,
      "min" : 149,
      "p50" : 149.0,
      "p75" : 149.0,
      "p95" : 149.0,
      "p98" : 149.0,
      "p99" : 149.0,
      "p999" : 149.0,
      "values" : [ 149 ],
      "stddev" : 0.0
    },
    "vm.file.descriptor.ratio.x100.history" : {
      "count" : 1,
      "max" : 0,
      "mean" : 0.0,
      "min" : 0,
      "p50" : 0.0,
      "p75" : 0.0,
      "p95" : 0.0,
      "p98" : 0.0,
      "p99" : 0.0,
      "p999" : 0.0,
      "values" : [ 0 ],
      "stddev" : 0.0
    },
    "vm.file.descriptor.ratio.x100.window.15m" : {
      "count" : 1,
      "max" : 0,
      "mean" : 0.0,
      "min" : 0,
      "p50" : 0.0,
      "p75" : 0.0,
      "p95" : 0.0,
      "p98" : 0.0,
      "p99" : 0.0,
      "p999" : 0.0,
      "values" : [ 0 ],
      "stddev" : 0.0
    },
    "vm.file.descriptor.ratio.x100.window.1h" : {
      "count" : 1,
      "max" : 0,
      "mean" : 0.0,
      "min" : 0,
      "p50" : 0.0,
      "p75" : 0.0,
      "p95" : 0.0,
      "p98" : 0.0,
      "p99" : 0.0,
      "p999" : 0.0,
      "values" : [ 0 ],
      "stddev" : 0.0
    },
    "vm.file.descriptor.ratio.x100.window.5m" : {
      "count" : 1,
      "max" : 0,
      "mean" : 0.0,
      "min" : 0,
      "p50" : 0.0,
      "p75" : 0.0,
      "p95" : 0.0,
      "p98" : 0.0,
      "p99" : 0.0,
      "p999" : 0.0,
      "values" : [ 0 ],
      "stddev" : 0.0
    },
    "vm.memory.heap.committed.history" : {
      "count" : 1,
      "max" : 421527552,
      "mean" : 4.21527552E8,
      "min" : 421527552,
      "p50" : 4.21527552E8,
      "p75" : 4.21527552E8,
      "p95" : 4.21527552E8,
      "p98" : 4.21527552E8,
      "p99" : 4.21527552E8,
      "p999" : 4.21527552E8,
      "values" : [ 421527552 ],
      "stddev" : 0.0
    },
    "vm.memory.heap.committed.window.15m" : {
      "count" : 1,
      "max" : 421527552,
      "mean" : 4.21527552E8,
      "min" : 421527552,
      "p50" : 4.21527552E8,
      "p75" : 4.21527552E8,
      "p95" : 4.21527552E8,
      "p98" : 4.21527552E8,
      "p99" : 4.21527552E8,
      "p999" : 4.21527552E8,
      "values" : [ 421527552 ],
      "stddev" : 0.0
    },
    "vm.memory.heap.committed.window.1h" : {
      "count" : 1,
      "max" : 421527552,
      "mean" : 4.21527552E8,
      "min" : 421527552,
      "p50" : 4.21527552E8,
      "p75" : 4.21527552E8,
      "p95" : 4.21527552E8,
      "p98" : 4.21527552E8,
      "p99" : 4.21527552E8,
      "p999" : 4.21527552E8,
      "values" : [ 421527552 ],
      "stddev" : 0.0
    },
    "vm.memory.heap.committed.window.5m" : {
      "count" : 1,
      "max" : 421527552,
      "mean" : 4.21527552E8,
      "min" : 421527552,
      "p50" : 4.21527552E8,
      "p75" : 4.21527552E8,
      "p95" : 4.21527552E8,
      "p98" : 4.21527552E8,
      "p99" : 4.21527552E8,
      "p999" : 4.21527552E8,
      "values" : [ 421527552 ],
      "stddev" : 0.0
    },
    "vm.memory.heap.usage.x100.history" : {
      "count" : 1,
      "max" : 7,
      "mean" : 7.0,
      "min" : 7,
      "p50" : 7.0,
      "p75" : 7.0,
      "p95" : 7.0,
      "p98" : 7.0,
      "p99" : 7.0,
      "p999" : 7.0,
      "values" : [ 7 ],
      "stddev" : 0.0
    },
    "vm.memory.heap.usage.x100.window.15m" : {
      "count" : 1,
      "max" : 7,
      "mean" : 7.0,
      "min" : 7,
      "p50" : 7.0,
      "p75" : 7.0,
      "p95" : 7.0,
      "p98" : 7.0,
      "p99" : 7.0,
      "p999" : 7.0,
      "values" : [ 7 ],
      "stddev" : 0.0
    },
    "vm.memory.heap.usage.x100.window.1h" : {
      "count" : 1,
      "max" : 7,
      "mean" : 7.0,
      "min" : 7,
      "p50" : 7.0,
      "p75" : 7.0,
      "p95" : 7.0,
      "p98" : 7.0,
      "p99" : 7.0,
      "p999" : 7.0,
      "values" : [ 7 ],
      "stddev" : 0.0
    },
    "vm.memory.heap.usage.x100.window.5m" : {
      "count" : 1,
      "max" : 7,
      "mean" : 7.0,
      "min" : 7,
      "p50" : 7.0,
      "p75" : 7.0,
      "p95" : 7.0,
      "p98" : 7.0,
      "p99" : 7.0,
      "p999" : 7.0,
      "values" : [ 7 ],
      "stddev" : 0.0
    },
    "vm.memory.heap.used.history" : {
      "count" : 1,
      "max" : 58420240,
      "mean" : 5.842024E7,
      "min" : 58420240,
      "p50" : 5.842024E7,
      "p75" : 5.842024E7,
      "p95" : 5.842024E7,
      "p98" : 5.842024E7,
      "p99" : 5.842024E7,
      "p999" : 5.842024E7,
      "values" : [ 58420240 ],
      "stddev" : 0.0
    },
    "vm.memory.heap.used.window.15m" : {
      "count" : 1,
      "max" : 58420240,
      "mean" : 5.842024E7,
      "min" : 58420240,
      "p50" : 5.842024E7,
      "p75" : 5.842024E7,
      "p95" : 5.842024E7,
      "p98" : 5.842024E7,
      "p99" : 5.842024E7,
      "p999" : 5.842024E7,
      "values" : [ 58420240 ],
      "stddev" : 0.0
    },
    "vm.memory.heap.used.window.1h" : {
      "count" : 1,
      "max" : 58420240,
      "mean" : 5.842024E7,
      "min" : 58420240,
      "p50" : 5.842024E7,
      "p75" : 5.842024E7,
      "p95" : 5.842024E7,
      "p98" : 5.842024E7,
      "p99" : 5.842024E7,
      "p999" : 5.842024E7,
      "values" : [ 58420240 ],
      "stddev" : 0.0
    },
    "vm.memory.heap.used.window.5m" : {
      "count" : 1,
      "max" : 58420240,
      "mean" : 5.842024E7,
      "min" : 58420240,
      "p50" : 5.842024E7,
      "p75" : 5.842024E7,
      "p95" : 5.842024E7,
      "p98" : 5.842024E7,
      "p99" : 5.842024E7,
      "p999" : 5.842024E7,
      "values" : [ 58420240 ],
      "stddev" : 0.0
    },
    "vm.memory.non-heap.committed.history" : {
      "count" : 1,
      "max" : 131334144,
      "mean" : 1.31334144E8,
      "min" : 131334144,
      "p50" : 1.31334144E8,
      "p75" : 1.31334144E8,
      "p95" : 1.31334144E8,
      "p98" : 1.31334144E8,
      "p99" : 1.31334144E8,
      "p999" : 1.31334144E8,
      "values" : [ 131334144 ],
      "stddev" : 0.0
    },
    "vm.memory.non-heap.committed.window.15m" : {
      "count" : 1,
      "max" : 131334144,
      "mean" : 1.31334144E8,
      "min" : 131334144,
      "p50" : 1.31334144E8,
      "p75" : 1.31334144E8,
      "p95" : 1.31334144E8,
      "p98" : 1.31334144E8,
      "p99" : 1.31334144E8,
      "p999" : 1.31334144E8,
      "values" : [ 131334144 ],
      "stddev" : 0.0
    },
    "vm.memory.non-heap.committed.window.1h" : {
      "count" : 1,
      "max" : 131334144,
      "mean" : 1.31334144E8,
      "min" : 131334144,
      "p50" : 1.31334144E8,
      "p75" : 1.31334144E8,
      "p95" : 1.31334144E8,
      "p98" : 1.31334144E8,
      "p99" : 1.31334144E8,
      "p999" : 1.31334144E8,
      "values" : [ 131334144 ],
      "stddev" : 0.0
    },
    "vm.memory.non-heap.committed.window.5m" : {
      "count" : 1,
      "max" : 131334144,
      "mean" : 1.31334144E8,
      "min" : 131334144,
      "p50" : 1.31334144E8,
      "p75" : 1.31334144E8,
      "p95" : 1.31334144E8,
      "p98" : 1.31334144E8,
      "p99" : 1.31334144E8,
      "p999" : 1.31334144E8,
      "values" : [ 131334144 ],
      "stddev" : 0.0
    },
    "vm.memory.non-heap.usage.x100.history" : {
      "count" : 1,
      "max" : -11802580000,
      "mean" : -1.180258E10,
      "min" : -11802580000,
      "p50" : -1.180258E10,
      "p75" : -1.180258E10,
      "p95" : -1.180258E10,
      "p98" : -1.180258E10,
      "p99" : -1.180258E10,
      "p999" : -1.180258E10,
      "values" : [ -11802580000 ],
      "stddev" : 0.0
    },
    "vm.memory.non-heap.usage.x100.window.15m" : {
      "count" : 1,
      "max" : -11802580000,
      "mean" : -1.180258E10,
      "min" : -11802580000,
      "p50" : -1.180258E10,
      "p75" : -1.180258E10,
      "p95" : -1.180258E10,
      "p98" : -1.180258E10,
      "p99" : -1.180258E10,
      "p999" : -1.180258E10,
      "values" : [ -11802580000 ],
      "stddev" : 0.0
    },
    "vm.memory.non-heap.usage.x100.window.1h" : {
      "count" : 1,
      "max" : -11802580000,
      "mean" : -1.180258E10,
      "min" : -11802580000,
      "p50" : -1.180258E10,
      "p75" : -1.180258E10,
      "p95" : -1.180258E10,
      "p98" : -1.180258E10,
      "p99" : -1.180258E10,
      "p999" : -1.180258E10,
      "values" : [ -11802580000 ],
      "stddev" : 0.0
    },
    "vm.memory.non-heap.usage.x100.window.5m" : {
      "count" : 1,
      "max" : -11802580000,
      "mean" : -1.180258E10,
      "min" : -11802580000,
      "p50" : -1.180258E10,
      "p75" : -1.180258E10,
      "p95" : -1.180258E10,
      "p98" : -1.180258E10,
      "p99" : -1.180258E10,
      "p999" : -1.180258E10,
      "values" : [ -11802580000 ],
      "stddev" : 0.0
    },
    "vm.memory.non-heap.used.history" : {
      "count" : 1,
      "max" : 118025864,
      "mean" : 1.18025864E8,
      "min" : 118025864,
      "p50" : 1.18025864E8,
      "p75" : 1.18025864E8,
      "p95" : 1.18025864E8,
      "p98" : 1.18025864E8,
      "p99" : 1.18025864E8,
      "p999" : 1.18025864E8,
      "values" : [ 118025864 ],
      "stddev" : 0.0
    },
    "vm.memory.non-heap.used.window.15m" : {
      "count" : 1,
      "max" : 118025864,
      "mean" : 1.18025864E8,
      "min" : 118025864,
      "p50" : 1.18025864E8,
      "p75" : 1.18025864E8,
      "p95" : 1.18025864E8,
      "p98" : 1.18025864E8,
      "p99" : 1.18025864E8,
      "p999" : 1.18025864E8,
      "values" : [ 118025864 ],
      "stddev" : 0.0
    },
    "vm.memory.non-heap.used.window.1h" : {
      "count" : 1,
      "max" : 118024136,
      "mean" : 1.18024136E8,
      "min" : 118024136,
      "p50" : 1.18024136E8,
      "p75" : 1.18024136E8,
      "p95" : 1.18024136E8,
      "p98" : 1.18024136E8,
      "p99" : 1.18024136E8,
      "p999" : 1.18024136E8,
      "values" : [ 118024136 ],
      "stddev" : 0.0
    },
    "vm.memory.non-heap.used.window.5m" : {
      "count" : 1,
      "max" : 118024136,
      "mean" : 1.18024136E8,
      "min" : 118024136,
      "p50" : 1.18024136E8,
      "p75" : 1.18024136E8,
      "p95" : 1.18024136E8,
      "p98" : 1.18024136E8,
      "p99" : 1.18024136E8,
      "p999" : 1.18024136E8,
      "values" : [ 118024136 ],
      "stddev" : 0.0
    },
    "vm.memory.pools.Code-Cache.committed.history" : {
      "count" : 1,
      "max" : 16973824,
      "mean" : 1.6973824E7,
      "min" : 16973824,
      "p50" : 1.6973824E7,
      "p75" : 1.6973824E7,
      "p95" : 1.6973824E7,
      "p98" : 1.6973824E7,
      "p99" : 1.6973824E7,
      "p999" : 1.6973824E7,
      "values" : [ 16973824 ],
      "stddev" : 0.0
    },
    "vm.memory.pools.Code-Cache.committed.window.15m" : {
      "count" : 1,
      "max" : 16973824,
      "mean" : 1.6973824E7,
      "min" : 16973824,
      "p50" : 1.6973824E7,
      "p75" : 1.6973824E7,
      "p95" : 1.6973824E7,
      "p98" : 1.6973824E7,
      "p99" : 1.6973824E7,
      "p999" : 1.6973824E7,
      "values" : [ 16973824 ],
      "stddev" : 0.0
    },
    "vm.memory.pools.Code-Cache.committed.window.1h" : {
      "count" : 1,
      "max" : 16973824,
      "mean" : 1.6973824E7,
      "min" : 16973824,
      "p50" : 1.6973824E7,
      "p75" : 1.6973824E7,
      "p95" : 1.6973824E7,
      "p98" : 1.6973824E7,
      "p99" : 1.6973824E7,
      "p999" : 1.6973824E7,
      "values" : [ 16973824 ],
      "stddev" : 0.0
    },
    "vm.memory.pools.Code-Cache.committed.window.5m" : {
      "count" : 1,
      "max" : 16973824,
      "mean" : 1.6973824E7,
      "min" : 16973824,
      "p50" : 1.6973824E7,
      "p75" : 1.6973824E7,
      "p95" : 1.6973824E7,
      "p98" : 1.6973824E7,
      "p99" : 1.6973824E7,
      "p999" : 1.6973824E7,
      "values" : [ 16973824 ],
      "stddev" : 0.0
    },
    "vm.memory.pools.Code-Cache.usage.x100.history" : {
      "count" : 1,
      "max" : 7,
      "mean" : 7.0,
      "min" : 7,
      "p50" : 7.0,
      "p75" : 7.0,
      "p95" : 7.0,
      "p98" : 7.0,
      "p99" : 7.0,
      "p999" : 7.0,
      "values" : [ 7 ],
      "stddev" : 0.0
    },
    "vm.memory.pools.Code-Cache.usage.x100.window.15m" : {
      "count" : 1,
      "max" : 7,
      "mean" : 7.0,
      "min" : 7,
      "p50" : 7.0,
      "p75" : 7.0,
      "p95" : 7.0,
      "p98" : 7.0,
      "p99" : 7.0,
      "p999" : 7.0,
      "values" : [ 7 ],
      "stddev" : 0.0
    },
    "vm.memory.pools.Code-Cache.usage.x100.window.1h" : {
      "count" : 1,
      "max" : 7,
      "mean" : 7.0,
      "min" : 7,
      "p50" : 7.0,
      "p75" : 7.0,
      "p95" : 7.0,
      "p98" : 7.0,
      "p99" : 7.0,
      "p999" : 7.0,
      "values" : [ 7 ],
      "stddev" : 0.0
    },
    "vm.memory.pools.Code-Cache.usage.x100.window.5m" : {
      "count" : 1,
      "max" : 7,
      "mean" : 7.0,
      "min" : 7,
      "p50" : 7.0,
      "p75" : 7.0,
      "p95" : 7.0,
      "p98" : 7.0,
      "p99" : 7.0,
      "p999" : 7.0,
      "values" : [ 7 ],
      "stddev" : 0.0
    },
    "vm.memory.pools.Code-Cache.used.history" : {
      "count" : 1,
      "max" : 16370304,
      "mean" : 1.6370304E7,
      "min" : 16370304,
      "p50" : 1.6370304E7,
      "p75" : 1.6370304E7,
      "p95" : 1.6370304E7,
      "p98" : 1.6370304E7,
      "p99" : 1.6370304E7,
      "p999" : 1.6370304E7,
      "values" : [ 16370304 ],
      "stddev" : 0.0
    },
    "vm.memory.pools.Code-Cache.used.window.15m" : {
      "count" : 1,
      "max" : 16370304,
      "mean" : 1.6370304E7,
      "min" : 16370304,
      "p50" : 1.6370304E7,
      "p75" : 1.6370304E7,
      "p95" : 1.6370304E7,
      "p98" : 1.6370304E7,
      "p99" : 1.6370304E7,
      "p999" : 1.6370304E7,
      "values" : [ 16370304 ],
      "stddev" : 0.0
    },
    "vm.memory.pools.Code-Cache.used.window.1h" : {
      "count" : 1,
      "max" : 16370304,
      "mean" : 1.6370304E7,
      "min" : 16370304,
      "p50" : 1.6370304E7,
      "p75" : 1.6370304E7,
      "p95" : 1.6370304E7,
      "p98" : 1.6370304E7,
      "p99" : 1.6370304E7,
      "p999" : 1.6370304E7,
      "values" : [ 16370304 ],
      "stddev" : 0.0
    },
    "vm.memory.pools.Code-Cache.used.window.5m" : {
      "count" : 1,
      "max" : 16370304,
      "mean" : 1.6370304E7,
      "min" : 16370304,
      "p50" : 1.6370304E7,
      "p75" : 1.6370304E7,
      "p95" : 1.6370304E7,
      "p98" : 1.6370304E7,
      "p99" : 1.6370304E7,
      "p999" : 1.6370304E7,
      "values" : [ 16370304 ],
      "stddev" : 0.0
    },
    "vm.memory.pools.Compressed-Class-Space.committed.history" : {
      "count" : 1,
      "max" : 13279232,
      "mean" : 1.3279232E7,
      "min" : 13279232,
      "p50" : 1.3279232E7,
      "p75" : 1.3279232E7,
      "p95" : 1.3279232E7,
      "p98" : 1.3279232E7,
      "p99" : 1.3279232E7,
      "p999" : 1.3279232E7,
      "values" : [ 13279232 ],
      "stddev" : 0.0
    },
    "vm.memory.pools.Compressed-Class-Space.committed.window.15m" : {
      "count" : 1,
      "max" : 13279232,
      "mean" : 1.3279232E7,
      "min" : 13279232,
      "p50" : 1.3279232E7,
      "p75" : 1.3279232E7,
      "p95" : 1.3279232E7,
      "p98" : 1.3279232E7,
      "p99" : 1.3279232E7,
      "p999" : 1.3279232E7,
      "values" : [ 13279232 ],
      "stddev" : 0.0
    },
    "vm.memory.pools.Compressed-Class-Space.committed.window.1h" : {
      "count" : 1,
      "max" : 13279232,
      "mean" : 1.3279232E7,
      "min" : 13279232,
      "p50" : 1.3279232E7,
      "p75" : 1.3279232E7,
      "p95" : 1.3279232E7,
      "p98" : 1.3279232E7,
      "p99" : 1.3279232E7,
      "p999" : 1.3279232E7,
      "values" : [ 13279232 ],
      "stddev" : 0.0
    },
    "vm.memory.pools.Compressed-Class-Space.committed.window.5m" : {
      "count" : 1,
      "max" : 13279232,
      "mean" : 1.3279232E7,
      "min" : 13279232,
      "p50" : 1.3279232E7,
      "p75" : 1.3279232E7,
      "p95" : 1.3279232E7,
      "p98" : 1.3279232E7,
      "p99" : 1.3279232E7,
      "p999" : 1.3279232E7,
      "values" : [ 13279232 ],
      "stddev" : 0.0
    },
    "vm.memory.pools.Compressed-Class-Space.usage.x100.history" : {
      "count" : 1,
      "max" : 1,
      "mean" : 1.0,
      "min" : 1,
      "p50" : 1.0,
      "p75" : 1.0,
      "p95" : 1.0,
      "p98" : 1.0,
      "p99" : 1.0,
      "p999" : 1.0,
      "values" : [ 1 ],
      "stddev" : 0.0
    },
    "vm.memory.pools.Compressed-Class-Space.usage.x100.window.15m" : {
      "count" : 1,
      "max" : 1,
      "mean" : 1.0,
      "min" : 1,
      "p50" : 1.0,
      "p75" : 1.0,
      "p95" : 1.0,
      "p98" : 1.0,
      "p99" : 1.0,
      "p999" : 1.0,
      "values" : [ 1 ],
      "stddev" : 0.0
    },
    "vm.memory.pools.Compressed-Class-Space.usage.x100.window.1h" : {
      "count" : 1,
      "max" : 1,
      "mean" : 1.0,
      "min" : 1,
      "p50" : 1.0,
      "p75" : 1.0,
      "p95" : 1.0,
      "p98" : 1.0,
      "p99" : 1.0,
      "p999" : 1.0,
      "values" : [ 1 ],
      "stddev" : 0.0
    },
    "vm.memory.pools.Compressed-Class-Space.usage.x100.window.5m" : {
      "count" : 1,
      "max" : 1,
      "mean" : 1.0,
      "min" : 1,
      "p50" : 1.0,
      "p75" : 1.0,
      "p95" : 1.0,
      "p98" : 1.0,
      "p99" : 1.0,
      "p999" : 1.0,
      "values" : [ 1 ],
      "stddev" : 0.0
    },
    "vm.memory.pools.Compressed-Class-Space.used.history" : {
      "count" : 1,
      "max" : 10601688,
      "mean" : 1.0601688E7,
      "min" : 10601688,
      "p50" : 1.0601688E7,
      "p75" : 1.0601688E7,
      "p95" : 1.0601688E7,
      "p98" : 1.0601688E7,
      "p99" : 1.0601688E7,
      "p999" : 1.0601688E7,
      "values" : [ 10601688 ],
      "stddev" : 0.0
    },
    "vm.memory.pools.Compressed-Class-Space.used.window.15m" : {
      "count" : 1,
      "max" : 10601688,
      "mean" : 1.0601688E7,
      "min" : 10601688,
      "p50" : 1.0601688E7,
      "p75" : 1.0601688E7,
      "p95" : 1.0601688E7,
      "p98" : 1.0601688E7,
      "p99" : 1.0601688E7,
      "p999" : 1.0601688E7,
      "values" : [ 10601688 ],
      "stddev" : 0.0
    },
    "vm.memory.pools.Compressed-Class-Space.used.window.1h" : {
      "count" : 1,
      "max" : 10601688,
      "mean" : 1.0601688E7,
      "min" : 10601688,
      "p50" : 1.0601688E7,
      "p75" : 1.0601688E7,
      "p95" : 1.0601688E7,
      "p98" : 1.0601688E7,
      "p99" : 1.0601688E7,
      "p999" : 1.0601688E7,
      "values" : [ 10601688 ],
      "stddev" : 0.0
    },
    "vm.memory.pools.Compressed-Class-Space.used.window.5m" : {
      "count" : 1,
      "max" : 10601688,
      "mean" : 1.0601688E7,
      "min" : 10601688,
      "p50" : 1.0601688E7,
      "p75" : 1.0601688E7,
      "p95" : 1.0601688E7,
      "p98" : 1.0601688E7,
      "p99" : 1.0601688E7,
      "p999" : 1.0601688E7,
      "values" : [ 10601688 ],
      "stddev" : 0.0
    },
    "vm.memory.pools.Metaspace.committed.history" : {
      "count" : 1,
      "max" : 101081088,
      "mean" : 1.01081088E8,
      "min" : 101081088,
      "p50" : 1.01081088E8,
      "p75" : 1.01081088E8,
      "p95" : 1.01081088E8,
      "p98" : 1.01081088E8,
      "p99" : 1.01081088E8,
      "p999" : 1.01081088E8,
      "values" : [ 101081088 ],
      "stddev" : 0.0
    },
    "vm.memory.pools.Metaspace.committed.window.15m" : {
      "count" : 1,
      "max" : 101081088,
      "mean" : 1.01081088E8,
      "min" : 101081088,
      "p50" : 1.01081088E8,
      "p75" : 1.01081088E8,
      "p95" : 1.01081088E8,
      "p98" : 1.01081088E8,
      "p99" : 1.01081088E8,
      "p999" : 1.01081088E8,
      "values" : [ 101081088 ],
      "stddev" : 0.0
    },
    "vm.memory.pools.Metaspace.committed.window.1h" : {
      "count" : 1,
      "max" : 101081088,
      "mean" : 1.01081088E8,
      "min" : 101081088,
      "p50" : 1.01081088E8,
      "p75" : 1.01081088E8,
      "p95" : 1.01081088E8,
      "p98" : 1.01081088E8,
      "p99" : 1.01081088E8,
      "p999" : 1.01081088E8,
      "values" : [ 101081088 ],
      "stddev" : 0.0
    },
    "vm.memory.pools.Metaspace.committed.window.5m" : {
      "count" : 1,
      "max" : 101081088,
      "mean" : 1.01081088E8,
      "min" : 101081088,
      "p50" : 1.01081088E8,
      "p75" : 1.01081088E8,
      "p95" : 1.01081088E8,
      "p98" : 1.01081088E8,
      "p99" : 1.01081088E8,
      "p999" : 1.01081088E8,
      "values" : [ 101081088 ],
      "stddev" : 0.0
    },
    "vm.memory.pools.Metaspace.usage.x100.history" : {
      "count" : 1,
      "max" : 90,
      "mean" : 90.0,
      "min" : 90,
      "p50" : 90.0,
      "p75" : 90.0,
      "p95" : 90.0,
      "p98" : 90.0,
      "p99" : 90.0,
      "p999" : 90.0,
      "values" : [ 90 ],
      "stddev" : 0.0
    },
    "vm.memory.pools.Metaspace.usage.x100.window.15m" : {
      "count" : 1,
      "max" : 90,
      "mean" : 90.0,
      "min" : 90,
      "p50" : 90.0,
      "p75" : 90.0,
      "p95" : 90.0,
      "p98" : 90.0,
      "p99" : 90.0,
      "p999" : 90.0,
      "values" : [ 90 ],
      "stddev" : 0.0
    },
    "vm.memory.pools.Metaspace.usage.x100.window.1h" : {
      "count" : 1,
      "max" : 90,
      "mean" : 90.0,
      "min" : 90,
      "p50" : 90.0,
      "p75" : 90.0,
      "p95" : 90.0,
      "p98" : 90.0,
      "p99" : 90.0,
      "p999" : 90.0,
      "values" : [ 90 ],
      "stddev" : 0.0
    },
    "vm.memory.pools.Metaspace.usage.x100.window.5m" : {
      "count" : 1,
      "max" : 90,
      "mean" : 90.0,
      "min" : 90,
      "p50" : 90.0,
      "p75" : 90.0,
      "p95" : 90.0,
      "p98" : 90.0,
      "p99" : 90.0,
      "p999" : 90.0,
      "values" : [ 90 ],
      "stddev" : 0.0
    },
    "vm.memory.pools.Metaspace.used.history" : {
      "count" : 1,
      "max" : 91052368,
      "mean" : 9.1052368E7,
      "min" : 91052368,
      "p50" : 9.1052368E7,
      "p75" : 9.1052368E7,
      "p95" : 9.1052368E7,
      "p98" : 9.1052368E7,
      "p99" : 9.1052368E7,
      "p999" : 9.1052368E7,
      "values" : [ 91052368 ],
      "stddev" : 0.0
    },
    "vm.memory.pools.Metaspace.used.window.15m" : {
      "count" : 1,
      "max" : 91052368,
      "mean" : 9.1052368E7,
      "min" : 91052368,
      "p50" : 9.1052368E7,
      "p75" : 9.1052368E7,
      "p95" : 9.1052368E7,
      "p98" : 9.1052368E7,
      "p99" : 9.1052368E7,
      "p999" : 9.1052368E7,
      "values" : [ 91052368 ],
      "stddev" : 0.0
    },
    "vm.memory.pools.Metaspace.used.window.1h" : {
      "count" : 1,
      "max" : 91052368,
      "mean" : 9.1052368E7,
      "min" : 91052368,
      "p50" : 9.1052368E7,
      "p75" : 9.1052368E7,
      "p95" : 9.1052368E7,
      "p98" : 9.1052368E7,
      "p99" : 9.1052368E7,
      "p999" : 9.1052368E7,
      "values" : [ 91052368 ],
      "stddev" : 0.0
    },
    "vm.memory.pools.Metaspace.used.window.5m" : {
      "count" : 1,
      "max" : 91052368,
      "mean" : 9.1052368E7,
      "min" : 91052368,
      "p50" : 9.1052368E7,
      "p75" : 9.1052368E7,
      "p95" : 9.1052368E7,
      "p98" : 9.1052368E7,
      "p99" : 9.1052368E7,
      "p999" : 9.1052368E7,
      "values" : [ 91052368 ],
      "stddev" : 0.0
    },
    "vm.memory.pools.PS-Eden-Space.committed.history" : {
      "count" : 1,
      "max" : 279969792,
      "mean" : 2.79969792E8,
      "min" : 279969792,
      "p50" : 2.79969792E8,
      "p75" : 2.79969792E8,
      "p95" : 2.79969792E8,
      "p98" : 2.79969792E8,
      "p99" : 2.79969792E8,
      "p999" : 2.79969792E8,
      "values" : [ 279969792 ],
      "stddev" : 0.0
    },
    "vm.memory.pools.PS-Eden-Space.committed.window.15m" : {
      "count" : 1,
      "max" : 279969792,
      "mean" : 2.79969792E8,
      "min" : 279969792,
      "p50" : 2.79969792E8,
      "p75" : 2.79969792E8,
      "p95" : 2.79969792E8,
      "p98" : 2.79969792E8,
      "p99" : 2.79969792E8,
      "p999" : 2.79969792E8,
      "values" : [ 279969792 ],
      "stddev" : 0.0
    },
    "vm.memory.pools.PS-Eden-Space.committed.window.1h" : {
      "count" : 1,
      "max" : 279969792,
      "mean" : 2.79969792E8,
      "min" : 279969792,
      "p50" : 2.79969792E8,
      "p75" : 2.79969792E8,
      "p95" : 2.79969792E8,
      "p98" : 2.79969792E8,
      "p99" : 2.79969792E8,
      "p999" : 2.79969792E8,
      "values" : [ 279969792 ],
      "stddev" : 0.0
    },
    "vm.memory.pools.PS-Eden-Space.committed.window.5m" : {
      "count" : 1,
      "max" : 279969792,
      "mean" : 2.79969792E8,
      "min" : 279969792,
      "p50" : 2.79969792E8,
      "p75" : 2.79969792E8,
      "p95" : 2.79969792E8,
      "p98" : 2.79969792E8,
      "p99" : 2.79969792E8,
      "p999" : 2.79969792E8,
      "values" : [ 279969792 ],
      "stddev" : 0.0
    },
    "vm.memory.pools.PS-Eden-Space.usage.x100.history" : {
      "count" : 1,
      "max" : 2,
      "mean" : 2.0,
      "min" : 2,
      "p50" : 2.0,
      "p75" : 2.0,
      "p95" : 2.0,
      "p98" : 2.0,
      "p99" : 2.0,
      "p999" : 2.0,
      "values" : [ 2 ],
      "stddev" : 0.0
    },
    "vm.memory.pools.PS-Eden-Space.usage.x100.window.15m" : {
      "count" : 1,
      "max" : 2,
      "mean" : 2.0,
      "min" : 2,
      "p50" : 2.0,
      "p75" : 2.0,
      "p95" : 2.0,
      "p98" : 2.0,
      "p99" : 2.0,
      "p999" : 2.0,
      "values" : [ 2 ],
      "stddev" : 0.0
    },
    "vm.memory.pools.PS-Eden-Space.usage.x100.window.1h" : {
      "count" : 1,
      "max" : 2,
      "mean" : 2.0,
      "min" : 2,
      "p50" : 2.0,
      "p75" : 2.0,
      "p95" : 2.0,
      "p98" : 2.0,
      "p99" : 2.0,
      "p999" : 2.0,
      "values" : [ 2 ],
      "stddev" : 0.0
    },
    "vm.memory.pools.PS-Eden-Space.usage.x100.window.5m" : {
      "count" : 1,
      "max" : 2,
      "mean" : 2.0,
      "min" : 2,
      "p50" : 2.0,
      "p75" : 2.0,
      "p95" : 2.0,
      "p98" : 2.0,
      "p99" : 2.0,
      "p999" : 2.0,
      "values" : [ 2 ],
      "stddev" : 0.0
    },
    "vm.memory.pools.PS-Eden-Space.used.history" : {
      "count" : 1,
      "max" : 6266192,
      "mean" : 6266192.0,
      "min" : 6266192,
      "p50" : 6266192.0,
      "p75" : 6266192.0,
      "p95" : 6266192.0,
      "p98" : 6266192.0,
      "p99" : 6266192.0,
      "p999" : 6266192.0,
      "values" : [ 6266192 ],
      "stddev" : 0.0
    },
    "vm.memory.pools.PS-Eden-Space.used.window.15m" : {
      "count" : 1,
      "max" : 6266192,
      "mean" : 6266192.0,
      "min" : 6266192,
      "p50" : 6266192.0,
      "p75" : 6266192.0,
      "p95" : 6266192.0,
      "p98" : 6266192.0,
      "p99" : 6266192.0,
      "p999" : 6266192.0,
      "values" : [ 6266192 ],
      "stddev" : 0.0
    },
    "vm.memory.pools.PS-Eden-Space.used.window.1h" : {
      "count" : 1,
      "max" : 6266192,
      "mean" : 6266192.0,
      "min" : 6266192,
      "p50" : 6266192.0,
      "p75" : 6266192.0,
      "p95" : 6266192.0,
      "p98" : 6266192.0,
      "p99" : 6266192.0,
      "p999" : 6266192.0,
      "values" : [ 6266192 ],
      "stddev" : 0.0
    },
    "vm.memory.pools.PS-Eden-Space.used.window.5m" : {
      "count" : 1,
      "max" : 6266192,
      "mean" : 6266192.0,
      "min" : 6266192,
      "p50" : 6266192.0,
      "p75" : 6266192.0,
      "p95" : 6266192.0,
      "p98" : 6266192.0,
      "p99" : 6266192.0,
      "p999" : 6266192.0,
      "values" : [ 6266192 ],
      "stddev" : 0.0
    },
    "vm.memory.pools.PS-Old-Gen.committed.history" : {
      "count" : 1,
      "max" : 118489088,
      "mean" : 1.18489088E8,
      "min" : 118489088,
      "p50" : 1.18489088E8,
      "p75" : 1.18489088E8,
      "p95" : 1.18489088E8,
      "p98" : 1.18489088E8,
      "p99" : 1.18489088E8,
      "p999" : 1.18489088E8,
      "values" : [ 118489088 ],
      "stddev" : 0.0
    },
    "vm.memory.pools.PS-Old-Gen.committed.window.15m" : {
      "count" : 1,
      "max" : 118489088,
      "mean" : 1.18489088E8,
      "min" : 118489088,
      "p50" : 1.18489088E8,
      "p75" : 1.18489088E8,
      "p95" : 1.18489088E8,
      "p98" : 1.18489088E8,
      "p99" : 1.18489088E8,
      "p999" : 1.18489088E8,
      "values" : [ 118489088 ],
      "stddev" : 0.0
    },
    "vm.memory.pools.PS-Old-Gen.committed.window.1h" : {
      "count" : 1,
      "max" : 118489088,
      "mean" : 1.18489088E8,
      "min" : 118489088,
      "p50" : 1.18489088E8,
      "p75" : 1.18489088E8,
      "p95" : 1.18489088E8,
      "p98" : 1.18489088E8,
      "p99" : 1.18489088E8,
      "p999" : 1.18489088E8,
      "values" : [ 118489088 ],
      "stddev" : 0.0
    },
    "vm.memory.pools.PS-Old-Gen.committed.window.5m" : {
      "count" : 1,
      "max" : 118489088,
      "mean" : 1.18489088E8,
      "min" : 118489088,
      "p50" : 1.18489088E8,
      "p75" : 1.18489088E8,
      "p95" : 1.18489088E8,
      "p98" : 1.18489088E8,
      "p99" : 1.18489088E8,
      "p999" : 1.18489088E8,
      "values" : [ 118489088 ],
      "stddev" : 0.0
    },
    "vm.memory.pools.PS-Old-Gen.usage.x100.history" : {
      "count" : 1,
      "max" : 8,
      "mean" : 8.0,
      "min" : 8,
      "p50" : 8.0,
      "p75" : 8.0,
      "p95" : 8.0,
      "p98" : 8.0,
      "p99" : 8.0,
      "p999" : 8.0,
      "values" : [ 8 ],
      "stddev" : 0.0
    },
    "vm.memory.pools.PS-Old-Gen.usage.x100.window.15m" : {
      "count" : 1,
      "max" : 8,
      "mean" : 8.0,
      "min" : 8,
      "p50" : 8.0,
      "p75" : 8.0,
      "p95" : 8.0,
      "p98" : 8.0,
      "p99" : 8.0,
      "p999" : 8.0,
      "values" : [ 8 ],
      "stddev" : 0.0
    },
    "vm.memory.pools.PS-Old-Gen.usage.x100.window.1h" : {
      "count" : 1,
      "max" : 8,
      "mean" : 8.0,
      "min" : 8,
      "p50" : 8.0,
      "p75" : 8.0,
      "p95" : 8.0,
      "p98" : 8.0,
      "p99" : 8.0,
      "p999" : 8.0,
      "values" : [ 8 ],
      "stddev" : 0.0
    },
    "vm.memory.pools.PS-Old-Gen.usage.x100.window.5m" : {
      "count" : 1,
      "max" : 8,
      "mean" : 8.0,
      "min" : 8,
      "p50" : 8.0,
      "p75" : 8.0,
      "p95" : 8.0,
      "p98" : 8.0,
      "p99" : 8.0,
      "p999" : 8.0,
      "values" : [ 8 ],
      "stddev" : 0.0
    },
    "vm.memory.pools.PS-Old-Gen.used.history" : {
      "count" : 1,
      "max" : 52154048,
      "mean" : 5.2154048E7,
      "min" : 52154048,
      "p50" : 5.2154048E7,
      "p75" : 5.2154048E7,
      "p95" : 5.2154048E7,
      "p98" : 5.2154048E7,
      "p99" : 5.2154048E7,
      "p999" : 5.2154048E7,
      "values" : [ 52154048 ],
      "stddev" : 0.0
    },
    "vm.memory.pools.PS-Old-Gen.used.window.15m" : {
      "count" : 1,
      "max" : 52154048,
      "mean" : 5.2154048E7,
      "min" : 52154048,
      "p50" : 5.2154048E7,
      "p75" : 5.2154048E7,
      "p95" : 5.2154048E7,
      "p98" : 5.2154048E7,
      "p99" : 5.2154048E7,
      "p999" : 5.2154048E7,
      "values" : [ 52154048 ],
      "stddev" : 0.0
    },
    "vm.memory.pools.PS-Old-Gen.used.window.1h" : {
      "count" : 1,
      "max" : 52154048,
      "mean" : 5.2154048E7,
      "min" : 52154048,
      "p50" : 5.2154048E7,
      "p75" : 5.2154048E7,
      "p95" : 5.2154048E7,
      "p98" : 5.2154048E7,
      "p99" : 5.2154048E7,
      "p999" : 5.2154048E7,
      "values" : [ 52154048 ],
      "stddev" : 0.0
    },
    "vm.memory.pools.PS-Old-Gen.used.window.5m" : {
      "count" : 1,
      "max" : 52154048,
      "mean" : 5.2154048E7,
      "min" : 52154048,
      "p50" : 5.2154048E7,
      "p75" : 5.2154048E7,
      "p95" : 5.2154048E7,
      "p98" : 5.2154048E7,
      "p99" : 5.2154048E7,
      "p999" : 5.2154048E7,
      "values" : [ 52154048 ],
      "stddev" : 0.0
    },
    "vm.memory.pools.PS-Survivor-Space.committed.history" : {
      "count" : 1,
      "max" : 23068672,
      "mean" : 2.3068672E7,
      "min" : 23068672,
      "p50" : 2.3068672E7,
      "p75" : 2.3068672E7,
      "p95" : 2.3068672E7,
      "p98" : 2.3068672E7,
      "p99" : 2.3068672E7,
      "p999" : 2.3068672E7,
      "values" : [ 23068672 ],
      "stddev" : 0.0
    },
    "vm.memory.pools.PS-Survivor-Space.committed.window.15m" : {
      "count" : 1,
      "max" : 23068672,
      "mean" : 2.3068672E7,
      "min" : 23068672,
      "p50" : 2.3068672E7,
      "p75" : 2.3068672E7,
      "p95" : 2.3068672E7,
      "p98" : 2.3068672E7,
      "p99" : 2.3068672E7,
      "p999" : 2.3068672E7,
      "values" : [ 23068672 ],
      "stddev" : 0.0
    },
    "vm.memory.pools.PS-Survivor-Space.committed.window.1h" : {
      "count" : 1,
      "max" : 23068672,
      "mean" : 2.3068672E7,
      "min" : 23068672,
      "p50" : 2.3068672E7,
      "p75" : 2.3068672E7,
      "p95" : 2.3068672E7,
      "p98" : 2.3068672E7,
      "p99" : 2.3068672E7,
      "p999" : 2.3068672E7,
      "values" : [ 23068672 ],
      "stddev" : 0.0
    },
    "vm.memory.pools.PS-Survivor-Space.committed.window.5m" : {
      "count" : 1,
      "max" : 23068672,
      "mean" : 2.3068672E7,
      "min" : 23068672,
      "p50" : 2.3068672E7,
      "p75" : 2.3068672E7,
      "p95" : 2.3068672E7,
      "p98" : 2.3068672E7,
      "p99" : 2.3068672E7,
      "p999" : 2.3068672E7,
      "values" : [ 23068672 ],
      "stddev" : 0.0
    },
    "vm.memory.pools.PS-Survivor-Space.usage.x100.history" : {
      "count" : 1,
      "max" : 0,
      "mean" : 0.0,
      "min" : 0,
      "p50" : 0.0,
      "p75" : 0.0,
      "p95" : 0.0,
      "p98" : 0.0,
      "p99" : 0.0,
      "p999" : 0.0,
      "values" : [ 0 ],
      "stddev" : 0.0
    },
    "vm.memory.pools.PS-Survivor-Space.usage.x100.window.15m" : {
      "count" : 1,
      "max" : 0,
      "mean" : 0.0,
      "min" : 0,
      "p50" : 0.0,
      "p75" : 0.0,
      "p95" : 0.0,
      "p98" : 0.0,
      "p99" : 0.0,
      "p999" : 0.0,
      "values" : [ 0 ],
      "stddev" : 0.0
    },
    "vm.memory.pools.PS-Survivor-Space.usage.x100.window.1h" : {
      "count" : 1,
      "max" : 0,
      "mean" : 0.0,
      "min" : 0,
      "p50" : 0.0,
      "p75" : 0.0,
      "p95" : 0.0,
      "p98" : 0.0,
      "p99" : 0.0,
      "p999" : 0.0,
      "values" : [ 0 ],
      "stddev" : 0.0
    },
    "vm.memory.pools.PS-Survivor-Space.usage.x100.window.5m" : {
      "count" : 1,
      "max" : 0,
      "mean" : 0.0,
      "min" : 0,
      "p50" : 0.0,
      "p75" : 0.0,
      "p95" : 0.0,
      "p98" : 0.0,
      "p99" : 0.0,
      "p999" : 0.0,
      "values" : [ 0 ],
      "stddev" : 0.0
    },
    "vm.memory.pools.PS-Survivor-Space.used.history" : {
      "count" : 1,
      "max" : 0,
      "mean" : 0.0,
      "min" : 0,
      "p50" : 0.0,
      "p75" : 0.0,
      "p95" : 0.0,
      "p98" : 0.0,
      "p99" : 0.0,
      "p999" : 0.0,
      "values" : [ 0 ],
      "stddev" : 0.0
    },
    "vm.memory.pools.PS-Survivor-Space.used.window.15m" : {
      "count" : 1,
      "max" : 0,
      "mean" : 0.0,
      "min" : 0,
      "p50" : 0.0,
      "p75" : 0.0,
      "p95" : 0.0,
      "p98" : 0.0,
      "p99" : 0.0,
      "p999" : 0.0,
      "values" : [ 0 ],
      "stddev" : 0.0
    },
    "vm.memory.pools.PS-Survivor-Space.used.window.1h" : {
      "count" : 1,
      "max" : 0,
      "mean" : 0.0,
      "min" : 0,
      "p50" : 0.0,
      "p75" : 0.0,
      "p95" : 0.0,
      "p98" : 0.0,
      "p99" : 0.0,
      "p999" : 0.0,
      "values" : [ 0 ],
      "stddev" : 0.0
    },
    "vm.memory.pools.PS-Survivor-Space.used.window.5m" : {
      "count" : 1,
      "max" : 0,
      "mean" : 0.0,
      "min" : 0,
      "p50" : 0.0,
      "p75" : 0.0,
      "p95" : 0.0,
      "p98" : 0.0,
      "p99" : 0.0,
      "p999" : 0.0,
      "values" : [ 0 ],
      "stddev" : 0.0
    },
    "vm.memory.total.committed.history" : {
      "count" : 1,
      "max" : 552861696,
      "mean" : 5.52861696E8,
      "min" : 552861696,
      "p50" : 5.52861696E8,
      "p75" : 5.52861696E8,
      "p95" : 5.52861696E8,
      "p98" : 5.52861696E8,
      "p99" : 5.52861696E8,
      "p999" : 5.52861696E8,
      "values" : [ 552861696 ],
      "stddev" : 0.0
    },
    "vm.memory.total.committed.window.15m" : {
      "count" : 1,
      "max" : 552861696,
      "mean" : 5.52861696E8,
      "min" : 552861696,
      "p50" : 5.52861696E8,
      "p75" : 5.52861696E8,
      "p95" : 5.52861696E8,
      "p98" : 5.52861696E8,
      "p99" : 5.52861696E8,
      "p999" : 5.52861696E8,
      "values" : [ 552861696 ],
      "stddev" : 0.0
    },
    "vm.memory.total.committed.window.1h" : {
      "count" : 1,
      "max" : 552861696,
      "mean" : 5.52861696E8,
      "min" : 552861696,
      "p50" : 5.52861696E8,
      "p75" : 5.52861696E8,
      "p95" : 5.52861696E8,
      "p98" : 5.52861696E8,
      "p99" : 5.52861696E8,
      "p999" : 5.52861696E8,
      "values" : [ 552861696 ],
      "stddev" : 0.0
    },
    "vm.memory.total.committed.window.5m" : {
      "count" : 1,
      "max" : 552861696,
      "mean" : 5.52861696E8,
      "min" : 552861696,
      "p50" : 5.52861696E8,
      "p75" : 5.52861696E8,
      "p95" : 5.52861696E8,
      "p98" : 5.52861696E8,
      "p99" : 5.52861696E8,
      "p999" : 5.52861696E8,
      "values" : [ 552861696 ],
      "stddev" : 0.0
    },
    "vm.memory.total.used.history" : {
      "count" : 1,
      "max" : 176446840,
      "mean" : 1.7644684E8,
      "min" : 176446840,
      "p50" : 1.7644684E8,
      "p75" : 1.7644684E8,
      "p95" : 1.7644684E8,
      "p98" : 1.7644684E8,
      "p99" : 1.7644684E8,
      "p999" : 1.7644684E8,
      "values" : [ 176446840 ],
      "stddev" : 0.0
    },
    "vm.memory.total.used.window.15m" : {
      "count" : 1,
      "max" : 176446840,
      "mean" : 1.7644684E8,
      "min" : 176446840,
      "p50" : 1.7644684E8,
      "p75" : 1.7644684E8,
      "p95" : 1.7644684E8,
      "p98" : 1.7644684E8,
      "p99" : 1.7644684E8,
      "p999" : 1.7644684E8,
      "values" : [ 176446840 ],
      "stddev" : 0.0
    },
    "vm.memory.total.used.window.1h" : {
      "count" : 1,
      "max" : 176446840,
      "mean" : 1.7644684E8,
      "min" : 176446840,
      "p50" : 1.7644684E8,
      "p75" : 1.7644684E8,
      "p95" : 1.7644684E8,
      "p98" : 1.7644684E8,
      "p99" : 1.7644684E8,
      "p999" : 1.7644684E8,
      "values" : [ 176446840 ],
      "stddev" : 0.0
    },
    "vm.memory.total.used.window.5m" : {
      "count" : 1,
      "max" : 176446840,
      "mean" : 1.7644684E8,
      "min" : 176446840,
      "p50" : 1.7644684E8,
      "p75" : 1.7644684E8,
      "p95" : 1.7644684E8,
      "p98" : 1.7644684E8,
      "p99" : 1.7644684E8,
      "p999" : 1.7644684E8,
      "values" : [ 176446840 ],
      "stddev" : 0.0
    }
  },
  "meters" : {
    "http.responseCodes.badRequest" : {
      "count" : 0,
      "m15_rate" : 0.0,
      "m1_rate" : 0.0,
      "m5_rate" : 0.0,
      "mean_rate" : 0.0,
      "units" : "events/minute"
    },
    "http.responseCodes.created" : {
      "count" : 0,
      "m15_rate" : 0.0,
      "m1_rate" : 0.0,
      "m5_rate" : 0.0,
      "mean_rate" : 0.0,
      "units" : "events/minute"
    },
    "http.responseCodes.forbidden" : {
      "count" : 0,
      "m15_rate" : 0.0,
      "m1_rate" : 0.0,
      "m5_rate" : 0.0,
      "mean_rate" : 0.0,
      "units" : "events/minute"
    },
    "http.responseCodes.noContent" : {
      "count" : 0,
      "m15_rate" : 0.0,
      "m1_rate" : 0.0,
      "m5_rate" : 0.0,
      "mean_rate" : 0.0,
      "units" : "events/minute"
    },
    "http.responseCodes.notFound" : {
      "count" : 0,
      "m15_rate" : 0.0,
      "m1_rate" : 0.0,
      "m5_rate" : 0.0,
      "mean_rate" : 0.0,
      "units" : "events/minute"
    },
    "http.responseCodes.notModified" : {
      "count" : 0,
      "m15_rate" : 0.0,
      "m1_rate" : 0.0,
      "m5_rate" : 0.0,
      "mean_rate" : 0.0,
      "units" : "events/minute"
    },
    "http.responseCodes.ok" : {
      "count" : 0,
      "m15_rate" : 0.0,
      "m1_rate" : 0.0,
      "m5_rate" : 0.0,
      "mean_rate" : 0.0,
      "units" : "events/minute"
    },
    "http.responseCodes.other" : {
      "count" : 0,
      "m15_rate" : 0.0,
      "m1_rate" : 0.0,
      "m5_rate" : 0.0,
      "mean_rate" : 0.0,
      "units" : "events/minute"
    },
    "http.responseCodes.serverError" : {
      "count" : 0,
      "m15_rate" : 0.0,
      "m1_rate" : 0.0,
      "m5_rate" : 0.0,
      "mean_rate" : 0.0,
      "units" : "events/minute"
    },
    "http.responseCodes.serviceUnavailable" : {
      "count" : 1,
      "m15_rate" : 0.06538297604420337,
      "m1_rate" : 0.747233669971387,
      "m5_rate" : 0.18866927362915523,
      "mean_rate" : 1.8932599652696183,
      "units" : "events/minute"
    },
    "jenkins.job.scheduled" : {
      "count" : 0,
      "m15_rate" : 0.0,
      "m1_rate" : 0.0,
      "m5_rate" : 0.0,
      "mean_rate" : 0.0,
      "units" : "events/minute"
    },
    "jenkins.runs.aborted" : {
      "count" : 0,
      "m15_rate" : 0.0,
      "m1_rate" : 0.0,
      "m5_rate" : 0.0,
      "mean_rate" : 0.0,
      "units" : "events/minute"
    },
    "jenkins.runs.failure" : {
      "count" : 0,
      "m15_rate" : 0.0,
      "m1_rate" : 0.0,
      "m5_rate" : 0.0,
      "mean_rate" : 0.0,
      "units" : "events/minute"
    },
    "jenkins.runs.not_built" : {
      "count" : 0,
      "m15_rate" : 0.0,
      "m1_rate" : 0.0,
      "m5_rate" : 0.0,
      "mean_rate" : 0.0,
      "units" : "events/minute"
    },
    "jenkins.runs.success" : {
      "count" : 0,
      "m15_rate" : 0.0,
      "m1_rate" : 0.0,
      "m5_rate" : 0.0,
      "mean_rate" : 0.0,
      "units" : "events/minute"
    },
    "jenkins.runs.total" : {
      "count" : 0,
      "m15_rate" : 0.0,
      "m1_rate" : 0.0,
      "m5_rate" : 0.0,
      "mean_rate" : 0.0,
      "units" : "events/minute"
    },
    "jenkins.runs.unstable" : {
      "count" : 0,
      "m15_rate" : 0.0,
      "m1_rate" : 0.0,
      "m5_rate" : 0.0,
      "mean_rate" : 0.0,
      "units" : "events/minute"
    },
    "jenkins.task.scheduled" : {
      "count" : 0,
      "m15_rate" : 0.0,
      "m1_rate" : 0.0,
      "m5_rate" : 0.0,
      "mean_rate" : 0.0,
      "units" : "events/minute"
    }
  },
  "timers" : {
    "http.requests" : {
      "count" : 1,
      "max" : 6.261527951000001,
      "mean" : 6.261527951000001,
      "min" : 6.261527951000001,
      "p50" : 6.261527951000001,
      "p75" : 6.261527951000001,
      "p95" : 6.261527951000001,
      "p98" : 6.261527951000001,
      "p99" : 6.261527951000001,
      "p999" : 6.261527951000001,
      "values" : [ 6.261527951000001 ],
      "stddev" : 0.0,
      "m15_rate" : 0.06538297604420337,
      "m1_rate" : 0.747233669971387,
      "m5_rate" : 0.18866927362915523,
      "mean_rate" : 1.893621152195695,
      "duration_units" : "seconds",
      "rate_units" : "calls/minute"
    },
    "jenkins.health-check.duration" : {
      "count" : 1,
      "max" : 0.018269909,
      "mean" : 0.018269909,
      "min" : 0.018269909,
      "p50" : 0.018269909,
      "p75" : 0.018269909,
      "p95" : 0.018269909,
      "p98" : 0.018269909,
      "p99" : 0.018269909,
      "p999" : 0.018269909,
      "values" : [ 0.018269909 ],
      "stddev" : 0.0,
      "m15_rate" : 0.0,
      "m1_rate" : 0.0,
      "m5_rate" : 0.0,
      "mean_rate" : 3.5372190348681793,
      "duration_units" : "seconds",
      "rate_units" : "calls/minute"
    },
    "jenkins.job.blocked.duration" : {
      "count" : 0,
      "max" : 0.0,
      "mean" : 0.0,
      "min" : 0.0,
      "p50" : 0.0,
      "p75" : 0.0,
      "p95" : 0.0,
      "p98" : 0.0,
      "p99" : 0.0,
      "p999" : 0.0,
      "values" : [ ],
      "stddev" : 0.0,
      "m15_rate" : 0.0,
      "m1_rate" : 0.0,
      "m5_rate" : 0.0,
      "mean_rate" : 0.0,
      "duration_units" : "seconds",
      "rate_units" : "calls/minute"
    },
    "jenkins.job.buildable.duration" : {
      "count" : 0,
      "max" : 0.0,
      "mean" : 0.0,
      "min" : 0.0,
      "p50" : 0.0,
      "p75" : 0.0,
      "p95" : 0.0,
      "p98" : 0.0,
      "p99" : 0.0,
      "p999" : 0.0,
      "values" : [ ],
      "stddev" : 0.0,
      "m15_rate" : 0.0,
      "m1_rate" : 0.0,
      "m5_rate" : 0.0,
      "mean_rate" : 0.0,
      "duration_units" : "seconds",
      "rate_units" : "calls/minute"
    },
    "jenkins.job.building.duration" : {
      "count" : 0,
      "max" : 0.0,
      "mean" : 0.0,
      "min" : 0.0,
      "p50" : 0.0,
      "p75" : 0.0,
      "p95" : 0.0,
      "p98" : 0.0,
      "p99" : 0.0,
      "p999" : 0.0,
      "values" : [ ],
      "stddev" : 0.0,
      "m15_rate" : 0.0,
      "m1_rate" : 0.0,
      "m5_rate" : 0.0,
      "mean_rate" : 0.0,
      "duration_units" : "seconds",
      "rate_units" : "calls/minute"
    },
    "jenkins.job.execution.time" : {
      "count" : 0,
      "max" : 0.0,
      "mean" : 0.0,
      "min" : 0.0,
      "p50" : 0.0,
      "p75" : 0.0,
      "p95" : 0.0,
      "p98" : 0.0,
      "p99" : 0.0,
      "p999" : 0.0,
      "values" : [ ],
      "stddev" : 0.0,
      "m15_rate" : 0.0,
      "m1_rate" : 0.0,
      "m5_rate" : 0.0,
      "mean_rate" : 0.0,
      "duration_units" : "seconds",
      "rate_units" : "calls/minute"
    },
    "jenkins.job.queuing.duration" : {
      "count" : 0,
      "max" : 0.0,
      "mean" : 0.0,
      "min" : 0.0,
      "p50" : 0.0,
      "p75" : 0.0,
      "p95" : 0.0,
      "p98" : 0.0,
      "p99" : 0.0,
      "p999" : 0.0,
      "values" : [ ],
      "stddev" : 0.0,
      "m15_rate" : 0.0,
      "m1_rate" : 0.0,
      "m5_rate" : 0.0,
      "mean_rate" : 0.0,
      "duration_units" : "seconds",
      "rate_units" : "calls/minute"
    },
    "jenkins.job.total.duration" : {
      "count" : 0,
      "max" : 0.0,
      "mean" : 0.0,
      "min" : 0.0,
      "p50" : 0.0,
      "p75" : 0.0,
      "p95" : 0.0,
      "p98" : 0.0,
      "p99" : 0.0,
      "p999" : 0.0,
      "values" : [ ],
      "stddev" : 0.0,
      "m15_rate" : 0.0,
      "m1_rate" : 0.0,
      "m5_rate" : 0.0,
      "mean_rate" : 0.0,
      "duration_units" : "seconds",
      "rate_units" : "calls/minute"
    },
    "jenkins.job.waiting.duration" : {
      "count" : 0,
      "max" : 0.0,
      "mean" : 0.0,
      "min" : 0.0,
      "p50" : 0.0,
      "p75" : 0.0,
      "p95" : 0.0,
      "p98" : 0.0,
      "p99" : 0.0,
      "p999" : 0.0,
      "values" : [ ],
      "stddev" : 0.0,
      "m15_rate" : 0.0,
      "m1_rate" : 0.0,
      "m5_rate" : 0.0,
      "mean_rate" : 0.0,
      "duration_units" : "seconds",
      "rate_units" : "calls/minute"
    },
    "jenkins.node.python.builds" : {
      "count" : 0,
      "max" : 0.0,
      "mean" : 0.0,
      "min" : 0.0,
      "p50" : 0.0,
      "p75" : 0.0,
      "p95" : 0.0,
      "p98" : 0.0,
      "p99" : 0.0,
      "p999" : 0.0,
      "values" : [ ],
      "stddev" : 0.0,
      "m15_rate" : 0.0,
      "m1_rate" : 0.0,
      "m5_rate" : 0.0,
      "mean_rate" : 0.0,
      "duration_units" : "seconds",
      "rate_units" : "calls/minute"
    },
    "jenkins.task.blocked.duration" : {
      "count" : 0,
      "max" : 0.0,
      "mean" : 0.0,
      "min" : 0.0,
      "p50" : 0.0,
      "p75" : 0.0,
      "p95" : 0.0,
      "p98" : 0.0,
      "p99" : 0.0,
      "p999" : 0.0,
      "values" : [ ],
      "stddev" : 0.0,
      "m15_rate" : 0.0,
      "m1_rate" : 0.0,
      "m5_rate" : 0.0,
      "mean_rate" : 0.0,
      "duration_units" : "seconds",
      "rate_units" : "calls/minute"
    },
    "jenkins.task.buildable.duration" : {
      "count" : 0,
      "max" : 0.0,
      "mean" : 0.0,
      "min" : 0.0,
      "p50" : 0.0,
      "p75" : 0.0,
      "p95" : 0.0,
      "p98" : 0.0,
      "p99" : 0.0,
      "p999" : 0.0,
      "values" : [ ],
      "stddev" : 0.0,
      "m15_rate" : 0.0,
      "m1_rate" : 0.0,
      "m5_rate" : 0.0,
      "mean_rate" : 0.0,
      "duration_units" : "seconds",
      "rate_units" : "calls/minute"
    },
    "jenkins.task.execution.duration" : {
      "count" : 0,
      "max" : 0.0,
      "mean" : 0.0,
      "min" : 0.0,
      "p50" : 0.0,
      "p75" : 0.0,
      "p95" : 0.0,
      "p98" : 0.0,
      "p99" : 0.0,
      "p999" : 0.0,
      "values" : [ ],
      "stddev" : 0.0,
      "m15_rate" : 0.0,
      "m1_rate" : 0.0,
      "m5_rate" : 0.0,
      "mean_rate" : 0.0,
      "duration_units" : "seconds",
      "rate_units" : "calls/minute"
    },
    "jenkins.task.queuing.duration" : {
      "count" : 0,
      "max" : 0.0,
      "mean" : 0.0,
      "min" : 0.0,
      "p50" : 0.0,
      "p75" : 0.0,
      "p95" : 0.0,
      "p98" : 0.0,
      "p99" : 0.0,
      "p999" : 0.0,
      "values" : [ ],
      "stddev" : 0.0,
      "m15_rate" : 0.0,
      "m1_rate" : 0.0,
      "m5_rate" : 0.0,
      "mean_rate" : 0.0,
      "duration_units" : "seconds",
      "rate_units" : "calls/minute"
    },
    "jenkins.task.waiting.duration" : {
      "count" : 0,
      "max" : 0.0,
      "mean" : 0.0,
      "min" : 0.0,
      "p50" : 0.0,
      "p75" : 0.0,
      "p95" : 0.0,
      "p98" : 0.0,
      "p99" : 0.0,
      "p999" : 0.0,
      "values" : [ ],
      "stddev" : 0.0,
      "m15_rate" : 0.0,
      "m1_rate" : 0.0,
      "m5_rate" : 0.0,
      "mean_rate" : 0.0,
      "duration_units" : "seconds",
      "rate_units" : "calls/minute"
    }
  }
}