{
  "version" : "4.0.0",
  "gauges" : {
    "jenkins.executor.count.value" : {
      "value" : 3
    },
    "jenkins.executor.free.value" : {
      "value" : 3
    },
    "jenkins.executor.in-use.value" : {
      "value" : 0
    },
    "jenkins.health-check.count" : {
      "value" : 4
    },
    "jenkins.health-check.inverse-score" : {
      "value" : 0.0
    },
    "jenkins.health-check.score" : {
      "value" : 1.0
    },
    "jenkins.job.averageDepth" : {
      "value" : 1.0
    },
    "jenkins.job.count.value" : {
      "value" : 1
    },
    "jenkins.node.count.value" : {
      "value" : 2
    },
    "jenkins.node.offline.value" : {
      "value" : 0
    },
    "jenkins.node.online.value" : {
      "value" : 2
    },
    "jenkins.plugins.active" : {
      "value" : 119
    },
    "jenkins.plugins.failed" : {
      "value" : 0
    },
    "jenkins.plugins.inactive" : {
      "value" : 0
    },
    "jenkins.plugins.withUpdate" : {
      "value" : 64
    },
    "jenkins.project.count.value" : {
      "value" : 1
    },
    "jenkins.project.disabled.count.value" : {
      "value" : 0
    },
    "jenkins.project.enabled.count.value" : {
      "value" : 1
    },
    "jenkins.queue.blocked.value" : {
      "value" : 0
    },
    "jenkins.queue.buildable.value" : {
      "value" : 0
    },
    "jenkins.queue.pending.value" : {
      "value" : 0
    },
    "jenkins.queue.size.value" : {
      "value" : 0
    },
    "jenkins.queue.stuck.value" : {
      "value" : 0
    },
    "jenkins.versions.core" : {
      "value" : "2.150.3"
    },
    "jenkins.versions.plugin.ace-editor" : {
      "value" : "1.1"
    },
    "jenkins.versions.plugin.ant" : {
      "value" : "1.11"
    },
    "jenkins.versions.plugin.antisamy-markup-formatter" : {
      "value" : "2.0"
    },
    "jenkins.versions.plugin.apache-httpcomponents-client-4-api" : {
      "value" : "4.5.10-2.0"
    },
    "jenkins.versions.plugin.artifactory" : {
      "value" : "3.1.0"
    },
    "jenkins.versions.plugin.authentication-tokens" : {
      "value" : "1.3"
    },
    "jenkins.versions.plugin.blueocean" : {
      "value" : "1.10.1"
    },
    "jenkins.versions.plugin.blueocean-autofavorite" : {
      "value" : "1.2.2"
    },
    "jenkins.versions.plugin.blueocean-bitbucket-pipeline" : {
      "value" : "1.10.1"
    },
    "jenkins.versions.plugin.blueocean-commons" : {
      "value" : "1.10.1"
    },
    "jenkins.versions.plugin.blueocean-config" : {
      "value" : "1.10.1"
    },
    "jenkins.versions.plugin.blueocean-core-js" : {
      "value" : "1.10.1"
    },
    "jenkins.versions.plugin.blueocean-dashboard" : {
      "value" : "1.10.1"
    },
    "jenkins.versions.plugin.blueocean-display-url" : {
      "value" : "2.2.0"
    },
    "jenkins.versions.plugin.blueocean-events" : {
      "value" : "1.10.1"
    },
    "jenkins.versions.plugin.blueocean-git-pipeline" : {
      "value" : "1.10.1"
    },
    "jenkins.versions.plugin.blueocean-github-pipeline" : {
      "value" : "1.10.1"
    },
    "jenkins.versions.plugin.blueocean-i18n" : {
      "value" : "1.10.1"
    },
    "jenkins.versions.plugin.blueocean-jira" : {
      "value" : "1.10.1"
    },
    "jenkins.versions.plugin.blueocean-jwt" : {
      "value" : "1.10.1"
    },
    "jenkins.versions.plugin.blueocean-personalization" : {
      "value" : "1.10.1"
    },
    "jenkins.versions.plugin.blueocean-pipeline-api-impl" : {
      "value" : "1.10.1"
    },
    "jenkins.versions.plugin.blueocean-pipeline-editor" : {
      "value" : "1.10.1"
    },
    "jenkins.versions.plugin.blueocean-pipeline-scm-api" : {
      "value" : "1.10.1"
    },
    "jenkins.versions.plugin.blueocean-rest" : {
      "value" : "1.10.1"
    },
    "jenkins.versions.plugin.blueocean-rest-impl" : {
      "value" : "1.10.1"
    },
    "jenkins.versions.plugin.blueocean-web" : {
      "value" : "1.10.1"
    },
    "jenkins.versions.plugin.bouncycastle-api" : {
      "value" : "2.17"
    },
    "jenkins.versions.plugin.branch-api" : {
      "value" : "2.1.2"
    },
    "jenkins.versions.plugin.build-timeout" : {
      "value" : "1.19.1"
    },
    "jenkins.versions.plugin.cloudbees-bitbucket-branch-source" : {
      "value" : "2.4.0"
    },
    "jenkins.versions.plugin.cloudbees-folder" : {
      "value" : "6.11.1"
    },
    "jenkins.versions.plugin.command-launcher" : {
      "value" : "1.3"
    },
    "jenkins.versions.plugin.config-file-provider" : {
      "value" : "3.4.1"
    },
    "jenkins.versions.plugin.configuration-as-code" : {
      "value" : "1.36"
    },
    "jenkins.versions.plugin.credentials" : {
      "value" : "2.3.5"
    },
    "jenkins.versions.plugin.credentials-binding" : {
      "value" : "1.21"
    },
    "jenkins.versions.plugin.display-url-api" : {
      "value" : "2.3.2"
    },
    "jenkins.versions.plugin.docker-commons" : {
      "value" : "1.13"
    },
    "jenkins.versions.plugin.docker-workflow" : {
      "value" : "1.17"
    },
    "jenkins.versions.plugin.durable-task" : {
      "value" : "1.34"
    },
    "jenkins.versions.plugin.email-ext" : {
      "value" : "2.69"
    },
    "jenkins.versions.plugin.favorite" : {
      "value" : "2.3.2"
    },
    "jenkins.versions.plugin.git" : {
      "value" : "4.2.2"
    },
    "jenkins.versions.plugin.git-client" : {
      "value" : "3.2.1"
    },
    "jenkins.versions.plugin.git-server" : {
      "value" : "1.7"
    },
    "jenkins.versions.plugin.gitea" : {
      "value" : "1.0.8"
    },
    "jenkins.versions.plugin.github" : {
      "value" : "1.29.3"
    },
    "jenkins.versions.plugin.github-api" : {
      "value" : "1.106"
    },
    "jenkins.versions.plugin.github-branch-source" : {
      "value" : "2.6.0"
    },
    "jenkins.versions.plugin.gitlab-plugin" : {
      "value" : "1.5.11"
    },
    "jenkins.versions.plugin.gradle" : {
      "value" : "1.36"
    },
    "jenkins.versions.plugin.handlebars" : {
      "value" : "1.1.1"
    },
    "jenkins.versions.plugin.handy-uri-templates-2-api" : {
      "value" : "2.1.6-1.0"
    },
    "jenkins.versions.plugin.htmlpublisher" : {
      "value" : "1.17"
    },
    "jenkins.versions.plugin.ivy" : {
      "value" : "1.28"
    },
    "jenkins.versions.plugin.jackson2-api" : {
      "value" : "2.10.3"
    },
    "jenkins.versions.plugin.javadoc" : {
      "value" : "1.4"
    },
    "jenkins.versions.plugin.jdk-tool" : {
      "value" : "1.4"
    },
    "jenkins.versions.plugin.jenkins-design-language" : {
      "value" : "1.10.1"
    },
    "jenkins.versions.plugin.jira" : {
      "value" : "3.0.5"
    },
    "jenkins.versions.plugin.jquery-detached" : {
      "value" : "1.2.1"
    },
    "jenkins.versions.plugin.jsch" : {
      "value" : "0.1.55.1"
    },
    "jenkins.versions.plugin.junit" : {
      "value" : "1.26.1"
    },
    "jenkins.versions.plugin.jx-resources" : {
      "value" : "1.0.35"
    },
    "jenkins.versions.plugin.kubernetes" : {
      "value" : "1.14.3"
    },
    "jenkins.versions.plugin.kubernetes-credentials" : {
      "value" : "0.4.0"
    },
    "jenkins.versions.plugin.kubernetes-credentials-provider" : {
      "value" : "0.11"
    },
    "jenkins.versions.plugin.ldap" : {
      "value" : "1.21"
    },
    "jenkins.versions.plugin.localization-zh-cn" : {
      "value" : "0.0.11"
    },
    "jenkins.versions.plugin.lockable-resources" : {
      "value" : "2.3"
    },
    "jenkins.versions.plugin.mailer" : {
      "value" : "1.30"
    },
    "jenkins.versions.plugin.mapdb-api" : {
      "value" : "1.0.9.0"
    },
    "jenkins.versions.plugin.matrix-auth" : {
      "value" : "2.5"
    },
    "jenkins.versions.plugin.matrix-project" : {
      "value" : "1.14"
    },
    "jenkins.versions.plugin.maven-plugin" : {
      "value" : "3.2"
    },
    "jenkins.versions.plugin.mercurial" : {
      "value" : "2.4"
    },
    "jenkins.versions.plugin.metrics" : {
      "value" : "4.0.2.2"
    },
    "jenkins.versions.plugin.momentjs" : {
      "value" : "1.1.1"
    },
    "jenkins.versions.plugin.pam-auth" : {
      "value" : "1.6"
    },
    "jenkins.versions.plugin.pipeline-build-step" : {
      "value" : "2.7"
    },
    "jenkins.versions.plugin.pipeline-github-lib" : {
      "value" : "1.0"
    },
    "jenkins.versions.plugin.pipeline-graph-analysis" : {
      "value" : "1.9"
    },
    "jenkins.versions.plugin.pipeline-input-step" : {
      "value" : "2.9"
    },
    "jenkins.versions.plugin.pipeline-milestone-step" : {
      "value" : "1.3.1"
    },
    "jenkins.versions.plugin.pipeline-model-api" : {
      "value" : "1.3.4.1"
    },
    "jenkins.versions.plugin.pipeline-model-declarative-agent" : {
      "value" : "1.1.1"
    },
    "jenkins.versions.plugin.pipeline-model-definition" : {
      "value" : "1.3.4.1"
    },
    "jenkins.versions.plugin.pipeline-model-extensions" : {
      "value" : "1.3.4.1"
    },
    "jenkins.versions.plugin.pipeline-rest-api" : {
      "value" : "2.13"
    },
    "jenkins.versions.plugin.pipeline-stage-step" : {
      "value" : "2.3"
    },
    "jenkins.versions.plugin.pipeline-stage-tags-metadata" : {
      "value" : "1.3.4.1"
    },
    "jenkins.versions.plugin.pipeline-stage-view" : {
      "value" : "2.13"
    },
    "jenkins.versions.plugin.plain-credentials" : {
      "value" : "1.5"
    },
    "jenkins.versions.plugin.pubsub-light" : {
      "value" : "1.12"
    },
    "jenkins.versions.plugin.resource-disposer" : {
      "value" : "0.12"
    },
    "jenkins.versions.plugin.scm-api" : {
      "value" : "2.6.3"
    },
    "jenkins.versions.plugin.script-security" : {
      "value" : "1.71"
    },
    "jenkins.versions.plugin.sse-gateway" : {
      "value" : "1.17"
    },
    "jenkins.versions.plugin.ssh-credentials" : {
      "value" : "1.17.4"
    },
    "jenkins.versions.plugin.ssh-slaves" : {
      "value" : "1.30.4"
    },
    "jenkins.versions.plugin.structs" : {
      "value" : "1.20"
    },
    "jenkins.versions.plugin.subversion" : {
      "value" : "2.13.1"
    },
    "jenkins.versions.plugin.support-core" : {
      "value" : "2.54"
    },
    "jenkins.versions.plugin.timestamper" : {
      "value" : "1.11.2"
    },
    "jenkins.versions.plugin.token-macro" : {
      "value" : "2.12"
    },
    "jenkins.versions.plugin.variant" : {
      "value" : "1.1"
    },
    "jenkins.versions.plugin.workflow-aggregator" : {
      "value" : "2.6"
    },
    "jenkins.versions.plugin.workflow-api" : {
      "value" : "2.40"
    },
    "jenkins.versions.plugin.workflow-basic-steps" : {
      "value" : "2.19"
    },
    "jenkins.versions.plugin.workflow-cps" : {
      "value" : "2.80"
    },
    "jenkins.versions.plugin.workflow-cps-global-lib" : {
      "value" : "2.12"
    },
    "jenkins.versions.plugin.workflow-durable-task-step" : {
      "value" : "2.31"
    },
    "jenkins.versions.plugin.workflow-job" : {
      "value" : "2.37"
    },
    "jenkins.versions.plugin.workflow-multibranch" : {
      "value" : "2.20"
    },
    "jenkins.versions.plugin.workflow-scm-step" : {
      "value" : "2.10"
    },
    "jenkins.versions.plugin.workflow-step-api" : {
      "value" : "2.22"
    },
    "jenkins.versions.plugin.workflow-support" : {
      "value" : "3.4"
    },
    "jenkins.versions.plugin.ws-cleanup" : {
      "value" : "0.38"
    },
    "system.cpu.load" : {
      "value" : 1.72
    },
    "vm.blocked.count" : {
      "value" : 0
    },
    "vm.class.loaded" : {
      "value" : 16829
    },
    "vm.class.unloaded" : {
      "value" : 0
    },
    "vm.count" : {
      "value" : 89
    },
    "vm.cpu.load" : {
      "value" : 1.5412569474134246
    },
    "vm.daemon.count" : {
      "value" : 71
    },
    "vm.deadlock.count" : {
      "value" : 0
    },
    "vm.deadlocks" : {
      "value" : [ ]
    },
    "vm.file.descriptor.ratio" : {
      "value" : 7.20977783203125E-4
    },
    "vm.gc.PS-MarkSweep.count" : {
      "value" : 4
    },
    "vm.gc.PS-MarkSweep.time" : {
      "value" : 781
    },
    "vm.gc.PS-Scavenge.count" : {
      "value" : 77
    },
    "vm.gc.PS-Scavenge.time" : {
      "value" : 889
    },
    "vm.memory.heap.committed" : {
      "value" : 449839104
    },
    "vm.memory.heap.init" : {
      "value" : 62914560
    },
    "vm.memory.heap.max" : {
      "value" : 870842368
    },
    "vm.memory.heap.usage" : {
      "value" : 0.41011455244217054
    },
    "vm.memory.heap.used" : {
      "value" : 357145128
    },
    "vm.memory.non-heap.committed" : {
      "value" : 144465920
    },
    "vm.memory.non-heap.init" : {
      "value" : 2555904
    },
    "vm.memory.non-heap.max" : {
      "value" : -1
    },
    "vm.memory.non-heap.usage" : {
      "value" : -1.30873544E8
    },
    "vm.memory.non-heap.used" : {
      "value" : 130875056
    },
    "vm.memory.pools.Code-Cache.committed" : {
      "value" : 21823488
    },
    "vm.memory.pools.Code-Cache.init" : {
      "value" : 2555904
    },
    "vm.memory.pools.Code-Cache.max" : {
      "value" : 251658240
    },
    "vm.memory.pools.Code-Cache.usage" : {
      "value" : 0.08550160725911458
    },
    "vm.memory.pools.Code-Cache.used" : {
      "value" : 21517184
    },
    "vm.memory.pools.Compressed-Class-Space.committed" : {
      "value" : 14155776
    },
    "vm.memory.pools.Compressed-Class-Space.init" : {
      "value" : 0
    },
    "vm.memory.pools.Compressed-Class-Space.max" : {
      "value" : 1073741824
    },
    "vm.memory.pools.Compressed-Class-Space.usage" : {
      "value" : 0.010633595287799835
    },
    "vm.memory.pools.Compressed-Class-Space.used" : {
      "value" : 11417736
    },
    "vm.memory.pools.Metaspace.committed" : {
      "value" : 108486656
    },
    "vm.memory.pools.Metaspace.init" : {
      "value" : 0
    },
    "vm.memory.pools.Metaspace.max" : {
      "value" : -1
    },
    "vm.memory.pools.Metaspace.usage" : {
      "value" : 0.9028024976638601
    },
    "vm.memory.pools.Metaspace.used" : {
      "value" : 97942024
    },
    "vm.memory.pools.PS-Eden-Space.committed" : {
      "value" : 320864256
    },
    "vm.memory.pools.PS-Eden-Space.init" : {
      "value" : 15728640
    },
    "vm.memory.pools.PS-Eden-Space.max" : {
      "value" : 320864256
    },
    "vm.memory.pools.PS-Eden-Space.usage" : {
      "value" : 0.8455593882043377
    },
    "vm.memory.pools.PS-Eden-Space.used" : {
      "value" : 271309784
    },
    "vm.memory.pools.PS-Eden-Space.used-after-gc" : {
      "value" : 0
    },
    "vm.memory.pools.PS-Old-Gen.committed" : {
      "value" : 126877696
    },
    "vm.memory.pools.PS-Old-Gen.init" : {
      "value" : 41943040
    },
    "vm.memory.pools.PS-Old-Gen.max" : {
      "value" : 653262848
    },
    "vm.memory.pools.PS-Old-Gen.usage" : {
      "value" : 0.12823454487955208
    },
    "vm.memory.pools.PS-Old-Gen.used" : {
      "value" : 83770864
    },
    "vm.memory.pools.PS-Old-Gen.used-after-gc" : {
      "value" : 53544720
    },
    "vm.memory.pools.PS-Survivor-Space.committed" : {
      "value" : 2097152
    },
    "vm.memory.pools.PS-Survivor-Space.init" : {
      "value" : 2621440
    },
    "vm.memory.pools.PS-Survivor-Space.max" : {
      "value" : 2097152
    },
    "vm.memory.pools.PS-Survivor-Space.usage" : {
      "value" : 0.9844207763671875
    },
    "vm.memory.pools.PS-Survivor-Space.used" : {
      "value" : 2064480
    },
    "vm.memory.pools.PS-Survivor-Space.used-after-gc" : {
      "value" : 2064480
    },
    "vm.memory.total.committed" : {
      "value" : 594305024
    },
    "vm.memory.total.init" : {
      "value" : 65470464
    },
    "vm.memory.total.max" : {
      "value" : 870842367
    },
    "vm.memory.total.used" : {
      "value" : 488022264
    },
    "vm.new.count" : {
      "value" : 0
    },
    "vm.runnable.count" : {
      "value" : 11
    },
    "vm.terminated.count" : {
      "value" : 0
    },
    "vm.timed_waiting.count" : {
      "value" : 63
    },
    "vm.uptime.milliseconds" : {
      "value" : 42279
    },
    "vm.waiting.count" : {
      "value" : 15
    }
  },
  "counters" : {
    "http.activeRequests" : {
      "count" : 0
    }
  },
  "histograms" : {
    "jenkins.executor.count.history" : {
      "count" : 2,
      "max" : 3,
      "mean" : 2.55601389054462,
      "min" : 2,
      "p50" : 3.0,
      "p75" : 3.0,
      "p95" : 3.0,
      "p98" : 3.0,
      "p99" : 3.0,
      "p999" : 3.0,
      "values" : [ 2, 3 ],
      "stddev" : 0.496852537546157
    },
    "jenkins.executor.free.history" : {
      "count" : 2,
      "max" : 3,
      "mean" : 2.55601389054462,
      "min" : 2,
      "p50" : 3.0,
      "p75" : 3.0,
      "p95" : 3.0,
      "p98" : 3.0,
      "p99" : 3.0,
      "p999" : 3.0,
      "values" : [ 2, 3 ],
      "stddev" : 0.496852537546157
    },
    "jenkins.executor.in-use.history" : {
      "count" : 2,
      "max" : 0,
      "mean" : 0.0,
      "min" : 0,
      "p50" : 0.0,
      "p75" : 0.0,
      "p95" : 0.0,
      "p98" : 0.0,
      "p99" : 0.0,
      "p999" : 0.0,
      "values" : [ 0, 0 ],
      "stddev" : 0.0
    },
    "jenkins.job.count.history" : {
      "count" : 2,
      "max" : 1,
      "mean" : 1.0,
      "min" : 1,
      "p50" : 1.0,
      "p75" : 1.0,
      "p95" : 1.0,
      "p98" : 1.0,
      "p99" : 1.0,
      "p999" : 1.0,
      "values" : [ 1, 1 ],
      "stddev" : 0.0
    },
    "jenkins.node.count.history" : {
      "count" : 2,
      "max" : 2,
      "mean" : 2.0,
      "min" : 2,
      "p50" : 2.0,
      "p75" : 2.0,
      "p95" : 2.0,
      "p98" : 2.0,
      "p99" : 2.0,
      "p999" : 2.0,
      "values" : [ 2, 2 ],
      "stddev" : 0.0
    },
    "jenkins.node.offline.history" : {
      "count" : 2,
      "max" : 1,
      "mean" : 0.4439861094553801,
      "min" : 0,
      "p50" : 0.0,
      "p75" : 1.0,
      "p95" : 1.0,
      "p98" : 1.0,
      "p99" : 1.0,
      "p999" : 1.0,
      "values" : [ 0, 1 ],
      "stddev" : 0.496852537546157
    },
    "jenkins.node.online.history" : {
      "count" : 2,
      "max" : 2,
      "mean" : 1.55601389054462,
      "min" : 1,
      "p50" : 2.0,
      "p75" : 2.0,
      "p95" : 2.0,
      "p98" : 2.0,
      "p99" : 2.0,
      "p999" : 2.0,
      "values" : [ 1, 2 ],
      "stddev" : 0.496852537546157
    },
    "jenkins.project.count.history" : {
      "count" : 2,
      "max" : 1,
      "mean" : 1.0,
      "min" : 1,
      "p50" : 1.0,
      "p75" : 1.0,
      "p95" : 1.0,
      "p98" : 1.0,
      "p99" : 1.0,
      "p999" : 1.0,
      "values" : [ 1, 1 ],
      "stddev" : 0.0
    },
    "jenkins.project.disabled.count.history" : {
      "count" : 2,
      "max" : 0,
      "mean" : 0.0,
      "min" : 0,
      "p50" : 0.0,
      "p75" : 0.0,
      "p95" : 0.0,
      "p98" : 0.0,
      "p99" : 0.0,
      "p999" : 0.0,
      "values" : [ 0, 0 ],
      "stddev" : 0.0
    },
    "jenkins.project.enabled.count.history" : {
      "count" : 2,
      "max" : 1,
      "mean" : 1.0,
      "min" : 1,
      "p50" : 1.0,
      "p75" : 1.0,
      "p95" : 1.0,
      "p98" : 1.0,
      "p99" : 1.0,
      "p999" : 1.0,
      "values" : [ 1, 1 ],
      "stddev" : 0.0
    },
    "jenkins.queue.blocked.history" : {
      "count" : 2,
      "max" : 0,
      "mean" : 0.0,
      "min" : 0,
      "p50" : 0.0,
      "p75" : 0.0,
      "p95" : 0.0,
      "p98" : 0.0,
      "p99" : 0.0,
      "p999" : 0.0,
      "values" : [ 0, 0 ],
      "stddev" : 0.0
    },
    "jenkins.queue.buildable.history" : {
      "count" : 2,
      "max" : 0,
      "mean" : 0.0,
      "min" : 0,
      "p50" : 0.0,
      "p75" : 0.0,
      "p95" : 0.0,
      "p98" : 0.0,
      "p99" : 0.0,
      "p999" : 0.0,
      "values" : [ 0, 0 ],
      "stddev" : 0.0
    },
    "jenkins.queue.pending.history" : {
      "count" : 2,
      "max" : 0,
      "mean" : 0.0,
      "min" : 0,
      "p50" : 0.0,
      "p75" : 0.0,
      "p95" : 0.0,
      "p98" : 0.0,
      "p99" : 0.0,
      "p999" : 0.0,
      "values" : [ 0, 0 ],
      "stddev" : 0.0
    },
    "jenkins.queue.size.history" : {
      "count" : 2,
      "max" : 0,
      "mean" : 0.0,
      "min" : 0,
      "p50" : 0.0,
      "p75" : 0.0,
      "p95" : 0.0,
      "p98" : 0.0,
      "p99" : 0.0,
      "p999" : 0.0,
      "values" : [ 0, 0 ],
      "stddev" : 0.0
    },
    "jenkins.queue.stuck.history" : {
      "count" : 2,
      "max" : 0,
      "mean" : 0.0,
      "min" : 0,
      "p50" : 0.0,
      "p75" : 0.0,
      "p95" : 0.0,
      "p98" : 0.0,
      "p99" : 0.0,
      "p999" : 0.0,
      "values" : [ 0, 0 ],
      "stddev" : 0.0
    },
    "system.cpu.load.x100.history" : {
      "count" : 2,
      "max" : 144,
      "mean" : 140.89209723381234,
      "min" : 137,
      "p50" : 144.0,
      "p75" : 144.0,
      "p95" : 144.0,
      "p98" : 144.0,
      "p99" : 144.0,
      "p999" : 144.0,
      "values" : [ 137, 144 ],
      "stddev" : 3.477967762823099
    },
    "system.cpu.load.x100.window.15m" : {
      "count" : 2,
      "max" : 144,
      "mean" : 140.5,
      "min" : 137,
      "p50" : 140.5,
      "p75" : 144.0,
      "p95" : 144.0,
      "p98" : 144.0,
      "p99" : 144.0,
      "p999" : 144.0,
      "values" : [ 137, 144 ],
      "stddev" : 4.949747468305833
    },
    "system.cpu.load.x100.window.1h" : {
      "count" : 2,
      "max" : 144,
      "mean" : 140.5,
      "min" : 137,
      "p50" : 140.5,
      "p75" : 144.0,
      "p95" : 144.0,
      "p98" : 144.0,
      "p99" : 144.0,
      "p999" : 144.0,
      "values" : [ 137, 144 ],
      "stddev" : 4.949747468305833
    },
    "system.cpu.load.x100.window.5m" : {
      "count" : 2,
      "max" : 144,
      "mean" : 140.5,
      "min" : 137,
      "p50" : 140.5,
      "p75" : 144.0,
      "p95" : 144.0,
      "p98" : 144.0,
      "p99" : 144.0,
      "p999" : 144.0,
      "values" : [ 137, 144 ],
      "stddev" : 4.949747468305833
    },
    "vm.cpu.load.x100.history" : {
      "count" : 2,
      "max" : 169,
      "mean" : 120.07077763207346,
      "min" : 81,
      "p50" : 81.0,
      "p75" : 169.0,
      "p95" : 169.0,
      "p98" : 169.0,
      "p99" : 169.0,
      "p999" : 169.0,
      "values" : [ 81, 169 ],
      "stddev" : 43.72302330406181
    },
    "vm.cpu.load.x100.window.15m" : {
      "count" : 2,
      "max" : 169,
      "mean" : 125.0,
      "min" : 81,
      "p50" : 125.0,
      "p75" : 169.0,
      "p95" : 169.0,
      "p98" : 169.0,
      "p99" : 169.0,
      "p999" : 169.0,
      "values" : [ 81, 169 ],
      "stddev" : 62.22539674441618
    },
    "vm.cpu.load.x100.window.1h" : {
      "count" : 2,
      "max" : 169,
      "mean" : 125.0,
      "min" : 81,
      "p50" : 125.0,
      "p75" : 169.0,
      "p95" : 169.0,
      "p98" : 169.0,
      "p99" : 169.0,
      "p999" : 169.0,
      "values" : [ 81, 169 ],
      "stddev" : 62.22539674441618
    },
    "vm.cpu.load.x100.window.5m" : {
      "count" : 2,
      "max" : 169,
      "mean" : 125.0,
      "min" : 81,
      "p50" : 125.0,
      "p75" : 169.0,
      "p95" : 169.0,
      "p98" : 169.0,
      "p99" : 169.0,
      "p999" : 169.0,
      "values" : [ 81, 169 ],
      "stddev" : 62.22539674441618
    },
    "vm.file.descriptor.ratio.x100.history" : {
      "count" : 2,
      "max" : 0,
      "mean" : 0.0,
      "min" : 0,
      "p50" : 0.0,
      "p75" : 0.0,
      "p95" : 0.0,
      "p98" : 0.0,
      "p99" : 0.0,
      "p999" : 0.0,
      "values" : [ 0, 0 ],
      "stddev" : 0.0
    },
    "vm.file.descriptor.ratio.x100.window.15m" : {
      "count" : 2,
      "max" : 0,
      "mean" : 0.0,
      "min" : 0,
      "p50" : 0.0,
      "p75" : 0.0,
      "p95" : 0.0,
      "p98" : 0.0,
      "p99" : 0.0,
      "p999" : 0.0,
      "values" : [ 0, 0 ],
      "stddev" : 0.0
    },
    "vm.file.descriptor.ratio.x100.window.1h" : {
      "count" : 2,
      "max" : 0,
      "mean" : 0.0,
      "min" : 0,
      "p50" : 0.0,
      "p75" : 0.0,
      "p95" : 0.0,
      "p98" : 0.0,
      "p99" : 0.0,
      "p999" : 0.0,
      "values" : [ 0, 0 ],
      "stddev" : 0.0
    },
    "vm.file.descriptor.ratio.x100.window.5m" : {
      "count" : 2,
      "max" : 0,
      "mean" : 0.0,
      "min" : 0,
      "p50" : 0.0,
      "p75" : 0.0,
      "p95" : 0.0,
      "p98" : 0.0,
      "p99" : 0.0,
      "p999" : 0.0,
      "values" : [ 0, 0 ],
      "stddev" : 0.0
    },
    "vm.memory.heap.committed.history" : {
      "count" : 2,
      "max" : 448790528,
      "mean" : 4.169001352584825E8,
      "min" : 376963072,
      "p50" : 4.48790528E8,
      "p75" : 4.48790528E8,
      "p95" : 4.48790528E8,
      "p98" : 4.48790528E8,
      "p99" : 4.48790528E8,
      "p999" : 4.48790528E8,
      "values" : [ 376963072, 448790528 ],
      "stddev" : 3.5687653779084936E7
    },
    "vm.memory.heap.committed.window.15m" : {
      "count" : 2,
      "max" : 448790528,
      "mean" : 4.128768E8,
      "min" : 376963072,
      "p50" : 4.128768E8,
      "p75" : 4.48790528E8,
      "p95" : 4.48790528E8,
      "p98" : 4.48790528E8,
      "p99" : 4.48790528E8,
      "p999" : 4.48790528E8,
      "values" : [ 376963072, 448790528 ],
      "stddev" : 5.078968121297837E7
    },
    "vm.memory.heap.committed.window.1h" : {
      "count" : 2,
      "max" : 448790528,
      "mean" : 4.128768E8,
      "min" : 376963072,
      "p50" : 4.128768E8,
      "p75" : 4.48790528E8,
      "p95" : 4.48790528E8,
      "p98" : 4.48790528E8,
      "p99" : 4.48790528E8,
      "p999" : 4.48790528E8,
      "values" : [ 376963072, 448790528 ],
      "stddev" : 5.078968121297837E7
    },
    "vm.memory.heap.committed.window.5m" : {
      "count" : 2,
      "max" : 448790528,
      "mean" : 4.128768E8,
      "min" : 376963072,
      "p50" : 4.128768E8,
      "p75" : 4.48790528E8,
      "p95" : 4.48790528E8,
      "p98" : 4.48790528E8,
      "p99" : 4.48790528E8,
      "p999" : 4.48790528E8,
      "values" : [ 376963072, 448790528 ],
      "stddev" : 5.078968121297837E7
    },
    "vm.memory.heap.usage.x100.history" : {
      "count" : 2,
      "max" : 17,
      "mean" : 14.2199305472769,
      "min" : 12,
      "p50" : 12.0,
      "p75" : 17.0,
      "p95" : 17.0,
      "p98" : 17.0,
      "p99" : 17.0,
      "p999" : 17.0,
      "values" : [ 12, 17 ],
      "stddev" : 2.484262687730785
    },
    "vm.memory.heap.usage.x100.window.15m" : {
      "count" : 2,
      "max" : 17,
      "mean" : 14.5,
      "min" : 12,
      "p50" : 14.5,
      "p75" : 17.0,
      "p95" : 17.0,
      "p98" : 17.0,
      "p99" : 17.0,
      "p999" : 17.0,
      "values" : [ 12, 17 ],
      "stddev" : 3.5355339059327378
    },
    "vm.memory.heap.usage.x100.window.1h" : {
      "count" : 2,
      "max" : 17,
      "mean" : 14.5,
      "min" : 12,
      "p50" : 14.5,
      "p75" : 17.0,
      "p95" : 17.0,
      "p98" : 17.0,
      "p99" : 17.0,
      "p999" : 17.0,
      "values" : [ 12, 17 ],
      "stddev" : 3.5355339059327378
    },
    "vm.memory.heap.usage.x100.window.5m" : {
      "count" : 2,
      "max" : 17,
      "mean" : 14.5,
      "min" : 12,
      "p50" : 14.5,
      "p75" : 17.0,
      "p95" : 17.0,
      "p98" : 17.0,
      "p99" : 17.0,
      "p999" : 17.0,
      "values" : [ 12, 17 ],
      "stddev" : 3.5355339059327378
    },
    "vm.memory.heap.used.history" : {
      "count" : 2,
      "max" : 151825096,
      "mean" : 1.2420047105540442E8,
      "min" : 102141760,
      "p50" : 1.0214176E8,
      "p75" : 1.51825096E8,
      "p95" : 1.51825096E8,
      "p98" : 1.51825096E8,
      "p99" : 1.51825096E8,
      "p999" : 1.51825096E8,
      "values" : [ 102141760, 151825096 ],
      "stddev" : 2.4685291565358333E7
    },
    "vm.memory.heap.used.window.15m" : {
      "count" : 2,
      "max" : 151825096,
      "mean" : 1.26983428E8,
      "min" : 102141760,
      "p50" : 1.26983428E8,
      "p75" : 1.51825096E8,
      "p95" : 1.51825096E8,
      "p98" : 1.51825096E8,
      "p99" : 1.51825096E8,
      "p999" : 1.51825096E8,
      "values" : [ 102141760, 151825096 ],
      "stddev" : 3.513142379756972E7
    },
    "vm.memory.heap.used.window.1h" : {
      "count" : 2,
      "max" : 151825096,
      "mean" : 1.26983428E8,
      "min" : 102141760,
      "p50" : 1.26983428E8,
      "p75" : 1.51825096E8,
      "p95" : 1.51825096E8,
      "p98" : 1.51825096E8,
      "p99" : 1.51825096E8,
      "p999" : 1.51825096E8,
      "values" : [ 102141760, 151825096 ],
      "stddev" : 3.513142379756972E7
    },
    "vm.memory.heap.used.window.5m" : {
      "count" : 2,
      "max" : 151825096,
      "mean" : 1.26983428E8,
      "min" : 102141760,
      "p50" : 1.26983428E8,
      "p75" : 1.51825096E8,
      "p95" : 1.51825096E8,
      "p98" : 1.51825096E8,
      "p99" : 1.51825096E8,
      "p999" : 1.51825096E8,
      "values" : [ 102141760, 151825096 ],
      "stddev" : 3.513142379756972E7
    },
    "vm.memory.non-heap.committed.history" : {
      "count" : 2,
      "max" : 139550720,
      "mean" : 1.3425505259219325E8,
      "min" : 127623168,
      "p50" : 1.3955072E8,
      "p75" : 1.3955072E8,
      "p95" : 1.3955072E8,
      "p98" : 1.3955072E8,
      "p99" : 1.3955072E8,
      "p999" : 1.3955072E8,
      "values" : [ 127623168, 139550720 ],
      "stddev" : 5926234.47791374
    },
    "vm.memory.non-heap.committed.window.15m" : {
      "count" : 2,
      "max" : 139550720,
      "mean" : 1.33586944E8,
      "min" : 127623168,
      "p50" : 1.33586944E8,
      "p75" : 1.3955072E8,
      "p95" : 1.3955072E8,
      "p98" : 1.3955072E8,
      "p99" : 1.3955072E8,
      "p999" : 1.3955072E8,
      "values" : [ 127623168, 139550720 ],
      "stddev" : 8434052.902155166
    },
    "vm.memory.non-heap.committed.window.1h" : {
      "count" : 2,
      "max" : 139550720,
      "mean" : 1.33586944E8,
      "min" : 127623168,
      "p50" : 1.33586944E8,
      "p75" : 1.3955072E8,
      "p95" : 1.3955072E8,
      "p98" : 1.3955072E8,
      "p99" : 1.3955072E8,
      "p999" : 1.3955072E8,
      "values" : [ 127623168, 139550720 ],
      "stddev" : 8434052.902155166
    },
    "vm.memory.non-heap.committed.window.5m" : {
      "count" : 2,
      "max" : 139550720,
      "mean" : 1.33586944E8,
      "min" : 127623168,
      "p50" : 1.33586944E8,
      "p75" : 1.3955072E8,
      "p95" : 1.3955072E8,
      "p98" : 1.3955072E8,
      "p99" : 1.3955072E8,
      "p999" : 1.3955072E8,
      "values" : [ 127623168, 139550720 ],
      "stddev" : 8434052.902155166
    },
    "vm.memory.non-heap.usage.x100.history" : {
      "count" : 2,
      "max" : -11500584800,
      "mean" : -1.2128588700225662E10,
      "min" : -12630060000,
      "p50" : -1.263006E10,
      "p75" : -1.15005848E10,
      "p95" : -1.15005848E10,
      "p98" : -1.15005848E10,
      "p99" : -1.15005848E10,
      "p999" : -1.15005848E10,
      "values" : [ -12630060000, -11500584800 ],
      "stddev" : 5.611826192154531E8
    },
    "vm.memory.non-heap.usage.x100.window.15m" : {
      "count" : 2,
      "max" : -11500584800,
      "mean" : -1.20653224E10,
      "min" : -12630060000,
      "p50" : -1.20653224E10,
      "p75" : -1.15005848E10,
      "p95" : -1.15005848E10,
      "p98" : -1.15005848E10,
      "p99" : -1.15005848E10,
      "p999" : -1.15005848E10,
      "values" : [ -12630060000, -11500584800 ],
      "stddev" : 7.98659573102032E8
    },
    "vm.memory.non-heap.usage.x100.window.1h" : {
      "count" : 2,
      "max" : -11500584800,
      "mean" : -1.20653224E10,
      "min" : -12630060000,
      "p50" : -1.20653224E10,
      "p75" : -1.15005848E10,
      "p95" : -1.15005848E10,
      "p98" : -1.15005848E10,
      "p99" : -1.15005848E10,
      "p999" : -1.15005848E10,
      "values" : [ -12630060000, -11500584800 ],
      "stddev" : 7.98659573102032E8
    },
    "vm.memory.non-heap.usage.x100.window.5m" : {
      "count" : 2,
      "max" : -11500584800,
      "mean" : -1.20653224E10,
      "min" : -12630060000,
      "p50" : -1.20653224E10,
      "p75" : -1.15005848E10,
      "p95" : -1.15005848E10,
      "p98" : -1.15005848E10,
      "p99" : -1.15005848E10,
      "p999" : -1.15005848E10,
      "values" : [ -12630060000, -11500584800 ],
      "stddev" : 7.98659573102032E8
    },
    "vm.memory.non-heap.used.history" : {
      "count" : 2,
      "max" : 126300600,
      "mean" : 1.2128591541736764E8,
      "min" : 115005912,
      "p50" : 1.263006E8,
      "p75" : 1.263006E8,
      "p95" : 1.263006E8,
      "p98" : 1.263006E8,
      "p99" : 1.263006E8,
      "p999" : 1.263006E8,
      "values" : [ 115005912, 126300600 ],
      "stddev" : 5611794.3935921285
    },
    "vm.memory.non-heap.used.window.15m" : {
      "count" : 2,
      "max" : 126306808,
      "mean" : 1.2065636E8,
      "min" : 115005912,
      "p50" : 1.2065636E8,
      "p75" : 1.26306808E8,
      "p95" : 1.26306808E8,
      "p98" : 1.26306808E8,
      "p99" : 1.26306808E8,
      "p999" : 1.26306808E8,
      "values" : [ 115005912, 126306808 ],
      "stddev" : 7990940.19508393
    },
    "vm.memory.non-heap.used.window.1h" : {
      "count" : 2,
      "max" : 126306808,
      "mean" : 1.2065636E8,
      "min" : 115005912,
      "p50" : 1.2065636E8,
      "p75" : 1.26306808E8,
      "p95" : 1.26306808E8,
      "p98" : 1.26306808E8,
      "p99" : 1.26306808E8,
      "p999" : 1.26306808E8,
      "values" : [ 115005912, 126306808 ],
      "stddev" : 7990940.19508393
    },
    "vm.memory.non-heap.used.window.5m" : {
      "count" : 2,
      "max" : 126306808,
      "mean" : 1.2065636E8,
      "min" : 115005912,
      "p50" : 1.2065636E8,
      "p75" : 1.26306808E8,
      "p95" : 1.26306808E8,
      "p98" : 1.26306808E8,
      "p99" : 1.26306808E8,
      "p999" : 1.26306808E8,
      "values" : [ 115005912, 126306808 ],
      "stddev" : 7990940.19508393
    },
    "vm.memory.pools.Code-Cache.committed.history" : {
      "count" : 2,
      "max" : 20054016,
      "mean" : 1.82499974325054E7,
      "min" : 15990784,
      "p50" : 2.0054016E7,
      "p75" : 2.0054016E7,
      "p95" : 2.0054016E7,
      "p98" : 2.0054016E7,
      "p99" : 2.0054016E7,
      "p999" : 2.0054016E7,
      "values" : [ 15990784, 20054016 ],
      "stddev" : 2018827.1298387465
    },
    "vm.memory.pools.Code-Cache.committed.window.15m" : {
      "count" : 2,
      "max" : 20054016,
      "mean" : 1.80224E7,
      "min" : 15990784,
      "p50" : 1.80224E7,
      "p75" : 2.0054016E7,
      "p95" : 2.0054016E7,
      "p98" : 2.0054016E7,
      "p99" : 2.0054016E7,
      "p999" : 2.0054016E7,
      "values" : [ 15990784, 20054016 ],
      "stddev" : 2873138.900734178
    },
    "vm.memory.pools.Code-Cache.committed.window.1h" : {
      "count" : 2,
      "max" : 20054016,
      "mean" : 1.80224E7,
      "min" : 15990784,
      "p50" : 1.80224E7,
      "p75" : 2.0054016E7,
      "p95" : 2.0054016E7,
      "p98" : 2.0054016E7,
      "p99" : 2.0054016E7,
      "p999" : 2.0054016E7,
      "values" : [ 15990784, 20054016 ],
      "stddev" : 2873138.900734178
    },
    "vm.memory.pools.Code-Cache.committed.window.5m" : {
      "count" : 2,
      "max" : 20054016,
      "mean" : 1.80224E7,
      "min" : 15990784,
      "p50" : 1.80224E7,
      "p75" : 2.0054016E7,
      "p95" : 2.0054016E7,
      "p98" : 2.0054016E7,
      "p99" : 2.0054016E7,
      "p999" : 2.0054016E7,
      "values" : [ 15990784, 20054016 ],
      "stddev" : 2873138.900734178
    },
    "vm.memory.pools.Code-Cache.usage.x100.history" : {
      "count" : 2,
      "max" : 8,
      "mean" : 7.11202778108924,
      "min" : 6,
      "p50" : 8.0,
      "p75" : 8.0,
      "p95" : 8.0,
      "p98" : 8.0,
      "p99" : 8.0,
      "p999" : 8.0,
      "values" : [ 6, 8 ],
      "stddev" : 0.993705075092314
    },
    "vm.memory.pools.Code-Cache.usage.x100.window.15m" : {
      "count" : 2,
      "max" : 8,
      "mean" : 7.0,
      "min" : 6,
      "p50" : 7.0,
      "p75" : 8.0,
      "p95" : 8.0,
      "p98" : 8.0,
      "p99" : 8.0,
      "p999" : 8.0,
      "values" : [ 6, 8 ],
      "stddev" : 1.4142135623730951
    },
    "vm.memory.pools.Code-Cache.usage.x100.window.1h" : {
      "count" : 2,
      "max" : 8,
      "mean" : 7.0,
      "min" : 6,
      "p50" : 7.0,
      "p75" : 8.0,
      "p95" : 8.0,
      "p98" : 8.0,
      "p99" : 8.0,
      "p999" : 8.0,
      "values" : [ 6, 8 ],
      "stddev" : 1.4142135623730951
    },
    "vm.memory.pools.Code-Cache.usage.x100.window.5m" : {
      "count" : 2,
      "max" : 8,
      "mean" : 7.0,
      "min" : 6,
      "p50" : 7.0,
      "p75" : 8.0,
      "p95" : 8.0,
      "p98" : 8.0,
      "p99" : 8.0,
      "p999" : 8.0,
      "values" : [ 6, 8 ],
      "stddev" : 1.4142135623730951
    },
    "vm.memory.pools.Code-Cache.used.history" : {
      "count" : 2,
      "max" : 19890112,
      "mean" : 1.8109677974639665E7,
      "min" : 15880000,
      "p50" : 1.9890112E7,
      "p75" : 1.9890112E7,
      "p95" : 1.9890112E7,
      "p98" : 1.9890112E7,
      "p99" : 1.9890112E7,
      "p999" : 1.9890112E7,
      "values" : [ 15880000, 19890112 ],
      "stddev" : 1992434.3230442947
    },
    "vm.memory.pools.Code-Cache.used.window.15m" : {
      "count" : 2,
      "max" : 19890112,
      "mean" : 1.7885056E7,
      "min" : 15880000,
      "p50" : 1.7885056E7,
      "p75" : 1.9890112E7,
      "p95" : 1.9890112E7,
      "p98" : 1.9890112E7,
      "p99" : 1.9890112E7,
      "p999" : 1.9890112E7,
      "values" : [ 15880000, 19890112 ],
      "stddev" : 2835577.3885175483
    },
    "vm.memory.pools.Code-Cache.used.window.1h" : {
      "count" : 2,
      "max" : 19890112,
      "mean" : 1.7885056E7,
      "min" : 15880000,
      "p50" : 1.7885056E7,
      "p75" : 1.9890112E7,
      "p95" : 1.9890112E7,
      "p98" : 1.9890112E7,
      "p99" : 1.9890112E7,
      "p999" : 1.9890112E7,
      "values" : [ 15880000, 19890112 ],
      "stddev" : 2835577.3885175483
    },
    "vm.memory.pools.Code-Cache.used.window.5m" : {
      "count" : 2,
      "max" : 19890112,
      "mean" : 1.7885056E7,
      "min" : 15880000,
      "p50" : 1.7885056E7,
      "p75" : 1.9890112E7,
      "p95" : 1.9890112E7,
      "p98" : 1.9890112E7,
      "p99" : 1.9890112E7,
      "p999" : 1.9890112E7,
      "values" : [ 15880000, 19890112 ],
      "stddev" : 2835577.3885175483
    },
    "vm.memory.pools.Compressed-Class-Space.committed.history" : {
      "count" : 2,
      "max" : 13762560,
      "mean" : 1.335520096863025E7,
      "min" : 12845056,
      "p50" : 1.376256E7,
      "p75" : 1.376256E7,
      "p95" : 1.376256E7,
      "p98" : 1.376256E7,
      "p99" : 1.376256E7,
      "p999" : 1.376256E7,
      "values" : [ 12845056, 13762560 ],
      "stddev" : 455864.1906087492
    },
    "vm.memory.pools.Compressed-Class-Space.committed.window.15m" : {
      "count" : 2,
      "max" : 13762560,
      "mean" : 1.3303808E7,
      "min" : 12845056,
      "p50" : 1.3303808E7,
      "p75" : 1.376256E7,
      "p95" : 1.376256E7,
      "p98" : 1.376256E7,
      "p99" : 1.376256E7,
      "p999" : 1.376256E7,
      "values" : [ 12845056, 13762560 ],
      "stddev" : 648773.3001657821
    },
    "vm.memory.pools.Compressed-Class-Space.committed.window.1h" : {
      "count" : 2,
      "max" : 13762560,
      "mean" : 1.3303808E7,
      "min" : 12845056,
      "p50" : 1.3303808E7,
      "p75" : 1.376256E7,
      "p95" : 1.376256E7,
      "p98" : 1.376256E7,
      "p99" : 1.376256E7,
      "p999" : 1.376256E7,
      "values" : [ 12845056, 13762560 ],
      "stddev" : 648773.3001657821
    },
    "vm.memory.pools.Compressed-Class-Space.committed.window.5m" : {
      "count" : 2,
      "max" : 13762560,
      "mean" : 1.3303808E7,
      "min" : 12845056,
      "p50" : 1.3303808E7,
      "p75" : 1.376256E7,
      "p95" : 1.376256E7,
      "p98" : 1.376256E7,
      "p99" : 1.376256E7,
      "p999" : 1.376256E7,
      "values" : [ 12845056, 13762560 ],
      "stddev" : 648773.3001657821
    },
    "vm.memory.pools.Compressed-Class-Space.usage.x100.history" : {
      "count" : 2,
      "max" : 1,
      "mean" : 1.0,
      "min" : 1,
      "p50" : 1.0,
      "p75" : 1.0,
      "p95" : 1.0,
      "p98" : 1.0,
      "p99" : 1.0,
      "p999" : 1.0,
      "values" : [ 1, 1 ],
      "stddev" : 0.0
    },
    "vm.memory.pools.Compressed-Class-Space.usage.x100.window.15m" : {
      "count" : 2,
      "max" : 1,
      "mean" : 1.0,
      "min" : 1,
      "p50" : 1.0,
      "p75" : 1.0,
      "p95" : 1.0,
      "p98" : 1.0,
      "p99" : 1.0,
      "p999" : 1.0,
      "values" : [ 1, 1 ],
      "stddev" : 0.0
    },
    "vm.memory.pools.Compressed-Class-Space.usage.x100.window.1h" : {
      "count" : 2,
      "max" : 1,
      "mean" : 1.0,
      "min" : 1,
      "p50" : 1.0,
      "p75" : 1.0,
      "p95" : 1.0,
      "p98" : 1.0,
      "p99" : 1.0,
      "p999" : 1.0,
      "values" : [ 1, 1 ],
      "stddev" : 0.0
    },
    "vm.memory.pools.Compressed-Class-Space.usage.x100.window.5m" : {
      "count" : 2,
      "max" : 1,
      "mean" : 1.0,
      "min" : 1,
      "p50" : 1.0,
      "p75" : 1.0,
      "p95" : 1.0,
      "p98" : 1.0,
      "p99" : 1.0,
      "p999" : 1.0,
      "values" : [ 1, 1 ],
      "stddev" : 0.0
    },
    "vm.memory.pools.Compressed-Class-Space.used.history" : {
      "count" : 2,
      "max" : 11098920,
      "mean" : 1.0731342124037452E7,
      "min" : 10271016,
      "p50" : 1.109892E7,
      "p75" : 1.109892E7,
      "p95" : 1.109892E7,
      "p98" : 1.109892E7,
      "p99" : 1.109892E7,
      "p999" : 1.109892E7,
      "values" : [ 10271016, 11098920 ],
      "stddev" : 411346.20324461354
    },
    "vm.memory.pools.Compressed-Class-Space.used.window.15m" : {
      "count" : 2,
      "max" : 11098920,
      "mean" : 1.0684968E7,
      "min" : 10271016,
      "p50" : 1.0684968E7,
      "p75" : 1.109892E7,
      "p95" : 1.109892E7,
      "p98" : 1.109892E7,
      "p99" : 1.109892E7,
      "p999" : 1.109892E7,
      "values" : [ 10271016, 11098920 ],
      "stddev" : 585416.5325714675
    },
    "vm.memory.pools.Compressed-Class-Space.used.window.1h" : {
      "count" : 2,
      "max" : 11098920,
      "mean" : 1.0684968E7,
      "min" : 10271016,
      "p50" : 1.0684968E7,
      "p75" : 1.109892E7,
      "p95" : 1.109892E7,
      "p98" : 1.109892E7,
      "p99" : 1.109892E7,
      "p999" : 1.109892E7,
      "values" : [ 10271016, 11098920 ],
      "stddev" : 585416.5325714675
    },
    "vm.memory.pools.Compressed-Class-Space.used.window.5m" : {
      "count" : 2,
      "max" : 11098920,
      "mean" : 1.0684968E7,
      "min" : 10271016,
      "p50" : 1.0684968E7,
      "p75" : 1.109892E7,
      "p95" : 1.109892E7,
      "p98" : 1.109892E7,
      "p99" : 1.109892E7,
      "p999" : 1.109892E7,
      "values" : [ 10271016, 11098920 ],
      "stddev" : 585416.5325714675
    },
    "vm.memory.pools.Metaspace.committed.history" : {
      "count" : 2,
      "max" : 105734144,
      "mean" : 1.0264985419105762E8,
      "min" : 98787328,
      "p50" : 1.05734144E8,
      "p75" : 1.05734144E8,
      "p95" : 1.05734144E8,
      "p98" : 1.05734144E8,
      "p99" : 1.05734144E8,
      "p999" : 1.05734144E8,
      "values" : [ 98787328, 105734144 ],
      "stddev" : 3451543.1574662444
    },
    "vm.memory.pools.Metaspace.committed.window.15m" : {
      "count" : 2,
      "max" : 105734144,
      "mean" : 1.02260736E8,
      "min" : 98787328,
      "p50" : 1.02260736E8,
      "p75" : 1.05734144E8,
      "p95" : 1.05734144E8,
      "p98" : 1.05734144E8,
      "p99" : 1.05734144E8,
      "p999" : 1.05734144E8,
      "values" : [ 98787328, 105734144 ],
      "stddev" : 4912140.701255207
    },
    "vm.memory.pools.Metaspace.committed.window.1h" : {
      "count" : 2,
      "max" : 105734144,
      "mean" : 1.02260736E8,
      "min" : 98787328,
      "p50" : 1.02260736E8,
      "p75" : 1.05734144E8,
      "p95" : 1.05734144E8,
      "p98" : 1.05734144E8,
      "p99" : 1.05734144E8,
      "p999" : 1.05734144E8,
      "values" : [ 98787328, 105734144 ],
      "stddev" : 4912140.701255207
    },
    "vm.memory.pools.Metaspace.committed.window.5m" : {
      "count" : 2,
      "max" : 105734144,
      "mean" : 1.02260736E8,
      "min" : 98787328,
      "p50" : 1.02260736E8,
      "p75" : 1.05734144E8,
      "p95" : 1.05734144E8,
      "p98" : 1.05734144E8,
      "p99" : 1.05734144E8,
      "p999" : 1.05734144E8,
      "values" : [ 98787328, 105734144 ],
      "stddev" : 4912140.701255207
    },
    "vm.memory.pools.Metaspace.usage.x100.history" : {
      "count" : 2,
      "max" : 90,
      "mean" : 90.0,
      "min" : 90,
      "p50" : 90.0,
      "p75" : 90.0,
      "p95" : 90.0,
      "p98" : 90.0,
      "p99" : 90.0,
      "p999" : 90.0,
      "values" : [ 90, 90 ],
      "stddev" : 0.0
    },
    "vm.memory.pools.Metaspace.usage.x100.window.15m" : {
      "count" : 2,
      "max" : 90,
      "mean" : 90.0,
      "min" : 90,
      "p50" : 90.0,
      "p75" : 90.0,
      "p95" : 90.0,
      "p98" : 90.0,
      "p99" : 90.0,
      "p999" : 90.0,
      "values" : [ 90, 90 ],
      "stddev" : 0.0
    },
    "vm.memory.pools.Metaspace.usage.x100.window.1h" : {
      "count" : 2,
      "max" : 90,
      "mean" : 90.0,
      "min" : 90,
      "p50" : 90.0,
      "p75" : 90.0,
      "p95" : 90.0,
      "p98" : 90.0,
      "p99" : 90.0,
      "p999" : 90.0,
      "values" : [ 90, 90 ],
      "stddev" : 0.0
    },
    "vm.memory.pools.Metaspace.usage.x100.window.5m" : {
      "count" : 2,
      "max" : 90,
      "mean" : 90.0,
      "min" : 90,
      "p50" : 90.0,
      "p75" : 90.0,
      "p95" : 90.0,
      "p98" : 90.0,
      "p99" : 90.0,
      "p999" : 90.0,
      "values" : [ 90, 90 ],
      "stddev" : 0.0
    },
    "vm.memory.pools.Metaspace.used.history" : {
      "count" : 2,
      "max" : 95317776,
      "mean" : 9.244859923703319E7,
      "min" : 88855464,
      "p50" : 9.5317776E7,
      "p75" : 9.5317776E7,
      "p95" : 9.5317776E7,
      "p98" : 9.5317776E7,
      "p99" : 9.5317776E7,
      "p999" : 9.5317776E7,
      "values" : [ 88855464, 95317776 ],
      "stddev" : 3210816.115614981
    },
    "vm.memory.pools.Metaspace.used.window.15m" : {
      "count" : 2,
      "max" : 95317776,
      "mean" : 9.208662E7,
      "min" : 88855464,
      "p50" : 9.208662E7,
      "p75" : 9.5317776E7,
      "p95" : 9.5317776E7,
      "p98" : 9.5317776E7,
      "p99" : 9.5317776E7,
      "p999" : 9.5317776E7,
      "values" : [ 88855464, 95317776 ],
      "stddev" : 4569544.6373432
    },
    "vm.memory.pools.Metaspace.used.window.1h" : {
      "count" : 2,
      "max" : 95317776,
      "mean" : 9.208662E7,
      "min" : 88855464,
      "p50" : 9.208662E7,
      "p75" : 9.5317776E7,
      "p95" : 9.5317776E7,
      "p98" : 9.5317776E7,
      "p99" : 9.5317776E7,
      "p999" : 9.5317776E7,
      "values" : [ 88855464, 95317776 ],
      "stddev" : 4569544.6373432
    },
    "vm.memory.pools.Metaspace.used.window.5m" : {
      "count" : 2,
      "max" : 95317776,
      "mean" : 9.208662E7,
      "min" : 88855464,
      "p50" : 9.208662E7,
      "p75" : 9.5317776E7,
      "p95" : 9.5317776E7,
      "p98" : 9.5317776E7,
      "p99" : 9.5317776E7,
      "p999" : 9.5317776E7,
      "values" : [ 88855464, 95317776 ],
      "stddev" : 4569544.6373432
    },
    "vm.memory.pools.PS-Eden-Space.committed.history" : {
      "count" : 2,
      "max" : 319815680,
      "mean" : 2.9700357424329406E8,
      "min" : 268435456,
      "p50" : 3.1981568E8,
      "p75" : 3.1981568E8,
      "p95" : 3.1981568E8,
      "p98" : 3.1981568E8,
      "p99" : 3.1981568E8,
      "p999" : 3.1981568E8,
      "values" : [ 268435456, 319815680 ],
      "stddev" : 2.5528394674089957E7
    },
    "vm.memory.pools.PS-Eden-Space.committed.window.15m" : {
      "count" : 2,
      "max" : 319815680,
      "mean" : 2.94125568E8,
      "min" : 268435456,
      "p50" : 2.94125568E8,
      "p75" : 3.1981568E8,
      "p95" : 3.1981568E8,
      "p98" : 3.1981568E8,
      "p99" : 3.1981568E8,
      "p999" : 3.1981568E8,
      "values" : [ 268435456, 319815680 ],
      "stddev" : 3.63313048092838E7
    },
    "vm.memory.pools.PS-Eden-Space.committed.window.1h" : {
      "count" : 2,
      "max" : 319815680,
      "mean" : 2.94125568E8,
      "min" : 268435456,
      "p50" : 2.94125568E8,
      "p75" : 3.1981568E8,
      "p95" : 3.1981568E8,
      "p98" : 3.1981568E8,
      "p99" : 3.1981568E8,
      "p999" : 3.1981568E8,
      "values" : [ 268435456, 319815680 ],
      "stddev" : 3.63313048092838E7
    },
    "vm.memory.pools.PS-Eden-Space.committed.window.5m" : {
      "count" : 2,
      "max" : 319815680,
      "mean" : 2.94125568E8,
      "min" : 268435456,
      "p50" : 2.94125568E8,
      "p75" : 3.1981568E8,
      "p95" : 3.1981568E8,
      "p98" : 3.1981568E8,
      "p99" : 3.1981568E8,
      "p999" : 3.1981568E8,
      "values" : [ 268435456, 319815680 ],
      "stddev" : 3.63313048092838E7
    },
    "vm.memory.pools.PS-Eden-Space.usage.x100.history" : {
      "count" : 2,
      "max" : 32,
      "mean" : 18.655666626929122,
      "min" : 8,
      "p50" : 8.0,
      "p75" : 32.0,
      "p95" : 32.0,
      "p98" : 32.0,
      "p99" : 32.0,
      "p999" : 32.0,
      "values" : [ 8, 32 ],
      "stddev" : 11.924460901107768
    },
    "vm.memory.pools.PS-Eden-Space.usage.x100.window.15m" : {
      "count" : 2,
      "max" : 32,
      "mean" : 20.0,
      "min" : 8,
      "p50" : 20.0,
      "p75" : 32.0,
      "p95" : 32.0,
      "p98" : 32.0,
      "p99" : 32.0,
      "p999" : 32.0,
      "values" : [ 8, 32 ],
      "stddev" : 16.97056274847714
    },
    "vm.memory.pools.PS-Eden-Space.usage.x100.window.1h" : {
      "count" : 2,
      "max" : 32,
      "mean" : 20.0,
      "min" : 8,
      "p50" : 20.0,
      "p75" : 32.0,
      "p95" : 32.0,
      "p98" : 32.0,
      "p99" : 32.0,
      "p999" : 32.0,
      "values" : [ 8, 32 ],
      "stddev" : 16.97056274847714
    },
    "vm.memory.pools.PS-Eden-Space.usage.x100.window.5m" : {
      "count" : 2,
      "max" : 32,
      "mean" : 20.0,
      "min" : 8,
      "p50" : 20.0,
      "p75" : 32.0,
      "p95" : 32.0,
      "p98" : 32.0,
      "p99" : 32.0,
      "p999" : 32.0,
      "values" : [ 8, 32 ],
      "stddev" : 16.97056274847714
    },
    "vm.memory.pools.PS-Eden-Space.used.history" : {
      "count" : 2,
      "max" : 89966824,
      "mean" : 5.445156128857388E7,
      "min" : 26092048,
      "p50" : 2.6092048E7,
      "p75" : 8.9966824E7,
      "p95" : 8.9966824E7,
      "p98" : 8.9966824E7,
      "p99" : 8.9966824E7,
      "p999" : 8.9966824E7,
      "values" : [ 26092048, 89966824 ],
      "stddev" : 3.173634454079237E7
    },
    "vm.memory.pools.PS-Eden-Space.used.window.15m" : {
      "count" : 2,
      "max" : 89966824,
      "mean" : 5.8029436E7,
      "min" : 26092048,
      "p50" : 5.8029436E7,
      "p75" : 8.9966824E7,
      "p95" : 8.9966824E7,
      "p98" : 8.9966824E7,
      "p99" : 8.9966824E7,
      "p999" : 8.9966824E7,
      "values" : [ 26092048, 89966824 ],
      "stddev" : 4.516628725637174E7
    },
    "vm.memory.pools.PS-Eden-Space.used.window.1h" : {
      "count" : 2,
      "max" : 89966824,
      "mean" : 5.8029436E7,
      "min" : 26092048,
      "p50" : 5.8029436E7,
      "p75" : 8.9966824E7,
      "p95" : 8.9966824E7,
      "p98" : 8.9966824E7,
      "p99" : 8.9966824E7,
      "p999" : 8.9966824E7,
      "values" : [ 26092048, 89966824 ],
      "stddev" : 4.516628725637174E7
    },
    "vm.memory.pools.PS-Eden-Space.used.window.5m" : {
      "count" : 2,
      "max" : 89966824,
      "mean" : 5.8029436E7,
      "min" : 26092048,
      "p50" : 5.8029436E7,
      "p75" : 8.9966824E7,
      "p95" : 8.9966824E7,
      "p98" : 8.9966824E7,
      "p99" : 8.9966824E7,
      "p999" : 8.9966824E7,
      "values" : [ 26092048, 89966824 ],
      "stddev" : 4.516628725637174E7
    },
    "vm.memory.pools.PS-Old-Gen.committed.history" : {
      "count" : 2,
      "max" : 126877696,
      "mean" : 1.0988500497714761E8,
      "min" : 88604672,
      "p50" : 1.26877696E8,
      "p75" : 1.26877696E8,
      "p95" : 1.26877696E8,
      "p98" : 1.26877696E8,
      "p99" : 1.26877696E8,
      "p999" : 1.26877696E8,
      "values" : [ 88604672, 126877696 ],
      "stddev" : 1.9016049093964968E7
    },
    "vm.memory.pools.PS-Old-Gen.committed.window.15m" : {
      "count" : 2,
      "max" : 126877696,
      "mean" : 1.07741184E8,
      "min" : 88604672,
      "p50" : 1.07741184E8,
      "p75" : 1.26877696E8,
      "p95" : 1.26877696E8,
      "p98" : 1.26877696E8,
      "p99" : 1.26877696E8,
      "p999" : 1.26877696E8,
      "values" : [ 88604672, 126877696 ],
      "stddev" : 2.706311480691548E7
    },
    "vm.memory.pools.PS-Old-Gen.committed.window.1h" : {
      "count" : 2,
      "max" : 126877696,
      "mean" : 1.07741184E8,
      "min" : 88604672,
      "p50" : 1.07741184E8,
      "p75" : 1.26877696E8,
      "p95" : 1.26877696E8,
      "p98" : 1.26877696E8,
      "p99" : 1.26877696E8,
      "p999" : 1.26877696E8,
      "values" : [ 88604672, 126877696 ],
      "stddev" : 2.706311480691548E7
    },
    "vm.memory.pools.PS-Old-Gen.committed.window.5m" : {
      "count" : 2,
      "max" : 126877696,
      "mean" : 1.07741184E8,
      "min" : 88604672,
      "p50" : 1.07741184E8,
      "p75" : 1.26877696E8,
      "p95" : 1.26877696E8,
      "p98" : 1.26877696E8,
      "p99" : 1.26877696E8,
      "p999" : 1.26877696E8,
      "values" : [ 88604672, 126877696 ],
      "stddev" : 2.706311480691548E7
    },
    "vm.memory.pools.PS-Old-Gen.usage.x100.history" : {
      "count" : 2,
      "max" : 12,
      "mean" : 9.33608334326772,
      "min" : 6,
      "p50" : 12.0,
      "p75" : 12.0,
      "p95" : 12.0,
      "p98" : 12.0,
      "p99" : 12.0,
      "p999" : 12.0,
      "values" : [ 6, 12 ],
      "stddev" : 2.981115225276942
    },
    "vm.memory.pools.PS-Old-Gen.usage.x100.window.15m" : {
      "count" : 2,
      "max" : 12,
      "mean" : 9.0,
      "min" : 6,
      "p50" : 9.0,
      "p75" : 12.0,
      "p95" : 12.0,
      "p98" : 12.0,
      "p99" : 12.0,
      "p999" : 12.0,
      "values" : [ 6, 12 ],
      "stddev" : 4.242640687119285
    },
    "vm.memory.pools.PS-Old-Gen.usage.x100.window.1h" : {
      "count" : 2,
      "max" : 12,
      "mean" : 9.0,
      "min" : 6,
      "p50" : 9.0,
      "p75" : 12.0,
      "p95" : 12.0,
      "p98" : 12.0,
      "p99" : 12.0,
      "p999" : 12.0,
      "values" : [ 6, 12 ],
      "stddev" : 4.242640687119285
    },
    "vm.memory.pools.PS-Old-Gen.usage.x100.window.5m" : {
      "count" : 2,
      "max" : 12,
      "mean" : 9.0,
      "min" : 6,
      "p50" : 9.0,
      "p75" : 12.0,
      "p95" : 12.0,
      "p98" : 12.0,
      "p99" : 12.0,
      "p999" : 12.0,
      "values" : [ 6, 12 ],
      "stddev" : 4.242640687119285
    },
    "vm.memory.pools.PS-Old-Gen.used.history" : {
      "count" : 2,
      "max" : 75377952,
      "mean" : 6.05413214586627E7,
      "min" : 41961072,
      "p50" : 7.5377952E7,
      "p75" : 7.5377952E7,
      "p95" : 7.5377952E7,
      "p98" : 7.5377952E7,
      "p99" : 7.5377952E7,
      "p999" : 7.5377952E7,
      "values" : [ 41961072, 75377952 ],
      "stddev" : 1.6603261624875423E7
    },
    "vm.memory.pools.PS-Old-Gen.used.window.15m" : {
      "count" : 2,
      "max" : 75377952,
      "mean" : 5.8669512E7,
      "min" : 41961072,
      "p50" : 5.8669512E7,
      "p75" : 7.5377952E7,
      "p95" : 7.5377952E7,
      "p98" : 7.5377952E7,
      "p99" : 7.5377952E7,
      "p999" : 7.5377952E7,
      "values" : [ 41961072, 75377952 ],
      "stddev" : 2.3629302454097115E7
    },
    "vm.memory.pools.PS-Old-Gen.used.window.1h" : {
      "count" : 2,
      "max" : 75377952,
      "mean" : 5.8669512E7,
      "min" : 41961072,
      "p50" : 5.8669512E7,
      "p75" : 7.5377952E7,
      "p95" : 7.5377952E7,
      "p98" : 7.5377952E7,
      "p99" : 7.5377952E7,
      "p999" : 7.5377952E7,
      "values" : [ 41961072, 75377952 ],
      "stddev" : 2.3629302454097115E7
    },
    "vm.memory.pools.PS-Old-Gen.used.window.5m" : {
      "count" : 2,
      "max" : 75377952,
      "mean" : 5.8669512E7,
      "min" : 41961072,
      "p50" : 5.8669512E7,
      "p75" : 7.5377952E7,
      "p95" : 7.5377952E7,
      "p98" : 7.5377952E7,
      "p99" : 7.5377952E7,
      "p999" : 7.5377952E7,
      "values" : [ 41961072, 75377952 ],
      "stddev" : 2.3629302454097115E7
    },
    "vm.memory.pools.PS-Survivor-Space.committed.history" : {
      "count" : 2,
      "max" : 19922944,
      "mean" : 1.001155603804084E7,
      "min" : 2097152,
      "p50" : 2097152.0,
      "p75" : 1.9922944E7,
      "p95" : 1.9922944E7,
      "p98" : 1.9922944E7,
      "p99" : 1.9922944E7,
      "p999" : 1.9922944E7,
      "values" : [ 2097152, 19922944 ],
      "stddev" : 8856789.988969984
    },
    "vm.memory.pools.PS-Survivor-Space.committed.window.15m" : {
      "count" : 2,
      "max" : 19922944,
      "mean" : 1.1010048E7,
      "min" : 2097152,
      "p50" : 1.1010048E7,
      "p75" : 1.9922944E7,
      "p95" : 1.9922944E7,
      "p98" : 1.9922944E7,
      "p99" : 1.9922944E7,
      "p999" : 1.9922944E7,
      "values" : [ 2097152, 19922944 ],
      "stddev" : 1.2604738403220909E7
    },
    "vm.memory.pools.PS-Survivor-Space.committed.window.1h" : {
      "count" : 2,
      "max" : 19922944,
      "mean" : 1.1010048E7,
      "min" : 2097152,
      "p50" : 1.1010048E7,
      "p75" : 1.9922944E7,
      "p95" : 1.9922944E7,
      "p98" : 1.9922944E7,
      "p99" : 1.9922944E7,
      "p999" : 1.9922944E7,
      "values" : [ 2097152, 19922944 ],
      "stddev" : 1.2604738403220909E7
    },
    "vm.memory.pools.PS-Survivor-Space.committed.window.5m" : {
      "count" : 2,
      "max" : 19922944,
      "mean" : 1.1010048E7,
      "min" : 2097152,
      "p50" : 1.1010048E7,
      "p75" : 1.9922944E7,
      "p95" : 1.9922944E7,
      "p98" : 1.9922944E7,
      "p99" : 1.9922944E7,
      "p999" : 1.9922944E7,
      "values" : [ 2097152, 19922944 ],
      "stddev" : 1.2604738403220909E7
    },
    "vm.memory.pools.PS-Survivor-Space.usage.x100.history" : {
      "count" : 2,
      "max" : 100,
      "mean" : 62.19105544296585,
      "min" : 32,
      "p50" : 32.0,
      "p75" : 100.0,
      "p95" : 100.0,
      "p98" : 100.0,
      "p99" : 100.0,
      "p999" : 100.0,
      "values" : [ 32, 100 ],
      "stddev" : 33.78597255313867
    },
    "vm.memory.pools.PS-Survivor-Space.usage.x100.window.15m" : {
      "count" : 2,
      "max" : 100,
      "mean" : 66.0,
      "min" : 32,
      "p50" : 66.0,
      "p75" : 100.0,
      "p95" : 100.0,
      "p98" : 100.0,
      "p99" : 100.0,
      "p999" : 100.0,
      "values" : [ 32, 100 ],
      "stddev" : 48.08326112068523
    },
    "vm.memory.pools.PS-Survivor-Space.usage.x100.window.1h" : {
      "count" : 2,
      "max" : 100,
      "mean" : 66.0,
      "min" : 32,
      "p50" : 66.0,
      "p75" : 100.0,
      "p95" : 100.0,
      "p98" : 100.0,
      "p99" : 100.0,
      "p999" : 100.0,
      "values" : [ 32, 100 ],
      "stddev" : 48.08326112068523
    },
    "vm.memory.pools.PS-Survivor-Space.usage.x100.window.5m" : {
      "count" : 2,
      "max" : 100,
      "mean" : 66.0,
      "min" : 32,
      "p50" : 66.0,
      "p75" : 100.0,
      "p95" : 100.0,
      "p98" : 100.0,
      "p99" : 100.0,
      "p999" : 100.0,
      "values" : [ 32, 100 ],
      "stddev" : 48.08326112068523
    },
    "vm.memory.pools.PS-Survivor-Space.used.history" : {
      "count" : 2,
      "max" : 19897200,
      "mean" : 9207588.308167841,
      "min" : 671760,
      "p50" : 671760.0,
      "p75" : 1.98972E7,
      "p95" : 1.98972E7,
      "p98" : 1.98972E7,
      "p99" : 1.98972E7,
      "p999" : 1.98972E7,
      "values" : [ 671760, 19897200 ],
      "stddev" : 9552208.64944139
    },
    "vm.memory.pools.PS-Survivor-Space.used.window.15m" : {
      "count" : 2,
      "max" : 19897200,
      "mean" : 1.028448E7,
      "min" : 671760,
      "p50" : 1.028448E7,
      "p75" : 1.98972E7,
      "p95" : 1.98972E7,
      "p98" : 1.98972E7,
      "p99" : 1.98972E7,
      "p999" : 1.98972E7,
      "values" : [ 671760, 19897200 ],
      "stddev" : 1.3594438995295098E7
    },
    "vm.memory.pools.PS-Survivor-Space.used.window.1h" : {
      "count" : 2,
      "max" : 19897200,
      "mean" : 1.028448E7,
      "min" : 671760,
      "p50" : 1.028448E7,
      "p75" : 1.98972E7,
      "p95" : 1.98972E7,
      "p98" : 1.98972E7,
      "p99" : 1.98972E7,
      "p999" : 1.98972E7,
      "values" : [ 671760, 19897200 ],
      "stddev" : 1.3594438995295098E7
    },
    "vm.memory.pools.PS-Survivor-Space.used.window.5m" : {
      "count" : 2,
      "max" : 19897200,
      "mean" : 1.028448E7,
      "min" : 671760,
      "p50" : 1.028448E7,
      "p75" : 1.98972E7,
      "p95" : 1.98972E7,
      "p98" : 1.98972E7,
      "p99" : 1.98972E7,
      "p999" : 1.98972E7,
      "values" : [ 671760, 19897200 ],
      "stddev" : 1.3594438995295098E7
    },
    "vm.memory.total.committed.history" : {
      "count" : 2,
      "max" : 588341248,
      "mean" : 5.511551878506758E8,
      "min" : 504586240,
      "p50" : 5.88341248E8,
      "p75" : 5.88341248E8,
      "p95" : 5.88341248E8,
      "p98" : 5.88341248E8,
      "p99" : 5.88341248E8,
      "p999" : 5.88341248E8,
      "values" : [ 504586240, 588341248 ],
      "stddev" : 4.161388825699868E7
    },
    "vm.memory.total.committed.window.15m" : {
      "count" : 2,
      "max" : 588341248,
      "mean" : 5.46463744E8,
      "min" : 504586240,
      "p50" : 5.46463744E8,
      "p75" : 5.88341248E8,
      "p95" : 5.88341248E8,
      "p98" : 5.88341248E8,
      "p99" : 5.88341248E8,
      "p999" : 5.88341248E8,
      "values" : [ 504586240, 588341248 ],
      "stddev" : 5.922373411513354E7
    },
    "vm.memory.total.committed.window.1h" : {
      "count" : 2,
      "max" : 588341248,
      "mean" : 5.46463744E8,
      "min" : 504586240,
      "p50" : 5.46463744E8,
      "p75" : 5.88341248E8,
      "p95" : 5.88341248E8,
      "p98" : 5.88341248E8,
      "p99" : 5.88341248E8,
      "p999" : 5.88341248E8,
      "values" : [ 504586240, 588341248 ],
      "stddev" : 5.922373411513354E7
    },
    "vm.memory.total.committed.window.5m" : {
      "count" : 2,
      "max" : 588341248,
      "mean" : 5.46463744E8,
      "min" : 504586240,
      "p50" : 5.46463744E8,
      "p75" : 5.88341248E8,
      "p95" : 5.88341248E8,
      "p98" : 5.88341248E8,
      "p99" : 5.88341248E8,
      "p999" : 5.88341248E8,
      "values" : [ 504586240, 588341248 ],
      "stddev" : 5.922373411513354E7
    },
    "vm.memory.total.used.history" : {
      "count" : 2,
      "max" : 266832864,
      "mean" : 2.454906622452237E8,
      "min" : 228448568,
      "p50" : 2.28448568E8,
      "p75" : 2.66832864E8,
      "p95" : 2.66832864E8,
      "p98" : 2.66832864E8,
      "p99" : 2.66832864E8,
      "p999" : 2.66832864E8,
      "values" : [ 228448568, 266832864 ],
      "stddev" : 1.9071334869522803E7
    },
    "vm.memory.total.used.window.15m" : {
      "count" : 2,
      "max" : 266832864,
      "mean" : 2.47640716E8,
      "min" : 228448568,
      "p50" : 2.47640716E8,
      "p75" : 2.66832864E8,
      "p95" : 2.66832864E8,
      "p98" : 2.66832864E8,
      "p99" : 2.66832864E8,
      "p999" : 2.66832864E8,
      "values" : [ 228448568, 266832864 ],
      "stddev" : 2.7141795992671672E7
    },
    "vm.memory.total.used.window.1h" : {
      "count" : 2,
      "max" : 266832864,
      "mean" : 2.47640716E8,
      "min" : 228448568,
      "p50" : 2.47640716E8,
      "p75" : 2.66832864E8,
      "p95" : 2.66832864E8,
      "p98" : 2.66832864E8,
      "p99" : 2.66832864E8,
      "p999" : 2.66832864E8,
      "values" : [ 228448568, 266832864 ],
      "stddev" : 2.7141795992671672E7
    },
    "vm.memory.total.used.window.5m" : {
      "count" : 2,
      "max" : 266832864,
      "mean" : 2.47640716E8,
      "min" : 228448568,
      "p50" : 2.47640716E8,
      "p75" : 2.66832864E8,
      "p95" : 2.66832864E8,
      "p98" : 2.66832864E8,
      "p99" : 2.66832864E8,
      "p999" : 2.66832864E8,
      "values" : [ 228448568, 266832864 ],
      "stddev" : 2.7141795992671672E7
    }
  },
  "meters" : {
    "http.responseCodes.badRequest" : {
      "count" : 0,
      "m15_rate" : 0.0,
      "m1_rate" : 0.0,
      "m5_rate" : 0.0,
      "mean_rate" : 0.0,
      "units" : "events/minute"
    },
    "http.responseCodes.created" : {
      "count" : 0,
      "m15_rate" : 0.0,
      "m1_rate" : 0.0,
      "m5_rate" : 0.0,
      "mean_rate" : 0.0,
      "units" : "events/minute"
    },
    "http.responseCodes.forbidden" : {
      "count" : 0,
      "m15_rate" : 0.0,
      "m1_rate" : 0.0,
      "m5_rate" : 0.0,
      "mean_rate" : 0.0,
      "units" : "events/minute"
    },
    "http.responseCodes.noContent" : {
      "count" : 0,
      "m15_rate" : 0.0,
      "m1_rate" : 0.0,
      "m5_rate" : 0.0,
      "mean_rate" : 0.0,
      "units" : "events/minute"
    },
    "http.responseCodes.notFound" : {
      "count" : 0,
      "m15_rate" : 0.0,
      "m1_rate" : 0.0,
      "m5_rate" : 0.0,
      "mean_rate" : 0.0,
      "units" : "events/minute"
    },
    "http.responseCodes.notModified" : {
      "count" : 0,
      "m15_rate" : 0.0,
      "m1_rate" : 0.0,
      "m5_rate" : 0.0,
      "mean_rate" : 0.0,
      "units" : "events/minute"
    },
    "http.responseCodes.ok" : {
      "count" : 6,
      "m15_rate" : 0.39852262423788937,
      "m1_rate" : 5.680087399105113,
      "m5_rate" : 1.1867770107782898,
      "mean_rate" : 10.108598327394974,
      "units" : "events/minute"
    },
    "http.responseCodes.other" : {
      "count" : 0,
      "m15_rate" : 0.0,
      "m1_rate" : 0.0,
      "m5_rate" : 0.0,
      "mean_rate" : 0.0,
      "units" : "events/minute"
    },
    "http.responseCodes.serverError" : {
      "count" : 0,
      "m15_rate" : 0.0,
      "m1_rate" : 0.0,
      "m5_rate" : 0.0,
      "mean_rate" : 0.0,
      "units" : "events/minute"
    },
    "http.responseCodes.serviceUnavailable" : {
      "count" : 0,
      "m15_rate" : 0.0,
      "m1_rate" : 0.0,
      "m5_rate" : 0.0,
      "mean_rate" : 0.0,
      "units" : "events/minute"
    },
    "jenkins.job.scheduled" : {
      "count" : 0,
      "m15_rate" : 0.0,
      "m1_rate" : 0.0,
      "m5_rate" : 0.0,
      "mean_rate" : 0.0,
      "units" : "events/minute"
    },
    "jenkins.runs.aborted" : {
      "count" : 0,
      "m15_rate" : 0.0,
      "m1_rate" : 0.0,
      "m5_rate" : 0.0,
      "mean_rate" : 0.0,
      "units" : "events/minute"
    },
    "jenkins.runs.failure" : {
      "count" : 0,
      "m15_rate" : 0.0,
      "m1_rate" : 0.0,
      "m5_rate" : 0.0,
      "mean_rate" : 0.0,
      "units" : "events/minute"
    },
    "jenkins.runs.not_built" : {
      "count" : 0,
      "m15_rate" : 0.0,
      "m1_rate" : 0.0,
      "m5_rate" : 0.0,
      "mean_rate" : 0.0,
      "units" : "events/minute"
    },
    "jenkins.runs.success" : {
      "count" : 0,
      "m15_rate" : 0.0,
      "m1_rate" : 0.0,
      "m5_rate" : 0.0,
      "mean_rate" : 0.0,
      "units" : "events/minute"
    },
    "jenkins.runs.total" : {
      "count" : 0,
      "m15_rate" : 0.0,
      "m1_rate" : 0.0,
      "m5_rate" : 0.0,
      "mean_rate" : 0.0,
      "units" : "events/minute"
    },
    "jenkins.runs.unstable" : {
      "count" : 0,
      "m15_rate" : 0.0,
      "m1_rate" : 0.0,
      "m5_rate" : 0.0,
      "mean_rate" : 0.0,
      "units" : "events/minute"
    },
    "jenkins.task.scheduled" : {
      "count" : 0,
      "m15_rate" : 0.0,
      "m1_rate" : 0.0,
      "m5_rate" : 0.0,
      "mean_rate" : 0.0,
      "units" : "events/minute"
    }
  },
  "timers" : {
    "http.requests" : {
      "count" : 6,
      "max" : 1.0573811750000002,
      "mean" : 0.3650548845709157,
      "min" : 0.008879399000000001,
      "p50" : 0.071946576,
      "p75" : 0.987438138,
      "p95" : 1.0573811750000002,
      "p98" : 1.0573811750000002,
      "p99" : 1.0573811750000002,
      "p999" : 1.0573811750000002,
      "values" : [ 0.008879399000000001, 0.015549786000000001, 0.071946576, 0.07365819400000001, 0.987438138, 1.0573811750000002 ],
      "stddev" : 0.4614101109969437,
      "m15_rate" : 0.39852262423788937,
      "m1_rate" : 5.680087399105113,
      "m5_rate" : 1.1867770107782898,
      "mean_rate" : 10.108591070366307,
      "duration_units" : "seconds",
      "rate_units" : "calls/minute"
    },
    "jenkins.health-check.duration" : {
      "count" : 0,
      "max" : 0.0,
      "mean" : 0.0,
      "min" : 0.0,
      "p50" : 0.0,
      "p75" : 0.0,
      "p95" : 0.0,
      "p98" : 0.0,
      "p99" : 0.0,
      "p999" : 0.0,
      "values" : [ ],
      "stddev" : 0.0,
      "m15_rate" : 0.0,
      "m1_rate" : 0.0,
      "m5_rate" : 0.0,
      "mean_rate" : 0.0,
      "duration_units" : "seconds",
      "rate_units" : "calls/minute"
    },
    "jenkins.job.blocked.duration" : {
      "count" : 0,
      "max" : 0.0,
      "mean" : 0.0,
      "min" : 0.0,
      "p50" : 0.0,
      "p75" : 0.0,
      "p95" : 0.0,
      "p98" : 0.0,
      "p99" : 0.0,
      "p999" : 0.0,
      "values" : [ ],
      "stddev" : 0.0,
      "m15_rate" : 0.0,
      "m1_rate" : 0.0,
      "m5_rate" : 0.0,
      "mean_rate" : 0.0,
      "duration_units" : "seconds",
      "rate_units" : "calls/minute"
    },
    "jenkins.job.buildable.duration" : {
      "count" : 0,
      "max" : 0.0,
      "mean" : 0.0,
      "min" : 0.0,
      "p50" : 0.0,
      "p75" : 0.0,
      "p95" : 0.0,
      "p98" : 0.0,
      "p99" : 0.0,
      "p999" : 0.0,
      "values" : [ ],
      "stddev" : 0.0,
      "m15_rate" : 0.0,
      "m1_rate" : 0.0,
      "m5_rate" : 0.0,
      "mean_rate" : 0.0,
      "duration_units" : "seconds",
      "rate_units" : "calls/minute"
    },
    "jenkins.job.building.duration" : {
      "count" : 0,
      "max" : 0.0,
      "mean" : 0.0,
      "min" : 0.0,
      "p50" : 0.0,
      "p75" : 0.0,
      "p95" : 0.0,
      "p98" : 0.0,
      "p99" : 0.0,
      "p999" : 0.0,
      "values" : [ ],
      "stddev" : 0.0,
      "m15_rate" : 0.0,
      "m1_rate" : 0.0,
      "m5_rate" : 0.0,
      "mean_rate" : 0.0,
      "duration_units" : "seconds",
      "rate_units" : "calls/minute"
    },
    "jenkins.job.execution.time" : {
      "count" : 0,
      "max" : 0.0,
      "mean" : 0.0,
      "min" : 0.0,
      "p50" : 0.0,
      "p75" : 0.0,
      "p95" : 0.0,
      "p98" : 0.0,
      "p99" : 0.0,
      "p999" : 0.0,
      "values" : [ ],
      "stddev" : 0.0,
      "m15_rate" : 0.0,
      "m1_rate" : 0.0,
      "m5_rate" : 0.0,
      "mean_rate" : 0.0,
      "duration_units" : "seconds",
      "rate_units" : "calls/minute"
    },
    "jenkins.job.queuing.duration" : {
      "count" : 0,
      "max" : 0.0,
      "mean" : 0.0,
      "min" : 0.0,
      "p50" : 0.0,
      "p75" : 0.0,
      "p95" : 0.0,
      "p98" : 0.0,
      "p99" : 0.0,
      "p999" : 0.0,
      "values" : [ ],
      "stddev" : 0.0,
      "m15_rate" : 0.0,
      "m1_rate" : 0.0,
      "m5_rate" : 0.0,
      "mean_rate" : 0.0,
      "duration_units" : "seconds",
      "rate_units" : "calls/minute"
    },
    "jenkins.job.total.duration" : {
      "count" : 0,
      "max" : 0.0,
      "mean" : 0.0,
      "min" : 0.0,
      "p50" : 0.0,
      "p75" : 0.0,
      "p95" : 0.0,
      "p98" : 0.0,
      "p99" : 0.0,
      "p999" : 0.0,
      "values" : [ ],
      "stddev" : 0.0,
      "m15_rate" : 0.0,
      "m1_rate" : 0.0,
      "m5_rate" : 0.0,
      "mean_rate" : 0.0,
      "duration_units" : "seconds",
      "rate_units" : "calls/minute"
    },
    "jenkins.job.waiting.duration" : {
      "count" : 0,
      "max" : 0.0,
      "mean" : 0.0,
      "min" : 0.0,
      "p50" : 0.0,
      "p75" : 0.0,
      "p95" : 0.0,
      "p98" : 0.0,
      "p99" : 0.0,
      "p999" : 0.0,
      "values" : [ ],
      "stddev" : 0.0,
      "m15_rate" : 0.0,
      "m1_rate" : 0.0,
      "m5_rate" : 0.0,
      "mean_rate" : 0.0,
      "duration_units" : "seconds",
      "rate_units" : "calls/minute"
    },
    "jenkins.node.python.builds" : {
      "count" : 0,
      "max" : 0.0,
      "mean" : 0.0,
      "min" : 0.0,
      "p50" : 0.0,
      "p75" : 0.0,
      "p95" : 0.0,
      "p98" : 0.0,
      "p99" : 0.0,
      "p999" : 0.0,
      "values" : [ ],
      "stddev" : 0.0,
      "m15_rate" : 0.0,
      "m1_rate" : 0.0,
      "m5_rate" : 0.0,
      "mean_rate" : 0.0,
      "duration_units" : "seconds",
      "rate_units" : "calls/minute"
    },
    "jenkins.task.blocked.duration" : {
      "count" : 0,
      "max" : 0.0,
      "mean" : 0.0,
      "min" : 0.0,
      "p50" : 0.0,
      "p75" : 0.0,
      "p95" : 0.0,
      "p98" : 0.0,
      "p99" : 0.0,
      "p999" : 0.0,
      "values" : [ ],
      "stddev" : 0.0,
      "m15_rate" : 0.0,
      "m1_rate" : 0.0,
      "m5_rate" : 0.0,
      "mean_rate" : 0.0,
      "duration_units" : "seconds",
      "rate_units" : "calls/minute"
    },
    "jenkins.task.buildable.duration" : {
      "count" : 0,
      "max" : 0.0,
      "mean" : 0.0,
      "min" : 0.0,
      "p50" : 0.0,
      "p75" : 0.0,
      "p95" : 0.0,
      "p98" : 0.0,
      "p99" : 0.0,
      "p999" : 0.0,
      "values" : [ ],
      "stddev" : 0.0,
      "m15_rate" : 0.0,
      "m1_rate" : 0.0,
      "m5_rate" : 0.0,
      "mean_rate" : 0.0,
      "duration_units" : "seconds",
      "rate_units" : "calls/minute"
    },
    "jenkins.task.execution.duration" : {
      "count" : 0,
      "max" : 0.0,
      "mean" : 0.0,
      "min" : 0.0,
      "p50" : 0.0,
      "p75" : 0.0,
      "p95" : 0.0,
      "p98" : 0.0,
      "p99" : 0.0,
      "p999" : 0.0,
      "values" : [ ],
      "stddev" : 0.0,
      "m15_rate" : 0.0,
      "m1_rate" : 0.0,
      "m5_rate" : 0.0,
      "mean_rate" : 0.0,
      "duration_units" : "seconds",
      "rate_units" : "calls/minute"
    },
    "jenkins.task.queuing.duration" : {
      "count" : 0,
      "max" : 0.0,
      "mean" : 0.0,
      "min" : 0.0,
      "p50" : 0.0,
      "p75" : 0.0,
      "p95" : 0.0,
      "p98" : 0.0,
      "p99" : 0.0,
      "p999" : 0.0,
      "values" : [ ],
      "stddev" : 0.0,
      "m15_rate" : 0.0,
      "m1_rate" : 0.0,
      "m5_rate" : 0.0,
      "mean_rate" : 0.0,
      "duration_units" : "seconds",
      "rate_units" : "calls/minute"
    },
    "jenkins.task.waiting.duration" : {
      "count" : 0,
      "max" : 0.0,
      "mean" : 0.0,
      "min" : 0.0,
      "p50" : 0.0,
      "p75" : 0.0,
      "p95" : 0.0,
      "p98" : 0.0,
      "p99" : 0.0,
      "p999" : 0.0,
      "values" : [ ],
      "stddev" : 0.0,
      "m15_rate" : 0.0,
      "m1_rate" : 0.0,
      "m5_rate" : 0.0,
      "mean_rate" : 0.0,
      "duration_units" : "seconds",
      "rate_units" : "calls/minute"
    }
  }
}