{
  "version" : "4.0.0",
  "gauges" : {
    "jenkins.executor.count.value" : {
      "value" : 2
    },
    "jenkins.executor.free.value" : {
      "value" : 2
    },
    "jenkins.executor.in-use.value" : {
      "value" : 0
    },
    "jenkins.health-check.count" : {
      "value" : 4
    },
    "jenkins.health-check.inverse-score" : {
      "value" : 0.0
    },
    "jenkins.health-check.score" : {
      "value" : 1.0
    },
    "jenkins.job.averageDepth" : {
      "value" : 1.0
    },
    "jenkins.job.count.value" : {
      "value" : 1
    },
    "jenkins.node.count.value" : {
      "value" : 1
    },
    "jenkins.node.offline.value" : {
      "value" : 0
    },
    "jenkins.node.online.value" : {
      "value" : 1
    },
    "jenkins.plugins.active" : {
      "value" : 119
    },
    "jenkins.plugins.failed" : {
      "value" : 0
    },
    "jenkins.plugins.inactive" : {
      "value" : 0
    },
    "jenkins.plugins.withUpdate" : {
      "value" : 64
    },
    "jenkins.project.count.value" : {
      "value" : 1
    },
    "jenkins.project.disabled.count.value" : {
      "value" : 0
    },
    "jenkins.project.enabled.count.value" : {
      "value" : 1
    },
    "jenkins.queue.blocked.value" : {
      "value" : 0
    },
    "jenkins.queue.buildable.value" : {
      "value" : 0
    },
    "jenkins.queue.pending.value" : {
      "value" : 0
    },
    "jenkins.queue.size.value" : {
      "value" : 0
    },
    "jenkins.queue.stuck.value" : {
      "value" : 0
    },
    "jenkins.versions.core" : {
      "value" : "2.150.3"
    },
    "jenkins.versions.plugin.ace-editor" : {
      "value" : "1.1"
    },
    "jenkins.versions.plugin.ant" : {
      "value" : "1.11"
    },
    "jenkins.versions.plugin.antisamy-markup-formatter" : {
      "value" : "2.0"
    },
    "jenkins.versions.plugin.apache-httpcomponents-client-4-api" : {
      "value" : "4.5.10-2.0"
    },
    "jenkins.versions.plugin.artifactory" : {
      "value" : "3.1.0"
    },
    "jenkins.versions.plugin.authentication-tokens" : {
      "value" : "1.3"
    },
    "jenkins.versions.plugin.blueocean" : {
      "value" : "1.10.1"
    },
    "jenkins.versions.plugin.blueocean-autofavorite" : {
      "value" : "1.2.2"
    },
    "jenkins.versions.plugin.blueocean-bitbucket-pipeline" : {
      "value" : "1.10.1"
    },
    "jenkins.versions.plugin.blueocean-commons" : {
      "value" : "1.10.1"
    },
    "jenkins.versions.plugin.blueocean-config" : {
      "value" : "1.10.1"
    },
    "jenkins.versions.plugin.blueocean-core-js" : {
      "value" : "1.10.1"
    },
    "jenkins.versions.plugin.blueocean-dashboard" : {
      "value" : "1.10.1"
    },
    "jenkins.versions.plugin.blueocean-display-url" : {
      "value" : "2.2.0"
    },
    "jenkins.versions.plugin.blueocean-events" : {
      "value" : "1.10.1"
    },
    "jenkins.versions.plugin.blueocean-git-pipeline" : {
      "value" : "1.10.1"
    },
    "jenkins.versions.plugin.blueocean-github-pipeline" : {
      "value" : "1.10.1"
    },
    "jenkins.versions.plugin.blueocean-i18n" : {
      "value" : "1.10.1"
    },
    "jenkins.versions.plugin.blueocean-jira" : {
      "value" : "1.10.1"
    },
    "jenkins.versions.plugin.blueocean-jwt" : {
      "value" : "1.10.1"
    },
    "jenkins.versions.plugin.blueocean-personalization" : {
      "value" : "1.10.1"
    },
    "jenkins.versions.plugin.blueocean-pipeline-api-impl" : {
      "value" : "1.10.1"
    },
    "jenkins.versions.plugin.blueocean-pipeline-editor" : {
      "value" : "1.10.1"
    },
    "jenkins.versions.plugin.blueocean-pipeline-scm-api" : {
      "value" : "1.10.1"
    },
    "jenkins.versions.plugin.blueocean-rest" : {
      "value" : "1.10.1"
    },
    "jenkins.versions.plugin.blueocean-rest-impl" : {
      "value" : "1.10.1"
    },
    "jenkins.versions.plugin.blueocean-web" : {
      "value" : "1.10.1"
    },
    "jenkins.versions.plugin.bouncycastle-api" : {
      "value" : "2.17"
    },
    "jenkins.versions.plugin.branch-api" : {
      "value" : "2.1.2"
    },
    "jenkins.versions.plugin.build-timeout" : {
      "value" : "1.19.1"
    },
    "jenkins.versions.plugin.cloudbees-bitbucket-branch-source" : {
      "value" : "2.4.0"
    },
    "jenkins.versions.plugin.cloudbees-folder" : {
      "value" : "6.11.1"
    },
    "jenkins.versions.plugin.command-launcher" : {
      "value" : "1.3"
    },
    "jenkins.versions.plugin.config-file-provider" : {
      "value" : "3.4.1"
    },
    "jenkins.versions.plugin.configuration-as-code" : {
      "value" : "1.36"
    },
    "jenkins.versions.plugin.credentials" : {
      "value" : "2.3.5"
    },
    "jenkins.versions.plugin.credentials-binding" : {
      "value" : "1.21"
    },
    "jenkins.versions.plugin.display-url-api" : {
      "value" : "2.3.2"
    },
    "jenkins.versions.plugin.docker-commons" : {
      "value" : "1.13"
    },
    "jenkins.versions.plugin.docker-workflow" : {
      "value" : "1.17"
    },
    "jenkins.versions.plugin.durable-task" : {
      "value" : "1.34"
    },
    "jenkins.versions.plugin.email-ext" : {
      "value" : "2.69"
    },
    "jenkins.versions.plugin.favorite" : {
      "value" : "2.3.2"
    },
    "jenkins.versions.plugin.git" : {
      "value" : "4.2.2"
    },
    "jenkins.versions.plugin.git-client" : {
      "value" : "3.2.1"
    },
    "jenkins.versions.plugin.git-server" : {
      "value" : "1.7"
    },
    "jenkins.versions.plugin.gitea" : {
      "value" : "1.0.8"
    },
    "jenkins.versions.plugin.github" : {
      "value" : "1.29.3"
    },
    "jenkins.versions.plugin.github-api" : {
      "value" : "1.106"
    },
    "jenkins.versions.plugin.github-branch-source" : {
      "value" : "2.6.0"
    },
    "jenkins.versions.plugin.gitlab-plugin" : {
      "value" : "1.5.11"
    },
    "jenkins.versions.plugin.gradle" : {
      "value" : "1.36"
    },
    "jenkins.versions.plugin.handlebars" : {
      "value" : "1.1.1"
    },
    "jenkins.versions.plugin.handy-uri-templates-2-api" : {
      "value" : "2.1.6-1.0"
    },
    "jenkins.versions.plugin.htmlpublisher" : {
      "value" : "1.17"
    },
    "jenkins.versions.plugin.ivy" : {
      "value" : "1.28"
    },
    "jenkins.versions.plugin.jackson2-api" : {
      "value" : "2.10.3"
    },
    "jenkins.versions.plugin.javadoc" : {
      "value" : "1.4"
    },
    "jenkins.versions.plugin.jdk-tool" : {
      "value" : "1.4"
    },
    "jenkins.versions.plugin.jenkins-design-language" : {
      "value" : "1.10.1"
    },
    "jenkins.versions.plugin.jira" : {
      "value" : "3.0.5"
    },
    "jenkins.versions.plugin.jquery-detached" : {
      "value" : "1.2.1"
    },
    "jenkins.versions.plugin.jsch" : {
      "value" : "0.1.55.1"
    },
    "jenkins.versions.plugin.junit" : {
      "value" : "1.26.1"
    },
    "jenkins.versions.plugin.jx-resources" : {
      "value" : "1.0.35"
    },
    "jenkins.versions.plugin.kubernetes" : {
      "value" : "1.14.3"
    },
    "jenkins.versions.plugin.kubernetes-credentials" : {
      "value" : "0.4.0"
    },
    "jenkins.versions.plugin.kubernetes-credentials-provider" : {
      "value" : "0.11"
    },
    "jenkins.versions.plugin.ldap" : {
      "value" : "1.21"
    },
    "jenkins.versions.plugin.localization-zh-cn" : {
      "value" : "0.0.11"
    },
    "jenkins.versions.plugin.lockable-resources" : {
      "value" : "2.3"
    },
    "jenkins.versions.plugin.mailer" : {
      "value" : "1.30"
    },
    "jenkins.versions.plugin.mapdb-api" : {
      "value" : "1.0.9.0"
    },
    "jenkins.versions.plugin.matrix-auth" : {
      "value" : "2.5"
    },
    "jenkins.versions.plugin.matrix-project" : {
      "value" : "1.14"
    },
    "jenkins.versions.plugin.maven-plugin" : {
      "value" : "3.2"
    },
    "jenkins.versions.plugin.mercurial" : {
      "value" : "2.4"
    },
    "jenkins.versions.plugin.metrics" : {
      "value" : "4.0.2.2"
    },
    "jenkins.versions.plugin.momentjs" : {
      "value" : "1.1.1"
    },
    "jenkins.versions.plugin.pam-auth" : {
      "value" : "1.6"
    },
    "jenkins.versions.plugin.pipeline-build-step" : {
      "value" : "2.7"
    },
    "jenkins.versions.plugin.pipeline-github-lib" : {
      "value" : "1.0"
    },
    "jenkins.versions.plugin.pipeline-graph-analysis" : {
      "value" : "1.9"
    },
    "jenkins.versions.plugin.pipeline-input-step" : {
      "value" : "2.9"
    },
    "jenkins.versions.plugin.pipeline-milestone-step" : {
      "value" : "1.3.1"
    },
    "jenkins.versions.plugin.pipeline-model-api" : {
      "value" : "1.3.4.1"
    },
    "jenkins.versions.plugin.pipeline-model-declarative-agent" : {
      "value" : "1.1.1"
    },
    "jenkins.versions.plugin.pipeline-model-definition" : {
      "value" : "1.3.4.1"
    },
    "jenkins.versions.plugin.pipeline-model-extensions" : {
      "value" : "1.3.4.1"
    },
    "jenkins.versions.plugin.pipeline-rest-api" : {
      "value" : "2.13"
    },
    "jenkins.versions.plugin.pipeline-stage-step" : {
      "value" : "2.3"
    },
    "jenkins.versions.plugin.pipeline-stage-tags-metadata" : {
      "value" : "1.3.4.1"
    },
    "jenkins.versions.plugin.pipeline-stage-view" : {
      "value" : "2.13"
    },
    "jenkins.versions.plugin.plain-credentials" : {
      "value" : "1.5"
    },
    "jenkins.versions.plugin.pubsub-light" : {
      "value" : "1.12"
    },
    "jenkins.versions.plugin.resource-disposer" : {
      "value" : "0.12"
    },
    "jenkins.versions.plugin.scm-api" : {
      "value" : "2.6.3"
    },
    "jenkins.versions.plugin.script-security" : {
      "value" : "1.71"
    },
    "jenkins.versions.plugin.sse-gateway" : {
      "value" : "1.17"
    },
    "jenkins.versions.plugin.ssh-credentials" : {
      "value" : "1.17.4"
    },
    "jenkins.versions.plugin.ssh-slaves" : {
      "value" : "1.30.4"
    },
    "jenkins.versions.plugin.structs" : {
      "value" : "1.20"
    },
    "jenkins.versions.plugin.subversion" : {
      "value" : "2.13.1"
    },
    "jenkins.versions.plugin.support-core" : {
      "value" : "2.54"
    },
    "jenkins.versions.plugin.timestamper" : {
      "value" : "1.11.2"
    },
    "jenkins.versions.plugin.token-macro" : {
      "value" : "2.12"
    },
    "jenkins.versions.plugin.variant" : {
      "value" : "1.1"
    },
    "jenkins.versions.plugin.workflow-aggregator" : {
      "value" : "2.6"
    },
    "jenkins.versions.plugin.workflow-api" : {
      "value" : "2.40"
    },
    "jenkins.versions.plugin.workflow-basic-steps" : {
      "value" : "2.19"
    },
    "jenkins.versions.plugin.workflow-cps" : {
      "value" : "2.80"
    },
    "jenkins.versions.plugin.workflow-cps-global-lib" : {
      "value" : "2.12"
    },
    "jenkins.versions.plugin.workflow-durable-task-step" : {
      "value" : "2.31"
    },
    "jenkins.versions.plugin.workflow-job" : {
      "value" : "2.37"
    },
    "jenkins.versions.plugin.workflow-multibranch" : {
      "value" : "2.20"
    },
    "jenkins.versions.plugin.workflow-scm-step" : {
      "value" : "2.10"
    },
    "jenkins.versions.plugin.workflow-step-api" : {
      "value" : "2.22"
    },
    "jenkins.versions.plugin.workflow-support" : {
      "value" : "3.4"
    },
    "jenkins.versions.plugin.ws-cleanup" : {
      "value" : "0.38"
    },
    "system.cpu.load" : {
      "value" : 1.14
    },
    "vm.blocked.count" : {
      "value" : 0
    },
    "vm.class.loaded" : {
      "value" : 16087
    },
    "vm.class.unloaded" : {
      "value" : 0
    },
    "vm.count" : {
      "value" : 48
    },
    "vm.cpu.load" : {
      "value" : 1.4024472233427456
    },
    "vm.daemon.count" : {
      "value" : 31
    },
    "vm.deadlock.count" : {
      "value" : 0
    },
    "vm.deadlocks" : {
      "value" : [ ]
    },
    "vm.file.descriptor.ratio" : {
      "value" : 7.114410400390625E-4
    },
    "vm.gc.PS-MarkSweep.count" : {
      "value" : 4
    },
    "vm.gc.PS-MarkSweep.time" : {
      "value" : 878
    },
    "vm.gc.PS-Scavenge.count" : {
      "value" : 75
    },
    "vm.gc.PS-Scavenge.time" : {
      "value" : 748
    },
    "vm.memory.heap.committed" : {
      "value" : 448266240
    },
    "vm.memory.heap.init" : {
      "value" : 62914560
    },
    "vm.memory.heap.max" : {
      "value" : 870842368
    },
    "vm.memory.heap.usage" : {
      "value" : 0.3970585776552388
    },
    "vm.memory.heap.used" : {
      "value" : 345775432
    },
    "vm.memory.non-heap.committed" : {
      "value" : 137191424
    },
    "vm.memory.non-heap.init" : {
      "value" : 2555904
    },
    "vm.memory.non-heap.max" : {
      "value" : -1
    },
    "vm.memory.non-heap.usage" : {
      "value" : -1.24491264E8
    },
    "vm.memory.non-heap.used" : {
      "value" : 124491264
    },
    "vm.memory.pools.Code-Cache.committed" : {
      "value" : 19333120
    },
    "vm.memory.pools.Code-Cache.init" : {
      "value" : 2555904
    },
    "vm.memory.pools.Code-Cache.max" : {
      "value" : 251658240
    },
    "vm.memory.pools.Code-Cache.usage" : {
      "value" : 0.0762921651204427
    },
    "vm.memory.pools.Code-Cache.used" : {
      "value" : 19199552
    },
    "vm.memory.pools.Compressed-Class-Space.committed" : {
      "value" : 13578240
    },
    "vm.memory.pools.Compressed-Class-Space.init" : {
      "value" : 0
    },
    "vm.memory.pools.Compressed-Class-Space.max" : {
      "value" : 1073741824
    },
    "vm.memory.pools.Compressed-Class-Space.usage" : {
      "value" : 0.01023045927286148
    },
    "vm.memory.pools.Compressed-Class-Space.used" : {
      "value" : 10984872
    },
    "vm.memory.pools.Metaspace.committed" : {
      "value" : 104280064
    },
    "vm.memory.pools.Metaspace.init" : {
      "value" : 0
    },
    "vm.memory.pools.Metaspace.max" : {
      "value" : -1
    },
    "vm.memory.pools.Metaspace.usage" : {
      "value" : 0.9043630046103539
    },
    "vm.memory.pools.Metaspace.used" : {
      "value" : 94307032
    },
    "vm.memory.pools.PS-Eden-Space.committed" : {
      "value" : 321912832
    },
    "vm.memory.pools.PS-Eden-Space.init" : {
      "value" : 15728640
    },
    "vm.memory.pools.PS-Eden-Space.max" : {
      "value" : 321912832
    },
    "vm.memory.pools.PS-Eden-Space.usage" : {
      "value" : 0.8753660369773641
    },
    "vm.memory.pools.PS-Eden-Space.used" : {
      "value" : 281791560
    },
    "vm.memory.pools.PS-Eden-Space.used-after-gc" : {
      "value" : 0
    },
    "vm.memory.pools.PS-Old-Gen.committed" : {
      "value" : 124256256
    },
    "vm.memory.pools.PS-Old-Gen.init" : {
      "value" : 41943040
    },
    "vm.memory.pools.PS-Old-Gen.max" : {
      "value" : 653262848
    },
    "vm.memory.pools.PS-Old-Gen.usage" : {
      "value" : 0.09794506483246389
    },
    "vm.memory.pools.PS-Old-Gen.used" : {
      "value" : 63983872
    },
    "vm.memory.pools.PS-Old-Gen.used-after-gc" : {
      "value" : 63983872
    },
    "vm.memory.pools.PS-Survivor-Space.committed" : {
      "value" : 2097152
    },
    "vm.memory.pools.PS-Survivor-Space.init" : {
      "value" : 2621440
    },
    "vm.memory.pools.PS-Survivor-Space.max" : {
      "value" : 2097152
    },
    "vm.memory.pools.PS-Survivor-Space.usage" : {
      "value" : 0.0
    },
    "vm.memory.pools.PS-Survivor-Space.used" : {
      "value" : 0
    },
    "vm.memory.pools.PS-Survivor-Space.used-after-gc" : {
      "value" : 0
    },
    "vm.memory.total.committed" : {
      "value" : 585457664
    },
    "vm.memory.total.init" : {
      "value" : 65470464
    },
    "vm.memory.total.max" : {
      "value" : 870842367
    },
    "vm.memory.total.used" : {
      "value" : 470267080
    },
    "vm.new.count" : {
      "value" : 0
    },
    "vm.runnable.count" : {
      "value" : 11
    },
    "vm.terminated.count" : {
      "value" : 0
    },
    "vm.timed_waiting.count" : {
      "value" : 23
    },
    "vm.uptime.milliseconds" : {
      "value" : 33851
    },
    "vm.waiting.count" : {
      "value" : 14
    }
  },
  "counters" : {
    "http.activeRequests" : {
      "count" : 1
    }
  },
  "histograms" : {
    "jenkins.executor.count.history" : {
      "count" : 1,
      "max" : 2,
      "mean" : 2.0,
      "min" : 2,
      "p50" : 2.0,
      "p75" : 2.0,
      "p95" : 2.0,
      "p98" : 2.0,
      "p99" : 2.0,
      "p999" : 2.0,
      "values" : [ 2 ],
      "stddev" : 0.0
    },
    "jenkins.executor.free.history" : {
      "count" : 1,
      "max" : 2,
      "mean" : 2.0,
      "min" : 2,
      "p50" : 2.0,
      "p75" : 2.0,
      "p95" : 2.0,
      "p98" : 2.0,
      "p99" : 2.0,
      "p999" : 2.0,
      "values" : [ 2 ],
      "stddev" : 0.0
    },
    "jenkins.executor.in-use.history" : {
      "count" : 1,
      "max" : 0,
      "mean" : 0.0,
      "min" : 0,
      "p50" : 0.0,
      "p75" : 0.0,
      "p95" : 0.0,
      "p98" : 0.0,
      "p99" : 0.0,
      "p999" : 0.0,
      "values" : [ 0 ],
      "stddev" : 0.0
    },
    "jenkins.job.count.history" : {
      "count" : 1,
      "max" : 1,
      "mean" : 1.0,
      "min" : 1,
      "p50" : 1.0,
      "p75" : 1.0,
      "p95" : 1.0,
      "p98" : 1.0,
      "p99" : 1.0,
      "p999" : 1.0,
      "values" : [ 1 ],
      "stddev" : 0.0
    },
    "jenkins.node.count.history" : {
      "count" : 1,
      "max" : 1,
      "mean" : 1.0,
      "min" : 1,
      "p50" : 1.0,
      "p75" : 1.0,
      "p95" : 1.0,
      "p98" : 1.0,
      "p99" : 1.0,
      "p999" : 1.0,
      "values" : [ 1 ],
      "stddev" : 0.0
    },
    "jenkins.node.offline.history" : {
      "count" : 1,
      "max" : 0,
      "mean" : 0.0,
      "min" : 0,
      "p50" : 0.0,
      "p75" : 0.0,
      "p95" : 0.0,
      "p98" : 0.0,
      "p99" : 0.0,
      "p999" : 0.0,
      "values" : [ 0 ],
      "stddev" : 0.0
    },
    "jenkins.node.online.history" : {
      "count" : 1,
      "max" : 1,
      "mean" : 1.0,
      "min" : 1,
      "p50" : 1.0,
      "p75" : 1.0,
      "p95" : 1.0,
      "p98" : 1.0,
      "p99" : 1.0,
      "p999" : 1.0,
      "values" : [ 1 ],
      "stddev" : 0.0
    },
    "jenkins.project.count.history" : {
      "count" : 1,
      "max" : 1,
      "mean" : 1.0,
      "min" : 1,
      "p50" : 1.0,
      "p75" : 1.0,
      "p95" : 1.0,
      "p98" : 1.0,
      "p99" : 1.0,
      "p999" : 1.0,
      "values" : [ 1 ],
      "stddev" : 0.0
    },
    "jenkins.project.disabled.count.history" : {
      "count" : 1,
      "max" : 0,
      "mean" : 0.0,
      "min" : 0,
      "p50" : 0.0,
      "p75" : 0.0,
      "p95" : 0.0,
      "p98" : 0.0,
      "p99" : 0.0,
      "p999" : 0.0,
      "values" : [ 0 ],
      "stddev" : 0.0
    },
    "jenkins.project.enabled.count.history" : {
      "count" : 1,
      "max" : 1,
      "mean" : 1.0,
      "min" : 1,
      "p50" : 1.0,
      "p75" : 1.0,
      "p95" : 1.0,
      "p98" : 1.0,
      "p99" : 1.0,
      "p999" : 1.0,
      "values" : [ 1 ],
      "stddev" : 0.0
    },
    "jenkins.queue.blocked.history" : {
      "count" : 1,
      "max" : 0,
      "mean" : 0.0,
      "min" : 0,
      "p50" : 0.0,
      "p75" : 0.0,
      "p95" : 0.0,
      "p98" : 0.0,
      "p99" : 0.0,
      "p999" : 0.0,
      "values" : [ 0 ],
      "stddev" : 0.0
    },
    "jenkins.queue.buildable.history" : {
      "count" : 1,
      "max" : 0,
      "mean" : 0.0,
      "min" : 0,
      "p50" : 0.0,
      "p75" : 0.0,
      "p95" : 0.0,
      "p98" : 0.0,
      "p99" : 0.0,
      "p999" : 0.0,
      "values" : [ 0 ],
      "stddev" : 0.0
    },
    "jenkins.queue.pending.history" : {
      "count" : 1,
      "max" : 0,
      "mean" : 0.0,
      "min" : 0,
      "p50" : 0.0,
      "p75" : 0.0,
      "p95" : 0.0,
      "p98" : 0.0,
      "p99" : 0.0,
      "p999" : 0.0,
      "values" : [ 0 ],
      "stddev" : 0.0
    },
    "jenkins.queue.size.history" : {
      "count" : 1,
      "max" : 0,
      "mean" : 0.0,
      "min" : 0,
      "p50" : 0.0,
      "p75" : 0.0,
      "p95" : 0.0,
      "p98" : 0.0,
      "p99" : 0.0,
      "p999" : 0.0,
      "values" : [ 0 ],
      "stddev" : 0.0
    },
    "jenkins.queue.stuck.history" : {
      "count" : 1,
      "max" : 0,
      "mean" : 0.0,
      "min" : 0,
      "p50" : 0.0,
      "p75" : 0.0,
      "p95" : 0.0,
      "p98" : 0.0,
      "p99" : 0.0,
      "p999" : 0.0,
      "values" : [ 0 ],
      "stddev" : 0.0
    },
    "system.cpu.load.x100.history" : {
      "count" : 1,
      "max" : 97,
      "mean" : 97.0,
      "min" : 97,
      "p50" : 97.0,
      "p75" : 97.0,
      "p95" : 97.0,
      "p98" : 97.0,
      "p99" : 97.0,
      "p999" : 97.0,
      "values" : [ 97 ],
      "stddev" : 0.0
    },
    "system.cpu.load.x100.window.15m" : {
      "count" : 1,
      "max" : 97,
      "mean" : 97.0,
      "min" : 97,
      "p50" : 97.0,
      "p75" : 97.0,
      "p95" : 97.0,
      "p98" : 97.0,
      "p99" : 97.0,
      "p999" : 97.0,
      "values" : [ 97 ],
      "stddev" : 0.0
    },
    "system.cpu.load.x100.window.1h" : {
      "count" : 1,
      "max" : 97,
      "mean" : 97.0,
      "min" : 97,
      "p50" : 97.0,
      "p75" : 97.0,
      "p95" : 97.0,
      "p98" : 97.0,
      "p99" : 97.0,
      "p999" : 97.0,
      "values" : [ 97 ],
      "stddev" : 0.0
    },
    "system.cpu.load.x100.window.5m" : {
      "count" : 1,
      "max" : 97,
      "mean" : 97.0,
      "min" : 97,
      "p50" : 97.0,
      "p75" : 97.0,
      "p95" : 97.0,
      "p98" : 97.0,
      "p99" : 97.0,
      "p999" : 97.0,
      "values" : [ 97 ],
      "stddev" : 0.0
    },
    "vm.cpu.load.x100.history" : {
      "count" : 1,
      "max" : 144,
      "mean" : 144.0,
      "min" : 144,
      "p50" : 144.0,
      "p75" : 144.0,
      "p95" : 144.0,
      "p98" : 144.0,
      "p99" : 144.0,
      "p999" : 144.0,
      "values" : [ 144 ],
      "stddev" : 0.0
    },
    "vm.cpu.load.x100.window.15m" : {
      "count" : 1,
      "max" : 144,
      "mean" : 144.0,
      "min" : 144,
      "p50" : 144.0,
      "p75" : 144.0,
      "p95" : 144.0,
      "p98" : 144.0,
      "p99" : 144.0,
      "p999" : 144.0,
      "values" : [ 144 ],
      "stddev" : 0.0
    },
    "vm.cpu.load.x100.window.1h" : {
      "count" : 1,
      "max" : 144,
      "mean" : 144.0,
      "min" : 144,
      "p50" : 144.0,
      "p75" : 144.0,
      "p95" : 144.0,
      "p98" : 144.0,
      "p99" : 144.0,
      "p999" : 144.0,
      "values" : [ 144 ],
      "stddev" : 0.0
    },
    "vm.cpu.load.x100.window.5m" : {
      "count" : 1,
      "max" : 144,
      "mean" : 144.0,
      "min" : 144,
      "p50" : 144.0,
      "p75" : 144.0,
      "p95" : 144.0,
      "p98" : 144.0,
      "p99" : 144.0,
      "p999" : 144.0,
      "values" : [ 144 ],
      "stddev" : 0.0
    },
    "vm.file.descriptor.ratio.x100.history" : {
      "count" : 1,
      "max" : 0,
      "mean" : 0.0,
      "min" : 0,
      "p50" : 0.0,
      "p75" : 0.0,
      "p95" : 0.0,
      "p98" : 0.0,
      "p99" : 0.0,
      "p999" : 0.0,
      "values" : [ 0 ],
      "stddev" : 0.0
    },
    "vm.file.descriptor.ratio.x100.window.15m" : {
      "count" : 1,
      "max" : 0,
      "mean" : 0.0,
      "min" : 0,
      "p50" : 0.0,
      "p75" : 0.0,
      "p95" : 0.0,
      "p98" : 0.0,
      "p99" : 0.0,
      "p999" : 0.0,
      "values" : [ 0 ],
      "stddev" : 0.0
    },
    "vm.file.descriptor.ratio.x100.window.1h" : {
      "count" : 1,
      "max" : 0,
      "mean" : 0.0,
      "min" : 0,
      "p50" : 0.0,
      "p75" : 0.0,
      "p95" : 0.0,
      "p98" : 0.0,
      "p99" : 0.0,
      "p999" : 0.0,
      "values" : [ 0 ],
      "stddev" : 0.0
    },
    "vm.file.descriptor.ratio.x100.window.5m" : {
      "count" : 1,
      "max" : 0,
      "mean" : 0.0,
      "min" : 0,
      "p50" : 0.0,
      "p75" : 0.0,
      "p95" : 0.0,
      "p98" : 0.0,
      "p99" : 0.0,
      "p999" : 0.0,
      "values" : [ 0 ],
      "stddev" : 0.0
    },
    "vm.memory.heap.committed.history" : {
      "count" : 1,
      "max" : 380633088,
      "mean" : 3.80633088E8,
      "min" : 380633088,
      "p50" : 3.80633088E8,
      "p75" : 3.80633088E8,
      "p95" : 3.80633088E8,
      "p98" : 3.80633088E8,
      "p99" : 3.80633088E8,
      "p999" : 3.80633088E8,
      "values" : [ 380633088 ],
      "stddev" : 0.0
    },
    "vm.memory.heap.committed.window.15m" : {
      "count" : 1,
      "max" : 380633088,
      "mean" : 3.80633088E8,
      "min" : 380633088,
      "p50" : 3.80633088E8,
      "p75" : 3.80633088E8,
      "p95" : 3.80633088E8,
      "p98" : 3.80633088E8,
      "p99" : 3.80633088E8,
      "p999" : 3.80633088E8,
      "values" : [ 380633088 ],
      "stddev" : 0.0
    },
    "vm.memory.heap.committed.window.1h" : {
      "count" : 1,
      "max" : 380633088,
      "mean" : 3.80633088E8,
      "min" : 380633088,
      "p50" : 3.80633088E8,
      "p75" : 3.80633088E8,
      "p95" : 3.80633088E8,
      "p98" : 3.80633088E8,
      "p99" : 3.80633088E8,
      "p999" : 3.80633088E8,
      "values" : [ 380633088 ],
      "stddev" : 0.0
    },
    "vm.memory.heap.committed.window.5m" : {
      "count" : 1,
      "max" : 380633088,
      "mean" : 3.80633088E8,
      "min" : 380633088,
      "p50" : 3.80633088E8,
      "p75" : 3.80633088E8,
      "p95" : 3.80633088E8,
      "p98" : 3.80633088E8,
      "p99" : 3.80633088E8,
      "p999" : 3.80633088E8,
      "values" : [ 380633088 ],
      "stddev" : 0.0
    },
    "vm.memory.heap.usage.x100.history" : {
      "count" : 1,
      "max" : 25,
      "mean" : 25.0,
      "min" : 25,
      "p50" : 25.0,
      "p75" : 25.0,
      "p95" : 25.0,
      "p98" : 25.0,
      "p99" : 25.0,
      "p999" : 25.0,
      "values" : [ 25 ],
      "stddev" : 0.0
    },
    "vm.memory.heap.usage.x100.window.15m" : {
      "count" : 1,
      "max" : 25,
      "mean" : 25.0,
      "min" : 25,
      "p50" : 25.0,
      "p75" : 25.0,
      "p95" : 25.0,
      "p98" : 25.0,
      "p99" : 25.0,
      "p999" : 25.0,
      "values" : [ 25 ],
      "stddev" : 0.0
    },
    "vm.memory.heap.usage.x100.window.1h" : {
      "count" : 1,
      "max" : 25,
      "mean" : 25.0,
      "min" : 25,
      "p50" : 25.0,
      "p75" : 25.0,
      "p95" : 25.0,
      "p98" : 25.0,
      "p99" : 25.0,
      "p999" : 25.0,
      "values" : [ 25 ],
      "stddev" : 0.0
    },
    "vm.memory.heap.usage.x100.window.5m" : {
      "count" : 1,
      "max" : 25,
      "mean" : 25.0,
      "min" : 25,
      "p50" : 25.0,
      "p75" : 25.0,
      "p95" : 25.0,
      "p98" : 25.0,
      "p99" : 25.0,
      "p999" : 25.0,
      "values" : [ 25 ],
      "stddev" : 0.0
    },
    "vm.memory.heap.used.history" : {
      "count" : 1,
      "max" : 219589096,
      "mean" : 2.19589096E8,
      "min" : 219589096,
      "p50" : 2.19589096E8,
      "p75" : 2.19589096E8,
      "p95" : 2.19589096E8,
      "p98" : 2.19589096E8,
      "p99" : 2.19589096E8,
      "p999" : 2.19589096E8,
      "values" : [ 219589096 ],
      "stddev" : 0.0
    },
    "vm.memory.heap.used.window.15m" : {
      "count" : 1,
      "max" : 219589096,
      "mean" : 2.19589096E8,
      "min" : 219589096,
      "p50" : 2.19589096E8,
      "p75" : 2.19589096E8,
      "p95" : 2.19589096E8,
      "p98" : 2.19589096E8,
      "p99" : 2.19589096E8,
      "p999" : 2.19589096E8,
      "values" : [ 219589096 ],
      "stddev" : 0.0
    },
    "vm.memory.heap.used.window.1h" : {
      "count" : 1,
      "max" : 219589096,
      "mean" : 2.19589096E8,
      "min" : 219589096,
      "p50" : 2.19589096E8,
      "p75" : 2.19589096E8,
      "p95" : 2.19589096E8,
      "p98" : 2.19589096E8,
      "p99" : 2.19589096E8,
      "p999" : 2.19589096E8,
      "values" : [ 219589096 ],
      "stddev" : 0.0
    },
    "vm.memory.heap.used.window.5m" : {
      "count" : 1,
      "max" : 219589096,
      "mean" : 2.19589096E8,
      "min" : 219589096,
      "p50" : 2.19589096E8,
      "p75" : 2.19589096E8,
      "p95" : 2.19589096E8,
      "p98" : 2.19589096E8,
      "p99" : 2.19589096E8,
      "p999" : 2.19589096E8,
      "values" : [ 219589096 ],
      "stddev" : 0.0
    },
    "vm.memory.non-heap.committed.history" : {
      "count" : 1,
      "max" : 128819200,
      "mean" : 1.288192E8,
      "min" : 128819200,
      "p50" : 1.288192E8,
      "p75" : 1.288192E8,
      "p95" : 1.288192E8,
      "p98" : 1.288192E8,
      "p99" : 1.288192E8,
      "p999" : 1.288192E8,
      "values" : [ 128819200 ],
      "stddev" : 0.0
    },
    "vm.memory.non-heap.committed.window.15m" : {
      "count" : 1,
      "max" : 128819200,
      "mean" : 1.288192E8,
      "min" : 128819200,
      "p50" : 1.288192E8,
      "p75" : 1.288192E8,
      "p95" : 1.288192E8,
      "p98" : 1.288192E8,
      "p99" : 1.288192E8,
      "p999" : 1.288192E8,
      "values" : [ 128819200 ],
      "stddev" : 0.0
    },
    "vm.memory.non-heap.committed.window.1h" : {
      "count" : 1,
      "max" : 128819200,
      "mean" : 1.288192E8,
      "min" : 128819200,
      "p50" : 1.288192E8,
      "p75" : 1.288192E8,
      "p95" : 1.288192E8,
      "p98" : 1.288192E8,
      "p99" : 1.288192E8,
      "p999" : 1.288192E8,
      "values" : [ 128819200 ],
      "stddev" : 0.0
    },
    "vm.memory.non-heap.committed.window.5m" : {
      "count" : 1,
      "max" : 128819200,
      "mean" : 1.288192E8,
      "min" : 128819200,
      "p50" : 1.288192E8,
      "p75" : 1.288192E8,
      "p95" : 1.288192E8,
      "p98" : 1.288192E8,
      "p99" : 1.288192E8,
      "p999" : 1.288192E8,
      "values" : [ 128819200 ],
      "stddev" : 0.0
    },
    "vm.memory.non-heap.usage.x100.history" : {
      "count" : 1,
      "max" : -11634413600,
      "mean" : -1.16344136E10,
      "min" : -11634413600,
      "p50" : -1.16344136E10,
      "p75" : -1.16344136E10,
      "p95" : -1.16344136E10,
      "p98" : -1.16344136E10,
      "p99" : -1.16344136E10,
      "p999" : -1.16344136E10,
      "values" : [ -11634413600 ],
      "stddev" : 0.0
    },
    "vm.memory.non-heap.usage.x100.window.15m" : {
      "count" : 1,
      "max" : -11634413600,
      "mean" : -1.16344136E10,
      "min" : -11634413600,
      "p50" : -1.16344136E10,
      "p75" : -1.16344136E10,
      "p95" : -1.16344136E10,
      "p98" : -1.16344136E10,
      "p99" : -1.16344136E10,
      "p999" : -1.16344136E10,
      "values" : [ -11634413600 ],
      "stddev" : 0.0
    },
    "vm.memory.non-heap.usage.x100.window.1h" : {
      "count" : 1,
      "max" : -11634413600,
      "mean" : -1.16344136E10,
      "min" : -11634413600,
      "p50" : -1.16344136E10,
      "p75" : -1.16344136E10,
      "p95" : -1.16344136E10,
      "p98" : -1.16344136E10,
      "p99" : -1.16344136E10,
      "p999" : -1.16344136E10,
      "values" : [ -11634413600 ],
      "stddev" : 0.0
    },
    "vm.memory.non-heap.usage.x100.window.5m" : {
      "count" : 1,
      "max" : -11634413600,
      "mean" : -1.16344136E10,
      "min" : -11634413600,
      "p50" : -1.16344136E10,
      "p75" : -1.16344136E10,
      "p95" : -1.16344136E10,
      "p98" : -1.16344136E10,
      "p99" : -1.16344136E10,
      "p999" : -1.16344136E10,
      "values" : [ -11634413600 ],
      "stddev" : 0.0
    },
    "vm.memory.non-heap.used.history" : {
      "count" : 1,
      "max" : 116344200,
      "mean" : 1.163442E8,
      "min" : 116344200,
      "p50" : 1.163442E8,
      "p75" : 1.163442E8,
      "p95" : 1.163442E8,
      "p98" : 1.163442E8,
      "p99" : 1.163442E8,
      "p999" : 1.163442E8,
      "values" : [ 116344200 ],
      "stddev" : 0.0
    },
    "vm.memory.non-heap.used.window.15m" : {
      "count" : 1,
      "max" : 116344200,
      "mean" : 1.163442E8,
      "min" : 116344200,
      "p50" : 1.163442E8,
      "p75" : 1.163442E8,
      "p95" : 1.163442E8,
      "p98" : 1.163442E8,
      "p99" : 1.163442E8,
      "p999" : 1.163442E8,
      "values" : [ 116344200 ],
      "stddev" : 0.0
    },
    "vm.memory.non-heap.used.window.1h" : {
      "count" : 1,
      "max" : 116344200,
      "mean" : 1.163442E8,
      "min" : 116344200,
      "p50" : 1.163442E8,
      "p75" : 1.163442E8,
      "p95" : 1.163442E8,
      "p98" : 1.163442E8,
      "p99" : 1.163442E8,
      "p999" : 1.163442E8,
      "values" : [ 116344200 ],
      "stddev" : 0.0
    },
    "vm.memory.non-heap.used.window.5m" : {
      "count" : 1,
      "max" : 116344200,
      "mean" : 1.163442E8,
      "min" : 116344200,
      "p50" : 1.163442E8,
      "p75" : 1.163442E8,
      "p95" : 1.163442E8,
      "p98" : 1.163442E8,
      "p99" : 1.163442E8,
      "p999" : 1.163442E8,
      "values" : [ 116344200 ],
      "stddev" : 0.0
    },
    "vm.memory.pools.Code-Cache.committed.history" : {
      "count" : 1,
      "max" : 16056320,
      "mean" : 1.605632E7,
      "min" : 16056320,
      "p50" : 1.605632E7,
      "p75" : 1.605632E7,
      "p95" : 1.605632E7,
      "p98" : 1.605632E7,
      "p99" : 1.605632E7,
      "p999" : 1.605632E7,
      "values" : [ 16056320 ],
      "stddev" : 0.0
    },
    "vm.memory.pools.Code-Cache.committed.window.15m" : {
      "count" : 1,
      "max" : 16056320,
      "mean" : 1.605632E7,
      "min" : 16056320,
      "p50" : 1.605632E7,
      "p75" : 1.605632E7,
      "p95" : 1.605632E7,
      "p98" : 1.605632E7,
      "p99" : 1.605632E7,
      "p999" : 1.605632E7,
      "values" : [ 16056320 ],
      "stddev" : 0.0
    },
    "vm.memory.pools.Code-Cache.committed.window.1h" : {
      "count" : 1,
      "max" : 16056320,
      "mean" : 1.605632E7,
      "min" : 16056320,
      "p50" : 1.605632E7,
      "p75" : 1.605632E7,
      "p95" : 1.605632E7,
      "p98" : 1.605632E7,
      "p99" : 1.605632E7,
      "p999" : 1.605632E7,
      "values" : [ 16056320 ],
      "stddev" : 0.0
    },
    "vm.memory.pools.Code-Cache.committed.window.5m" : {
      "count" : 1,
      "max" : 16056320,
      "mean" : 1.605632E7,
      "min" : 16056320,
      "p50" : 1.605632E7,
      "p75" : 1.605632E7,
      "p95" : 1.605632E7,
      "p98" : 1.605632E7,
      "p99" : 1.605632E7,
      "p999" : 1.605632E7,
      "values" : [ 16056320 ],
      "stddev" : 0.0
    },
    "vm.memory.pools.Code-Cache.usage.x100.history" : {
      "count" : 1,
      "max" : 6,
      "mean" : 6.0,
      "min" : 6,
      "p50" : 6.0,
      "p75" : 6.0,
      "p95" : 6.0,
      "p98" : 6.0,
      "p99" : 6.0,
      "p999" : 6.0,
      "values" : [ 6 ],
      "stddev" : 0.0
    },
    "vm.memory.pools.Code-Cache.usage.x100.window.15m" : {
      "count" : 1,
      "max" : 6,
      "mean" : 6.0,
      "min" : 6,
      "p50" : 6.0,
      "p75" : 6.0,
      "p95" : 6.0,
      "p98" : 6.0,
      "p99" : 6.0,
      "p999" : 6.0,
      "values" : [ 6 ],
      "stddev" : 0.0
    },
    "vm.memory.pools.Code-Cache.usage.x100.window.1h" : {
      "count" : 1,
      "max" : 6,
      "mean" : 6.0,
      "min" : 6,
      "p50" : 6.0,
      "p75" : 6.0,
      "p95" : 6.0,
      "p98" : 6.0,
      "p99" : 6.0,
      "p999" : 6.0,
      "values" : [ 6 ],
      "stddev" : 0.0
    },
    "vm.memory.pools.Code-Cache.usage.x100.window.5m" : {
      "count" : 1,
      "max" : 6,
      "mean" : 6.0,
      "min" : 6,
      "p50" : 6.0,
      "p75" : 6.0,
      "p95" : 6.0,
      "p98" : 6.0,
      "p99" : 6.0,
      "p999" : 6.0,
      "values" : [ 6 ],
      "stddev" : 0.0
    },
    "vm.memory.pools.Code-Cache.used.history" : {
      "count" : 1,
      "max" : 15787904,
      "mean" : 1.5787904E7,
      "min" : 15787904,
      "p50" : 1.5787904E7,
      "p75" : 1.5787904E7,
      "p95" : 1.5787904E7,
      "p98" : 1.5787904E7,
      "p99" : 1.5787904E7,
      "p999" : 1.5787904E7,
      "values" : [ 15787904 ],
      "stddev" : 0.0
    },
    "vm.memory.pools.Code-Cache.used.window.15m" : {
      "count" : 1,
      "max" : 15787904,
      "mean" : 1.5787904E7,
      "min" : 15787904,
      "p50" : 1.5787904E7,
      "p75" : 1.5787904E7,
      "p95" : 1.5787904E7,
      "p98" : 1.5787904E7,
      "p99" : 1.5787904E7,
      "p999" : 1.5787904E7,
      "values" : [ 15787904 ],
      "stddev" : 0.0
    },
    "vm.memory.pools.Code-Cache.used.window.1h" : {
      "count" : 1,
      "max" : 15787904,
      "mean" : 1.5787904E7,
      "min" : 15787904,
      "p50" : 1.5787904E7,
      "p75" : 1.5787904E7,
      "p95" : 1.5787904E7,
      "p98" : 1.5787904E7,
      "p99" : 1.5787904E7,
      "p999" : 1.5787904E7,
      "values" : [ 15787904 ],
      "stddev" : 0.0
    },
    "vm.memory.pools.Code-Cache.used.window.5m" : {
      "count" : 1,
      "max" : 15787904,
      "mean" : 1.5787904E7,
      "min" : 15787904,
      "p50" : 1.5787904E7,
      "p75" : 1.5787904E7,
      "p95" : 1.5787904E7,
      "p98" : 1.5787904E7,
      "p99" : 1.5787904E7,
      "p999" : 1.5787904E7,
      "values" : [ 15787904 ],
      "stddev" : 0.0
    },
    "vm.memory.pools.Compressed-Class-Space.committed.history" : {
      "count" : 1,
      "max" : 12996608,
      "mean" : 1.2996608E7,
      "min" : 12996608,
      "p50" : 1.2996608E7,
      "p75" : 1.2996608E7,
      "p95" : 1.2996608E7,
      "p98" : 1.2996608E7,
      "p99" : 1.2996608E7,
      "p999" : 1.2996608E7,
      "values" : [ 12996608 ],
      "stddev" : 0.0
    },
    "vm.memory.pools.Compressed-Class-Space.committed.window.15m" : {
      "count" : 1,
      "max" : 12996608,
      "mean" : 1.2996608E7,
      "min" : 12996608,
      "p50" : 1.2996608E7,
      "p75" : 1.2996608E7,
      "p95" : 1.2996608E7,
      "p98" : 1.2996608E7,
      "p99" : 1.2996608E7,
      "p999" : 1.2996608E7,
      "values" : [ 12996608 ],
      "stddev" : 0.0
    },
    "vm.memory.pools.Compressed-Class-Space.committed.window.1h" : {
      "count" : 1,
      "max" : 12996608,
      "mean" : 1.2996608E7,
      "min" : 12996608,
      "p50" : 1.2996608E7,
      "p75" : 1.2996608E7,
      "p95" : 1.2996608E7,
      "p98" : 1.2996608E7,
      "p99" : 1.2996608E7,
      "p999" : 1.2996608E7,
      "values" : [ 12996608 ],
      "stddev" : 0.0
    },
    "vm.memory.pools.Compressed-Class-Space.committed.window.5m" : {
      "count" : 1,
      "max" : 12996608,
      "mean" : 1.2996608E7,
      "min" : 12996608,
      "p50" : 1.2996608E7,
      "p75" : 1.2996608E7,
      "p95" : 1.2996608E7,
      "p98" : 1.2996608E7,
      "p99" : 1.2996608E7,
      "p999" : 1.2996608E7,
      "values" : [ 12996608 ],
      "stddev" : 0.0
    },
    "vm.memory.pools.Compressed-Class-Space.usage.x100.history" : {
      "count" : 1,
      "max" : 1,
      "mean" : 1.0,
      "min" : 1,
      "p50" : 1.0,
      "p75" : 1.0,
      "p95" : 1.0,
      "p98" : 1.0,
      "p99" : 1.0,
      "p999" : 1.0,
      "values" : [ 1 ],
      "stddev" : 0.0
    },
    "vm.memory.pools.Compressed-Class-Space.usage.x100.window.15m" : {
      "count" : 1,
      "max" : 1,
      "mean" : 1.0,
      "min" : 1,
      "p50" : 1.0,
      "p75" : 1.0,
      "p95" : 1.0,
      "p98" : 1.0,
      "p99" : 1.0,
      "p999" : 1.0,
      "values" : [ 1 ],
      "stddev" : 0.0
    },
    "vm.memory.pools.Compressed-Class-Space.usage.x100.window.1h" : {
      "count" : 1,
      "max" : 1,
      "mean" : 1.0,
      "min" : 1,
      "p50" : 1.0,
      "p75" : 1.0,
      "p95" : 1.0,
      "p98" : 1.0,
      "p99" : 1.0,
      "p999" : 1.0,
      "values" : [ 1 ],
      "stddev" : 0.0
    },
    "vm.memory.pools.Compressed-Class-Space.usage.x100.window.5m" : {
      "count" : 1,
      "max" : 1,
      "mean" : 1.0,
      "min" : 1,
      "p50" : 1.0,
      "p75" : 1.0,
      "p95" : 1.0,
      "p98" : 1.0,
      "p99" : 1.0,
      "p999" : 1.0,
      "values" : [ 1 ],
      "stddev" : 0.0
    },
    "vm.memory.pools.Compressed-Class-Space.used.history" : {
      "count" : 1,
      "max" : 10486760,
      "mean" : 1.048676E7,
      "min" : 10486760,
      "p50" : 1.048676E7,
      "p75" : 1.048676E7,
      "p95" : 1.048676E7,
      "p98" : 1.048676E7,
      "p99" : 1.048676E7,
      "p999" : 1.048676E7,
      "values" : [ 10486760 ],
      "stddev" : 0.0
    },
    "vm.memory.pools.Compressed-Class-Space.used.window.15m" : {
      "count" : 1,
      "max" : 10486760,
      "mean" : 1.048676E7,
      "min" : 10486760,
      "p50" : 1.048676E7,
      "p75" : 1.048676E7,
      "p95" : 1.048676E7,
      "p98" : 1.048676E7,
      "p99" : 1.048676E7,
      "p999" : 1.048676E7,
      "values" : [ 10486760 ],
      "stddev" : 0.0
    },
    "vm.memory.pools.Compressed-Class-Space.used.window.1h" : {
      "count" : 1,
      "max" : 10486760,
      "mean" : 1.048676E7,
      "min" : 10486760,
      "p50" : 1.048676E7,
      "p75" : 1.048676E7,
      "p95" : 1.048676E7,
      "p98" : 1.048676E7,
      "p99" : 1.048676E7,
      "p999" : 1.048676E7,
      "values" : [ 10486760 ],
      "stddev" : 0.0
    },
    "vm.memory.pools.Compressed-Class-Space.used.window.5m" : {
      "count" : 1,
      "max" : 10486760,
      "mean" : 1.048676E7,
      "min" : 10486760,
      "p50" : 1.048676E7,
      "p75" : 1.048676E7,
      "p95" : 1.048676E7,
      "p98" : 1.048676E7,
      "p99" : 1.048676E7,
      "p999" : 1.048676E7,
      "values" : [ 10486760 ],
      "stddev" : 0.0
    },
    "vm.memory.pools.Metaspace.committed.history" : {
      "count" : 1,
      "max" : 99766272,
      "mean" : 9.9766272E7,
      "min" : 99766272,
      "p50" : 9.9766272E7,
      "p75" : 9.9766272E7,
      "p95" : 9.9766272E7,
      "p98" : 9.9766272E7,
      "p99" : 9.9766272E7,
      "p999" : 9.9766272E7,
      "values" : [ 99766272 ],
      "stddev" : 0.0
    },
    "vm.memory.pools.Metaspace.committed.window.15m" : {
      "count" : 1,
      "max" : 99766272,
      "mean" : 9.9766272E7,
      "min" : 99766272,
      "p50" : 9.9766272E7,
      "p75" : 9.9766272E7,
      "p95" : 9.9766272E7,
      "p98" : 9.9766272E7,
      "p99" : 9.9766272E7,
      "p999" : 9.9766272E7,
      "values" : [ 99766272 ],
      "stddev" : 0.0
    },
    "vm.memory.pools.Metaspace.committed.window.1h" : {
      "count" : 1,
      "max" : 99766272,
      "mean" : 9.9766272E7,
      "min" : 99766272,
      "p50" : 9.9766272E7,
      "p75" : 9.9766272E7,
      "p95" : 9.9766272E7,
      "p98" : 9.9766272E7,
      "p99" : 9.9766272E7,
      "p999" : 9.9766272E7,
      "values" : [ 99766272 ],
      "stddev" : 0.0
    },
    "vm.memory.pools.Metaspace.committed.window.5m" : {
      "count" : 1,
      "max" : 99766272,
      "mean" : 9.9766272E7,
      "min" : 99766272,
      "p50" : 9.9766272E7,
      "p75" : 9.9766272E7,
      "p95" : 9.9766272E7,
      "p98" : 9.9766272E7,
      "p99" : 9.9766272E7,
      "p999" : 9.9766272E7,
      "values" : [ 99766272 ],
      "stddev" : 0.0
    },
    "vm.memory.pools.Metaspace.usage.x100.history" : {
      "count" : 1,
      "max" : 90,
      "mean" : 90.0,
      "min" : 90,
      "p50" : 90.0,
      "p75" : 90.0,
      "p95" : 90.0,
      "p98" : 90.0,
      "p99" : 90.0,
      "p999" : 90.0,
      "values" : [ 90 ],
      "stddev" : 0.0
    },
    "vm.memory.pools.Metaspace.usage.x100.window.15m" : {
      "count" : 1,
      "max" : 90,
      "mean" : 90.0,
      "min" : 90,
      "p50" : 90.0,
      "p75" : 90.0,
      "p95" : 90.0,
      "p98" : 90.0,
      "p99" : 90.0,
      "p999" : 90.0,
      "values" : [ 90 ],
      "stddev" : 0.0
    },
    "vm.memory.pools.Metaspace.usage.x100.window.1h" : {
      "count" : 1,
      "max" : 90,
      "mean" : 90.0,
      "min" : 90,
      "p50" : 90.0,
      "p75" : 90.0,
      "p95" : 90.0,
      "p98" : 90.0,
      "p99" : 90.0,
      "p999" : 90.0,
      "values" : [ 90 ],
      "stddev" : 0.0
    },
    "vm.memory.pools.Metaspace.usage.x100.window.5m" : {
      "count" : 1,
      "max" : 90,
      "mean" : 90.0,
      "min" : 90,
      "p50" : 90.0,
      "p75" : 90.0,
      "p95" : 90.0,
      "p98" : 90.0,
      "p99" : 90.0,
      "p999" : 90.0,
      "values" : [ 90 ],
      "stddev" : 0.0
    },
    "vm.memory.pools.Metaspace.used.history" : {
      "count" : 1,
      "max" : 90070104,
      "mean" : 9.0070104E7,
      "min" : 90070104,
      "p50" : 9.0070104E7,
      "p75" : 9.0070104E7,
      "p95" : 9.0070104E7,
      "p98" : 9.0070104E7,
      "p99" : 9.0070104E7,
      "p999" : 9.0070104E7,
      "values" : [ 90070104 ],
      "stddev" : 0.0
    },
    "vm.memory.pools.Metaspace.used.window.15m" : {
      "count" : 1,
      "max" : 90070104,
      "mean" : 9.0070104E7,
      "min" : 90070104,
      "p50" : 9.0070104E7,
      "p75" : 9.0070104E7,
      "p95" : 9.0070104E7,
      "p98" : 9.0070104E7,
      "p99" : 9.0070104E7,
      "p999" : 9.0070104E7,
      "values" : [ 90070104 ],
      "stddev" : 0.0
    },
    "vm.memory.pools.Metaspace.used.window.1h" : {
      "count" : 1,
      "max" : 90070104,
      "mean" : 9.0070104E7,
      "min" : 90070104,
      "p50" : 9.0070104E7,
      "p75" : 9.0070104E7,
      "p95" : 9.0070104E7,
      "p98" : 9.0070104E7,
      "p99" : 9.0070104E7,
      "p999" : 9.0070104E7,
      "values" : [ 90070104 ],
      "stddev" : 0.0
    },
    "vm.memory.pools.Metaspace.used.window.5m" : {
      "count" : 1,
      "max" : 90070104,
      "mean" : 9.0070104E7,
      "min" : 90070104,
      "p50" : 9.0070104E7,
      "p75" : 9.0070104E7,
      "p95" : 9.0070104E7,
      "p98" : 9.0070104E7,
      "p99" : 9.0070104E7,
      "p999" : 9.0070104E7,
      "values" : [ 90070104 ],
      "stddev" : 0.0
    },
    "vm.memory.pools.PS-Eden-Space.committed.history" : {
      "count" : 1,
      "max" : 268435456,
      "mean" : 2.68435456E8,
      "min" : 268435456,
      "p50" : 2.68435456E8,
      "p75" : 2.68435456E8,
      "p95" : 2.68435456E8,
      "p98" : 2.68435456E8,
      "p99" : 2.68435456E8,
      "p999" : 2.68435456E8,
      "values" : [ 268435456 ],
      "stddev" : 0.0
    },
    "vm.memory.pools.PS-Eden-Space.committed.window.15m" : {
      "count" : 1,
      "max" : 268435456,
      "mean" : 2.68435456E8,
      "min" : 268435456,
      "p50" : 2.68435456E8,
      "p75" : 2.68435456E8,
      "p95" : 2.68435456E8,
      "p98" : 2.68435456E8,
      "p99" : 2.68435456E8,
      "p999" : 2.68435456E8,
      "values" : [ 268435456 ],
      "stddev" : 0.0
    },
    "vm.memory.pools.PS-Eden-Space.committed.window.1h" : {
      "count" : 1,
      "max" : 268435456,
      "mean" : 2.68435456E8,
      "min" : 268435456,
      "p50" : 2.68435456E8,
      "p75" : 2.68435456E8,
      "p95" : 2.68435456E8,
      "p98" : 2.68435456E8,
      "p99" : 2.68435456E8,
      "p999" : 2.68435456E8,
      "values" : [ 268435456 ],
      "stddev" : 0.0
    },
    "vm.memory.pools.PS-Eden-Space.committed.window.5m" : {
      "count" : 1,
      "max" : 268435456,
      "mean" : 2.68435456E8,
      "min" : 268435456,
      "p50" : 2.68435456E8,
      "p75" : 2.68435456E8,
      "p95" : 2.68435456E8,
      "p98" : 2.68435456E8,
      "p99" : 2.68435456E8,
      "p999" : 2.68435456E8,
      "values" : [ 268435456 ],
      "stddev" : 0.0
    },
    "vm.memory.pools.PS-Eden-Space.usage.x100.history" : {
      "count" : 1,
      "max" : 59,
      "mean" : 59.0,
      "min" : 59,
      "p50" : 59.0,
      "p75" : 59.0,
      "p95" : 59.0,
      "p98" : 59.0,
      "p99" : 59.0,
      "p999" : 59.0,
      "values" : [ 59 ],
      "stddev" : 0.0
    },
    "vm.memory.pools.PS-Eden-Space.usage.x100.window.15m" : {
      "count" : 1,
      "max" : 59,
      "mean" : 59.0,
      "min" : 59,
      "p50" : 59.0,
      "p75" : 59.0,
      "p95" : 59.0,
      "p98" : 59.0,
      "p99" : 59.0,
      "p999" : 59.0,
      "values" : [ 59 ],
      "stddev" : 0.0
    },
    "vm.memory.pools.PS-Eden-Space.usage.x100.window.1h" : {
      "count" : 1,
      "max" : 59,
      "mean" : 59.0,
      "min" : 59,
      "p50" : 59.0,
      "p75" : 59.0,
      "p95" : 59.0,
      "p98" : 59.0,
      "p99" : 59.0,
      "p999" : 59.0,
      "values" : [ 59 ],
      "stddev" : 0.0
    },
    "vm.memory.pools.PS-Eden-Space.usage.x100.window.5m" : {
      "count" : 1,
      "max" : 59,
      "mean" : 59.0,
      "min" : 59,
      "p50" : 59.0,
      "p75" : 59.0,
      "p95" : 59.0,
      "p98" : 59.0,
      "p99" : 59.0,
      "p999" : 59.0,
      "values" : [ 59 ],
      "stddev" : 0.0
    },
    "vm.memory.pools.PS-Eden-Space.used.history" : {
      "count" : 1,
      "max" : 161758104,
      "mean" : 1.61758104E8,
      "min" : 161758104,
      "p50" : 1.61758104E8,
      "p75" : 1.61758104E8,
      "p95" : 1.61758104E8,
      "p98" : 1.61758104E8,
      "p99" : 1.61758104E8,
      "p999" : 1.61758104E8,
      "values" : [ 161758104 ],
      "stddev" : 0.0
    },
    "vm.memory.pools.PS-Eden-Space.used.window.15m" : {
      "count" : 1,
      "max" : 161758104,
      "mean" : 1.61758104E8,
      "min" : 161758104,
      "p50" : 1.61758104E8,
      "p75" : 1.61758104E8,
      "p95" : 1.61758104E8,
      "p98" : 1.61758104E8,
      "p99" : 1.61758104E8,
      "p999" : 1.61758104E8,
      "values" : [ 161758104 ],
      "stddev" : 0.0
    },
    "vm.memory.pools.PS-Eden-Space.used.window.1h" : {
      "count" : 1,
      "max" : 161758104,
      "mean" : 1.61758104E8,
      "min" : 161758104,
      "p50" : 1.61758104E8,
      "p75" : 1.61758104E8,
      "p95" : 1.61758104E8,
      "p98" : 1.61758104E8,
      "p99" : 1.61758104E8,
      "p999" : 1.61758104E8,
      "values" : [ 161758104 ],
      "stddev" : 0.0
    },
    "vm.memory.pools.PS-Eden-Space.used.window.5m" : {
      "count" : 1,
      "max" : 161758104,
      "mean" : 1.61758104E8,
      "min" : 161758104,
      "p50" : 1.61758104E8,
      "p75" : 1.61758104E8,
      "p95" : 1.61758104E8,
      "p98" : 1.61758104E8,
      "p99" : 1.61758104E8,
      "p999" : 1.61758104E8,
      "values" : [ 161758104 ],
      "stddev" : 0.0
    },
    "vm.memory.pools.PS-Old-Gen.committed.history" : {
      "count" : 1,
      "max" : 90701824,
      "mean" : 9.0701824E7,
      "min" : 90701824,
      "p50" : 9.0701824E7,
      "p75" : 9.0701824E7,
      "p95" : 9.0701824E7,
      "p98" : 9.0701824E7,
      "p99" : 9.0701824E7,
      "p999" : 9.0701824E7,
      "values" : [ 90701824 ],
      "stddev" : 0.0
    },
    "vm.memory.pools.PS-Old-Gen.committed.window.15m" : {
      "count" : 1,
      "max" : 90701824,
      "mean" : 9.0701824E7,
      "min" : 90701824,
      "p50" : 9.0701824E7,
      "p75" : 9.0701824E7,
      "p95" : 9.0701824E7,
      "p98" : 9.0701824E7,
      "p99" : 9.0701824E7,
      "p999" : 9.0701824E7,
      "values" : [ 90701824 ],
      "stddev" : 0.0
    },
    "vm.memory.pools.PS-Old-Gen.committed.window.1h" : {
      "count" : 1,
      "max" : 90701824,
      "mean" : 9.0701824E7,
      "min" : 90701824,
      "p50" : 9.0701824E7,
      "p75" : 9.0701824E7,
      "p95" : 9.0701824E7,
      "p98" : 9.0701824E7,
      "p99" : 9.0701824E7,
      "p999" : 9.0701824E7,
      "values" : [ 90701824 ],
      "stddev" : 0.0
    },
    "vm.memory.pools.PS-Old-Gen.committed.window.5m" : {
      "count" : 1,
      "max" : 90701824,
      "mean" : 9.0701824E7,
      "min" : 90701824,
      "p50" : 9.0701824E7,
      "p75" : 9.0701824E7,
      "p95" : 9.0701824E7,
      "p98" : 9.0701824E7,
      "p99" : 9.0701824E7,
      "p999" : 9.0701824E7,
      "values" : [ 90701824 ],
      "stddev" : 0.0
    },
    "vm.memory.pools.PS-Old-Gen.usage.x100.history" : {
      "count" : 1,
      "max" : 6,
      "mean" : 6.0,
      "min" : 6,
      "p50" : 6.0,
      "p75" : 6.0,
      "p95" : 6.0,
      "p98" : 6.0,
      "p99" : 6.0,
      "p999" : 6.0,
      "values" : [ 6 ],
      "stddev" : 0.0
    },
    "vm.memory.pools.PS-Old-Gen.usage.x100.window.15m" : {
      "count" : 1,
      "max" : 6,
      "mean" : 6.0,
      "min" : 6,
      "p50" : 6.0,
      "p75" : 6.0,
      "p95" : 6.0,
      "p98" : 6.0,
      "p99" : 6.0,
      "p999" : 6.0,
      "values" : [ 6 ],
      "stddev" : 0.0
    },
    "vm.memory.pools.PS-Old-Gen.usage.x100.window.1h" : {
      "count" : 1,
      "max" : 6,
      "mean" : 6.0,
      "min" : 6,
      "p50" : 6.0,
      "p75" : 6.0,
      "p95" : 6.0,
      "p98" : 6.0,
      "p99" : 6.0,
      "p999" : 6.0,
      "values" : [ 6 ],
      "stddev" : 0.0
    },
    "vm.memory.pools.PS-Old-Gen.usage.x100.window.5m" : {
      "count" : 1,
      "max" : 6,
      "mean" : 6.0,
      "min" : 6,
      "p50" : 6.0,
      "p75" : 6.0,
      "p95" : 6.0,
      "p98" : 6.0,
      "p99" : 6.0,
      "p999" : 6.0,
      "values" : [ 6 ],
      "stddev" : 0.0
    },
    "vm.memory.pools.PS-Old-Gen.used.history" : {
      "count" : 1,
      "max" : 36344840,
      "mean" : 3.634484E7,
      "min" : 36344840,
      "p50" : 3.634484E7,
      "p75" : 3.634484E7,
      "p95" : 3.634484E7,
      "p98" : 3.634484E7,
      "p99" : 3.634484E7,
      "p999" : 3.634484E7,
      "values" : [ 36344840 ],
      "stddev" : 0.0
    },
    "vm.memory.pools.PS-Old-Gen.used.window.15m" : {
      "count" : 1,
      "max" : 36344840,
      "mean" : 3.634484E7,
      "min" : 36344840,
      "p50" : 3.634484E7,
      "p75" : 3.634484E7,
      "p95" : 3.634484E7,
      "p98" : 3.634484E7,
      "p99" : 3.634484E7,
      "p999" : 3.634484E7,
      "values" : [ 36344840 ],
      "stddev" : 0.0
    },
    "vm.memory.pools.PS-Old-Gen.used.window.1h" : {
      "count" : 1,
      "max" : 36344840,
      "mean" : 3.634484E7,
      "min" : 36344840,
      "p50" : 3.634484E7,
      "p75" : 3.634484E7,
      "p95" : 3.634484E7,
      "p98" : 3.634484E7,
      "p99" : 3.634484E7,
      "p999" : 3.634484E7,
      "values" : [ 36344840 ],
      "stddev" : 0.0
    },
    "vm.memory.pools.PS-Old-Gen.used.window.5m" : {
      "count" : 1,
      "max" : 36344840,
      "mean" : 3.634484E7,
      "min" : 36344840,
      "p50" : 3.634484E7,
      "p75" : 3.634484E7,
      "p95" : 3.634484E7,
      "p98" : 3.634484E7,
      "p99" : 3.634484E7,
      "p999" : 3.634484E7,
      "values" : [ 36344840 ],
      "stddev" : 0.0
    },
    "vm.memory.pools.PS-Survivor-Space.committed.history" : {
      "count" : 1,
      "max" : 21495808,
      "mean" : 2.1495808E7,
      "min" : 21495808,
      "p50" : 2.1495808E7,
      "p75" : 2.1495808E7,
      "p95" : 2.1495808E7,
      "p98" : 2.1495808E7,
      "p99" : 2.1495808E7,
      "p999" : 2.1495808E7,
      "values" : [ 21495808 ],
      "stddev" : 0.0
    },
    "vm.memory.pools.PS-Survivor-Space.committed.window.15m" : {
      "count" : 1,
      "max" : 21495808,
      "mean" : 2.1495808E7,
      "min" : 21495808,
      "p50" : 2.1495808E7,
      "p75" : 2.1495808E7,
      "p95" : 2.1495808E7,
      "p98" : 2.1495808E7,
      "p99" : 2.1495808E7,
      "p999" : 2.1495808E7,
      "values" : [ 21495808 ],
      "stddev" : 0.0
    },
    "vm.memory.pools.PS-Survivor-Space.committed.window.1h" : {
      "count" : 1,
      "max" : 21495808,
      "mean" : 2.1495808E7,
      "min" : 21495808,
      "p50" : 2.1495808E7,
      "p75" : 2.1495808E7,
      "p95" : 2.1495808E7,
      "p98" : 2.1495808E7,
      "p99" : 2.1495808E7,
      "p999" : 2.1495808E7,
      "values" : [ 21495808 ],
      "stddev" : 0.0
    },
    "vm.memory.pools.PS-Survivor-Space.committed.window.5m" : {
      "count" : 1,
      "max" : 21495808,
      "mean" : 2.1495808E7,
      "min" : 21495808,
      "p50" : 2.1495808E7,
      "p75" : 2.1495808E7,
      "p95" : 2.1495808E7,
      "p98" : 2.1495808E7,
      "p99" : 2.1495808E7,
      "p999" : 2.1495808E7,
      "values" : [ 21495808 ],
      "stddev" : 0.0
    },
    "vm.memory.pools.PS-Survivor-Space.usage.x100.history" : {
      "count" : 1,
      "max" : 100,
      "mean" : 100.0,
      "min" : 100,
      "p50" : 100.0,
      "p75" : 100.0,
      "p95" : 100.0,
      "p98" : 100.0,
      "p99" : 100.0,
      "p999" : 100.0,
      "values" : [ 100 ],
      "stddev" : 0.0
    },
    "vm.memory.pools.PS-Survivor-Space.usage.x100.window.15m" : {
      "count" : 1,
      "max" : 100,
      "mean" : 100.0,
      "min" : 100,
      "p50" : 100.0,
      "p75" : 100.0,
      "p95" : 100.0,
      "p98" : 100.0,
      "p99" : 100.0,
      "p999" : 100.0,
      "values" : [ 100 ],
      "stddev" : 0.0
    },
    "vm.memory.pools.PS-Survivor-Space.usage.x100.window.1h" : {
      "count" : 1,
      "max" : 100,
      "mean" : 100.0,
      "min" : 100,
      "p50" : 100.0,
      "p75" : 100.0,
      "p95" : 100.0,
      "p98" : 100.0,
      "p99" : 100.0,
      "p999" : 100.0,
      "values" : [ 100 ],
      "stddev" : 0.0
    },
    "vm.memory.pools.PS-Survivor-Space.usage.x100.window.5m" : {
      "count" : 1,
      "max" : 100,
      "mean" : 100.0,
      "min" : 100,
      "p50" : 100.0,
      "p75" : 100.0,
      "p95" : 100.0,
      "p98" : 100.0,
      "p99" : 100.0,
      "p999" : 100.0,
      "values" : [ 100 ],
      "stddev" : 0.0
    },
    "vm.memory.pools.PS-Survivor-Space.used.history" : {
      "count" : 1,
      "max" : 21486152,
      "mean" : 2.1486152E7,
      "min" : 21486152,
      "p50" : 2.1486152E7,
      "p75" : 2.1486152E7,
      "p95" : 2.1486152E7,
      "p98" : 2.1486152E7,
      "p99" : 2.1486152E7,
      "p999" : 2.1486152E7,
      "values" : [ 21486152 ],
      "stddev" : 0.0
    },
    "vm.memory.pools.PS-Survivor-Space.used.window.15m" : {
      "count" : 1,
      "max" : 21486152,
      "mean" : 2.1486152E7,
      "min" : 21486152,
      "p50" : 2.1486152E7,
      "p75" : 2.1486152E7,
      "p95" : 2.1486152E7,
      "p98" : 2.1486152E7,
      "p99" : 2.1486152E7,
      "p999" : 2.1486152E7,
      "values" : [ 21486152 ],
      "stddev" : 0.0
    },
    "vm.memory.pools.PS-Survivor-Space.used.window.1h" : {
      "count" : 1,
      "max" : 21486152,
      "mean" : 2.1486152E7,
      "min" : 21486152,
      "p50" : 2.1486152E7,
      "p75" : 2.1486152E7,
      "p95" : 2.1486152E7,
      "p98" : 2.1486152E7,
      "p99" : 2.1486152E7,
      "p999" : 2.1486152E7,
      "values" : [ 21486152 ],
      "stddev" : 0.0
    },
    "vm.memory.pools.PS-Survivor-Space.used.window.5m" : {
      "count" : 1,
      "max" : 21486152,
      "mean" : 2.1486152E7,
      "min" : 21486152,
      "p50" : 2.1486152E7,
      "p75" : 2.1486152E7,
      "p95" : 2.1486152E7,
      "p98" : 2.1486152E7,
      "p99" : 2.1486152E7,
      "p999" : 2.1486152E7,
      "values" : [ 21486152 ],
      "stddev" : 0.0
    },
    "vm.memory.total.committed.history" : {
      "count" : 1,
      "max" : 509452288,
      "mean" : 5.09452288E8,
      "min" : 509452288,
      "p50" : 5.09452288E8,
      "p75" : 5.09452288E8,
      "p95" : 5.09452288E8,
      "p98" : 5.09452288E8,
      "p99" : 5.09452288E8,
      "p999" : 5.09452288E8,
      "values" : [ 509452288 ],
      "stddev" : 0.0
    },
    "vm.memory.total.committed.window.15m" : {
      "count" : 1,
      "max" : 509452288,
      "mean" : 5.09452288E8,
      "min" : 509452288,
      "p50" : 5.09452288E8,
      "p75" : 5.09452288E8,
      "p95" : 5.09452288E8,
      "p98" : 5.09452288E8,
      "p99" : 5.09452288E8,
      "p999" : 5.09452288E8,
      "values" : [ 509452288 ],
      "stddev" : 0.0
    },
    "vm.memory.total.committed.window.1h" : {
      "count" : 1,
      "max" : 509452288,
      "mean" : 5.09452288E8,
      "min" : 509452288,
      "p50" : 5.09452288E8,
      "p75" : 5.09452288E8,
      "p95" : 5.09452288E8,
      "p98" : 5.09452288E8,
      "p99" : 5.09452288E8,
      "p999" : 5.09452288E8,
      "values" : [ 509452288 ],
      "stddev" : 0.0
    },
    "vm.memory.total.committed.window.5m" : {
      "count" : 1,
      "max" : 509452288,
      "mean" : 5.09452288E8,
      "min" : 509452288,
      "p50" : 5.09452288E8,
      "p75" : 5.09452288E8,
      "p95" : 5.09452288E8,
      "p98" : 5.09452288E8,
      "p99" : 5.09452288E8,
      "p999" : 5.09452288E8,
      "values" : [ 509452288 ],
      "stddev" : 0.0
    },
    "vm.memory.total.used.history" : {
      "count" : 1,
      "max" : 335930280,
      "mean" : 3.3593028E8,
      "min" : 335930280,
      "p50" : 3.3593028E8,
      "p75" : 3.3593028E8,
      "p95" : 3.3593028E8,
      "p98" : 3.3593028E8,
      "p99" : 3.3593028E8,
      "p999" : 3.3593028E8,
      "values" : [ 335930280 ],
      "stddev" : 0.0
    },
    "vm.memory.total.used.window.15m" : {
      "count" : 1,
      "max" : 335930280,
      "mean" : 3.3593028E8,
      "min" : 335930280,
      "p50" : 3.3593028E8,
      "p75" : 3.3593028E8,
      "p95" : 3.3593028E8,
      "p98" : 3.3593028E8,
      "p99" : 3.3593028E8,
      "p999" : 3.3593028E8,
      "values" : [ 335930280 ],
      "stddev" : 0.0
    },
    "vm.memory.total.used.window.1h" : {
      "count" : 1,
      "max" : 335930280,
      "mean" : 3.3593028E8,
      "min" : 335930280,
      "p50" : 3.3593028E8,
      "p75" : 3.3593028E8,
      "p95" : 3.3593028E8,
      "p98" : 3.3593028E8,
      "p99" : 3.3593028E8,
      "p999" : 3.3593028E8,
      "values" : [ 335930280 ],
      "stddev" : 0.0
    },
    "vm.memory.total.used.window.5m" : {
      "count" : 1,
      "max" : 335930280,
      "mean" : 3.3593028E8,
      "min" : 335930280,
      "p50" : 3.3593028E8,
      "p75" : 3.3593028E8,
      "p95" : 3.3593028E8,
      "p98" : 3.3593028E8,
      "p99" : 3.3593028E8,
      "p999" : 3.3593028E8,
      "values" : [ 335930280 ],
      "stddev" : 0.0
    }
  },
  "meters" : {
    "http.responseCodes.badRequest" : {
      "count" : 0,
      "m15_rate" : 0.0,
      "m1_rate" : 0.0,
      "m5_rate" : 0.0,
      "mean_rate" : 0.0,
      "units" : "events/minute"
    },
    "http.responseCodes.created" : {
      "count" : 0,
      "m15_rate" : 0.0,
      "m1_rate" : 0.0,
      "m5_rate" : 0.0,
      "mean_rate" : 0.0,
      "units" : "events/minute"
    },
    "http.responseCodes.forbidden" : {
      "count" : 0,
      "m15_rate" : 0.0,
      "m1_rate" : 0.0,
      "m5_rate" : 0.0,
      "mean_rate" : 0.0,
      "units" : "events/minute"
    },
    "http.responseCodes.noContent" : {
      "count" : 0,
      "m15_rate" : 0.0,
      "m1_rate" : 0.0,
      "m5_rate" : 0.0,
      "mean_rate" : 0.0,
      "units" : "events/minute"
    },
    "http.responseCodes.notFound" : {
      "count" : 0,
      "m15_rate" : 0.0,
      "m1_rate" : 0.0,
      "m5_rate" : 0.0,
      "mean_rate" : 0.0,
      "units" : "events/minute"
    },
    "http.responseCodes.notModified" : {
      "count" : 0,
      "m15_rate" : 0.0,
      "m1_rate" : 0.0,
      "m5_rate" : 0.0,
      "mean_rate" : 0.0,
      "units" : "events/minute"
    },
    "http.responseCodes.ok" : {
      "count" : 1,
      "m15_rate" : 0.0,
      "m1_rate" : 0.0,
      "m5_rate" : 0.0,
      "mean_rate" : 2.1428542629375436,
      "units" : "events/minute"
    },
    "http.responseCodes.other" : {
      "count" : 0,
      "m15_rate" : 0.0,
      "m1_rate" : 0.0,
      "m5_rate" : 0.0,
      "mean_rate" : 0.0,
      "units" : "events/minute"
    },
    "http.responseCodes.serverError" : {
      "count" : 0,
      "m15_rate" : 0.0,
      "m1_rate" : 0.0,
      "m5_rate" : 0.0,
      "mean_rate" : 0.0,
      "units" : "events/minute"
    },
    "http.responseCodes.serviceUnavailable" : {
      "count" : 2,
      "m15_rate" : 11.801657445859409,
      "m1_rate" : 9.34560939685686,
      "m5_rate" : 11.414753094008567,
      "mean_rate" : 4.285692731281875,
      "units" : "events/minute"
    },
    "jenkins.job.scheduled" : {
      "count" : 0,
      "m15_rate" : 0.0,
      "m1_rate" : 0.0,
      "m5_rate" : 0.0,
      "mean_rate" : 0.0,
      "units" : "events/minute"
    },
    "jenkins.runs.aborted" : {
      "count" : 0,
      "m15_rate" : 0.0,
      "m1_rate" : 0.0,
      "m5_rate" : 0.0,
      "mean_rate" : 0.0,
      "units" : "events/minute"
    },
    "jenkins.runs.failure" : {
      "count" : 0,
      "m15_rate" : 0.0,
      "m1_rate" : 0.0,
      "m5_rate" : 0.0,
      "mean_rate" : 0.0,
      "units" : "events/minute"
    },
    "jenkins.runs.not_built" : {
      "count" : 0,
      "m15_rate" : 0.0,
      "m1_rate" : 0.0,
      "m5_rate" : 0.0,
      "mean_rate" : 0.0,
      "units" : "events/minute"
    },
    "jenkins.runs.success" : {
      "count" : 0,
      "m15_rate" : 0.0,
      "m1_rate" : 0.0,
      "m5_rate" : 0.0,
      "mean_rate" : 0.0,
      "units" : "events/minute"
    },
    "jenkins.runs.total" : {
      "count" : 0,
      "m15_rate" : 0.0,
      "m1_rate" : 0.0,
      "m5_rate" : 0.0,
      "mean_rate" : 0.0,
      "units" : "events/minute"
    },
    "jenkins.runs.unstable" : {
      "count" : 0,
      "m15_rate" : 0.0,
      "m1_rate" : 0.0,
      "m5_rate" : 0.0,
      "mean_rate" : 0.0,
      "units" : "events/minute"
    },
    "jenkins.task.scheduled" : {
      "count" : 0,
      "m15_rate" : 0.0,
      "m1_rate" : 0.0,
      "m5_rate" : 0.0,
      "mean_rate" : 0.0,
      "units" : "events/minute"
    }
  },
  "timers" : {
    "http.requests" : {
      "count" : 3,
      "max" : 0.686899178,
      "mean" : 0.3006169684039483,
      "min" : 0.009410256,
      "p50" : 0.060834415,
      "p75" : 0.686899178,
      "p95" : 0.686899178,
      "p98" : 0.686899178,
      "p99" : 0.686899178,
      "p999" : 0.686899178,
      "values" : [ 0.009410256, 0.060834415, 0.686899178 ],
      "stddev" : 0.32143244928511305,
      "m15_rate" : 11.801657445859409,
      "m1_rate" : 9.34560939685686,
      "m5_rate" : 11.414753094008567,
      "mean_rate" : 6.427472769632391,
      "duration_units" : "seconds",
      "rate_units" : "calls/minute"
    },
    "jenkins.health-check.duration" : {
      "count" : 0,
      "max" : 0.0,
      "mean" : 0.0,
      "min" : 0.0,
      "p50" : 0.0,
      "p75" : 0.0,
      "p95" : 0.0,
      "p98" : 0.0,
      "p99" : 0.0,
      "p999" : 0.0,
      "values" : [ ],
      "stddev" : 0.0,
      "m15_rate" : 0.0,
      "m1_rate" : 0.0,
      "m5_rate" : 0.0,
      "mean_rate" : 0.0,
      "duration_units" : "seconds",
      "rate_units" : "calls/minute"
    },
    "jenkins.job.blocked.duration" : {
      "count" : 0,
      "max" : 0.0,
      "mean" : 0.0,
      "min" : 0.0,
      "p50" : 0.0,
      "p75" : 0.0,
      "p95" : 0.0,
      "p98" : 0.0,
      "p99" : 0.0,
      "p999" : 0.0,
      "values" : [ ],
      "stddev" : 0.0,
      "m15_rate" : 0.0,
      "m1_rate" : 0.0,
      "m5_rate" : 0.0,
      "mean_rate" : 0.0,
      "duration_units" : "seconds",
      "rate_units" : "calls/minute"
    },
    "jenkins.job.buildable.duration" : {
      "count" : 0,
      "max" : 0.0,
      "mean" : 0.0,
      "min" : 0.0,
      "p50" : 0.0,
      "p75" : 0.0,
      "p95" : 0.0,
      "p98" : 0.0,
      "p99" : 0.0,
      "p999" : 0.0,
      "values" : [ ],
      "stddev" : 0.0,
      "m15_rate" : 0.0,
      "m1_rate" : 0.0,
      "m5_rate" : 0.0,
      "mean_rate" : 0.0,
      "duration_units" : "seconds",
      "rate_units" : "calls/minute"
    },
    "jenkins.job.building.duration" : {
      "count" : 0,
      "max" : 0.0,
      "mean" : 0.0,
      "min" : 0.0,
      "p50" : 0.0,
      "p75" : 0.0,
      "p95" : 0.0,
      "p98" : 0.0,
      "p99" : 0.0,
      "p999" : 0.0,
      "values" : [ ],
      "stddev" : 0.0,
      "m15_rate" : 0.0,
      "m1_rate" : 0.0,
      "m5_rate" : 0.0,
      "mean_rate" : 0.0,
      "duration_units" : "seconds",
      "rate_units" : "calls/minute"
    },
    "jenkins.job.execution.time" : {
      "count" : 0,
      "max" : 0.0,
      "mean" : 0.0,
      "min" : 0.0,
      "p50" : 0.0,
      "p75" : 0.0,
      "p95" : 0.0,
      "p98" : 0.0,
      "p99" : 0.0,
      "p999" : 0.0,
      "values" : [ ],
      "stddev" : 0.0,
      "m15_rate" : 0.0,
      "m1_rate" : 0.0,
      "m5_rate" : 0.0,
      "mean_rate" : 0.0,
      "duration_units" : "seconds",
      "rate_units" : "calls/minute"
    },
    "jenkins.job.queuing.duration" : {
      "count" : 0,
      "max" : 0.0,
      "mean" : 0.0,
      "min" : 0.0,
      "p50" : 0.0,
      "p75" : 0.0,
      "p95" : 0.0,
      "p98" : 0.0,
      "p99" : 0.0,
      "p999" : 0.0,
      "values" : [ ],
      "stddev" : 0.0,
      "m15_rate" : 0.0,
      "m1_rate" : 0.0,
      "m5_rate" : 0.0,
      "mean_rate" : 0.0,
      "duration_units" : "seconds",
      "rate_units" : "calls/minute"
    },
    "jenkins.job.total.duration" : {
      "count" : 0,
      "max" : 0.0,
      "mean" : 0.0,
      "min" : 0.0,
      "p50" : 0.0,
      "p75" : 0.0,
      "p95" : 0.0,
      "p98" : 0.0,
      "p99" : 0.0,
      "p999" : 0.0,
      "values" : [ ],
      "stddev" : 0.0,
      "m15_rate" : 0.0,
      "m1_rate" : 0.0,
      "m5_rate" : 0.0,
      "mean_rate" : 0.0,
      "duration_units" : "seconds",
      "rate_units" : "calls/minute"
    },
    "jenkins.job.waiting.duration" : {
      "count" : 0,
      "max" : 0.0,
      "mean" : 0.0,
      "min" : 0.0,
      "p50" : 0.0,
      "p75" : 0.0,
      "p95" : 0.0,
      "p98" : 0.0,
      "p99" : 0.0,
      "p999" : 0.0,
      "values" : [ ],
      "stddev" : 0.0,
      "m15_rate" : 0.0,
      "m1_rate" : 0.0,
      "m5_rate" : 0.0,
      "mean_rate" : 0.0,
      "duration_units" : "seconds",
      "rate_units" : "calls/minute"
    },
    "jenkins.task.blocked.duration" : {
      "count" : 0,
      "max" : 0.0,
      "mean" : 0.0,
      "min" : 0.0,
      "p50" : 0.0,
      "p75" : 0.0,
      "p95" : 0.0,
      "p98" : 0.0,
      "p99" : 0.0,
      "p999" : 0.0,
      "values" : [ ],
      "stddev" : 0.0,
      "m15_rate" : 0.0,
      "m1_rate" : 0.0,
      "m5_rate" : 0.0,
      "mean_rate" : 0.0,
      "duration_units" : "seconds",
      "rate_units" : "calls/minute"
    },
    "jenkins.task.buildable.duration" : {
      "count" : 0,
      "max" : 0.0,
      "mean" : 0.0,
      "min" : 0.0,
      "p50" : 0.0,
      "p75" : 0.0,
      "p95" : 0.0,
      "p98" : 0.0,
      "p99" : 0.0,
      "p999" : 0.0,
      "values" : [ ],
      "stddev" : 0.0,
      "m15_rate" : 0.0,
      "m1_rate" : 0.0,
      "m5_rate" : 0.0,
      "mean_rate" : 0.0,
      "duration_units" : "seconds",
      "rate_units" : "calls/minute"
    },
    "jenkins.task.execution.duration" : {
      "count" : 0,
      "max" : 0.0,
      "mean" : 0.0,
      "min" : 0.0,
      "p50" : 0.0,
      "p75" : 0.0,
      "p95" : 0.0,
      "p98" : 0.0,
      "p99" : 0.0,
      "p999" : 0.0,
      "values" : [ ],
      "stddev" : 0.0,
      "m15_rate" : 0.0,
      "m1_rate" : 0.0,
      "m5_rate" : 0.0,
      "mean_rate" : 0.0,
      "duration_units" : "seconds",
      "rate_units" : "calls/minute"
    },
    "jenkins.task.queuing.duration" : {
      "count" : 0,
      "max" : 0.0,
      "mean" : 0.0,
      "min" : 0.0,
      "p50" : 0.0,
      "p75" : 0.0,
      "p95" : 0.0,
      "p98" : 0.0,
      "p99" : 0.0,
      "p999" : 0.0,
      "values" : [ ],
      "stddev" : 0.0,
      "m15_rate" : 0.0,
      "m1_rate" : 0.0,
      "m5_rate" : 0.0,
      "mean_rate" : 0.0,
      "duration_units" : "seconds",
      "rate_units" : "calls/minute"
    },
    "jenkins.task.waiting.duration" : {
      "count" : 0,
      "max" : 0.0,
      "mean" : 0.0,
      "min" : 0.0,
      "p50" : 0.0,
      "p75" : 0.0,
      "p95" : 0.0,
      "p98" : 0.0,
      "p99" : 0.0,
      "p999" : 0.0,
      "values" : [ ],
      "stddev" : 0.0,
      "m15_rate" : 0.0,
      "m1_rate" : 0.0,
      "m5_rate" : 0.0,
      "mean_rate" : 0.0,
      "duration_units" : "seconds",
      "rate_units" : "calls/minute"
    }
  }
}