{
  "version" : "4.0.0",
  "gauges" : {
    "jenkins.executor.count.value" : {
      "value" : 3
    },
    "jenkins.executor.free.value" : {
      "value" : 3
    },
    "jenkins.executor.in-use.value" : {
      "value" : 0
    },
    "jenkins.health-check.count" : {
      "value" : 4
    },
    "jenkins.health-check.inverse-score" : {
      "value" : 0.0
    },
    "jenkins.health-check.score" : {
      "value" : 1.0
    },
    "jenkins.job.averageDepth" : {
      "value" : 1.0
    },
    "jenkins.job.count.value" : {
      "value" : 1
    },
    "jenkins.node.count.value" : {
      "value" : 2
    },
    "jenkins.node.offline.value" : {
      "value" : 0
    },
    "jenkins.node.online.value" : {
      "value" : 2
    },
    "jenkins.plugins.active" : {
      "value" : 119
    },
    "jenkins.plugins.failed" : {
      "value" : 0
    },
    "jenkins.plugins.inactive" : {
      "value" : 0
    },
    "jenkins.plugins.withUpdate" : {
      "value" : 64
    },
    "jenkins.project.count.value" : {
      "value" : 1
    },
    "jenkins.project.disabled.count.value" : {
      "value" : 0
    },
    "jenkins.project.enabled.count.value" : {
      "value" : 1
    },
    "jenkins.queue.blocked.value" : {
      "value" : 0
    },
    "jenkins.queue.buildable.value" : {
      "value" : 0
    },
    "jenkins.queue.pending.value" : {
      "value" : 0
    },
    "jenkins.queue.size.value" : {
      "value" : 0
    },
    "jenkins.queue.stuck.value" : {
      "value" : 0
    },
    "jenkins.versions.core" : {
      "value" : "2.150.3"
    },
    "jenkins.versions.plugin.ace-editor" : {
      "value" : "1.1"
    },
    "jenkins.versions.plugin.ant" : {
      "value" : "1.11"
    },
    "jenkins.versions.plugin.antisamy-markup-formatter" : {
      "value" : "2.0"
    },
    "jenkins.versions.plugin.apache-httpcomponents-client-4-api" : {
      "value" : "4.5.10-2.0"
    },
    "jenkins.versions.plugin.artifactory" : {
      "value" : "3.1.0"
    },
    "jenkins.versions.plugin.authentication-tokens" : {
      "value" : "1.3"
    },
    "jenkins.versions.plugin.blueocean" : {
      "value" : "1.10.1"
    },
    "jenkins.versions.plugin.blueocean-autofavorite" : {
      "value" : "1.2.2"
    },
    "jenkins.versions.plugin.blueocean-bitbucket-pipeline" : {
      "value" : "1.10.1"
    },
    "jenkins.versions.plugin.blueocean-commons" : {
      "value" : "1.10.1"
    },
    "jenkins.versions.plugin.blueocean-config" : {
      "value" : "1.10.1"
    },
    "jenkins.versions.plugin.blueocean-core-js" : {
      "value" : "1.10.1"
    },
    "jenkins.versions.plugin.blueocean-dashboard" : {
      "value" : "1.10.1"
    },
    "jenkins.versions.plugin.blueocean-display-url" : {
      "value" : "2.2.0"
    },
    "jenkins.versions.plugin.blueocean-events" : {
      "value" : "1.10.1"
    },
    "jenkins.versions.plugin.blueocean-git-pipeline" : {
      "value" : "1.10.1"
    },
    "jenkins.versions.plugin.blueocean-github-pipeline" : {
      "value" : "1.10.1"
    },
    "jenkins.versions.plugin.blueocean-i18n" : {
      "value" : "1.10.1"
    },
    "jenkins.versions.plugin.blueocean-jira" : {
      "value" : "1.10.1"
    },
    "jenkins.versions.plugin.blueocean-jwt" : {
      "value" : "1.10.1"
    },
    "jenkins.versions.plugin.blueocean-personalization" : {
      "value" : "1.10.1"
    },
    "jenkins.versions.plugin.blueocean-pipeline-api-impl" : {
      "value" : "1.10.1"
    },
    "jenkins.versions.plugin.blueocean-pipeline-editor" : {
      "value" : "1.10.1"
    },
    "jenkins.versions.plugin.blueocean-pipeline-scm-api" : {
      "value" : "1.10.1"
    },
    "jenkins.versions.plugin.blueocean-rest" : {
      "value" : "1.10.1"
    },
    "jenkins.versions.plugin.blueocean-rest-impl" : {
      "value" : "1.10.1"
    },
    "jenkins.versions.plugin.blueocean-web" : {
      "value" : "1.10.1"
    },
    "jenkins.versions.plugin.bouncycastle-api" : {
      "value" : "2.17"
    },
    "jenkins.versions.plugin.branch-api" : {
      "value" : "2.1.2"
    },
    "jenkins.versions.plugin.build-timeout" : {
      "value" : "1.19.1"
    },
    "jenkins.versions.plugin.cloudbees-bitbucket-branch-source" : {
      "value" : "2.4.0"
    },
    "jenkins.versions.plugin.cloudbees-folder" : {
      "value" : "6.11.1"
    },
    "jenkins.versions.plugin.command-launcher" : {
      "value" : "1.3"
    },
    "jenkins.versions.plugin.config-file-provider" : {
      "value" : "3.4.1"
    },
    "jenkins.versions.plugin.configuration-as-code" : {
      "value" : "1.36"
    },
    "jenkins.versions.plugin.credentials" : {
      "value" : "2.3.5"
    },
    "jenkins.versions.plugin.credentials-binding" : {
      "value" : "1.21"
    },
    "jenkins.versions.plugin.display-url-api" : {
      "value" : "2.3.2"
    },
    "jenkins.versions.plugin.docker-commons" : {
      "value" : "1.13"
    },
    "jenkins.versions.plugin.docker-workflow" : {
      "value" : "1.17"
    },
    "jenkins.versions.plugin.durable-task" : {
      "value" : "1.34"
    },
    "jenkins.versions.plugin.email-ext" : {
      "value" : "2.69"
    },
    "jenkins.versions.plugin.favorite" : {
      "value" : "2.3.2"
    },
    "jenkins.versions.plugin.git" : {
      "value" : "4.2.2"
    },
    "jenkins.versions.plugin.git-client" : {
      "value" : "3.2.1"
    },
    "jenkins.versions.plugin.git-server" : {
      "value" : "1.7"
    },
    "jenkins.versions.plugin.gitea" : {
      "value" : "1.0.8"
    },
    "jenkins.versions.plugin.github" : {
      "value" : "1.29.3"
    },
    "jenkins.versions.plugin.github-api" : {
      "value" : "1.106"
    },
    "jenkins.versions.plugin.github-branch-source" : {
      "value" : "2.6.0"
    },
    "jenkins.versions.plugin.gitlab-plugin" : {
      "value" : "1.5.11"
    },
    "jenkins.versions.plugin.gradle" : {
      "value" : "1.36"
    },
    "jenkins.versions.plugin.handlebars" : {
      "value" : "1.1.1"
    },
    "jenkins.versions.plugin.handy-uri-templates-2-api" : {
      "value" : "2.1.6-1.0"
    },
    "jenkins.versions.plugin.htmlpublisher" : {
      "value" : "1.17"
    },
    "jenkins.versions.plugin.ivy" : {
      "value" : "1.28"
    },
    "jenkins.versions.plugin.jackson2-api" : {
      "value" : "2.10.3"
    },
    "jenkins.versions.plugin.javadoc" : {
      "value" : "1.4"
    },
    "jenkins.versions.plugin.jdk-tool" : {
      "value" : "1.4"
    },
    "jenkins.versions.plugin.jenkins-design-language" : {
      "value" : "1.10.1"
    },
    "jenkins.versions.plugin.jira" : {
      "value" : "3.0.5"
    },
    "jenkins.versions.plugin.jquery-detached" : {
      "value" : "1.2.1"
    },
    "jenkins.versions.plugin.jsch" : {
      "value" : "0.1.55.1"
    },
    "jenkins.versions.plugin.junit" : {
      "value" : "1.26.1"
    },
    "jenkins.versions.plugin.jx-resources" : {
      "value" : "1.0.35"
    },
    "jenkins.versions.plugin.kubernetes" : {
      "value" : "1.14.3"
    },
    "jenkins.versions.plugin.kubernetes-credentials" : {
      "value" : "0.4.0"
    },
    "jenkins.versions.plugin.kubernetes-credentials-provider" : {
      "value" : "0.11"
    },
    "jenkins.versions.plugin.ldap" : {
      "value" : "1.21"
    },
    "jenkins.versions.plugin.localization-zh-cn" : {
      "value" : "0.0.11"
    },
    "jenkins.versions.plugin.lockable-resources" : {
      "value" : "2.3"
    },
    "jenkins.versions.plugin.mailer" : {
      "value" : "1.30"
    },
    "jenkins.versions.plugin.mapdb-api" : {
      "value" : "1.0.9.0"
    },
    "jenkins.versions.plugin.matrix-auth" : {
      "value" : "2.5"
    },
    "jenkins.versions.plugin.matrix-project" : {
      "value" : "1.14"
    },
    "jenkins.versions.plugin.maven-plugin" : {
      "value" : "3.2"
    },
    "jenkins.versions.plugin.mercurial" : {
      "value" : "2.4"
    },
    "jenkins.versions.plugin.metrics" : {
      "value" : "4.0.2.2"
    },
    "jenkins.versions.plugin.momentjs" : {
      "value" : "1.1.1"
    },
    "jenkins.versions.plugin.pam-auth" : {
      "value" : "1.6"
    },
    "jenkins.versions.plugin.pipeline-build-step" : {
      "value" : "2.7"
    },
    "jenkins.versions.plugin.pipeline-github-lib" : {
      "value" : "1.0"
    },
    "jenkins.versions.plugin.pipeline-graph-analysis" : {
      "value" : "1.9"
    },
    "jenkins.versions.plugin.pipeline-input-step" : {
      "value" : "2.9"
    },
    "jenkins.versions.plugin.pipeline-milestone-step" : {
      "value" : "1.3.1"
    },
    "jenkins.versions.plugin.pipeline-model-api" : {
      "value" : "1.3.4.1"
    },
    "jenkins.versions.plugin.pipeline-model-declarative-agent" : {
      "value" : "1.1.1"
    },
    "jenkins.versions.plugin.pipeline-model-definition" : {
      "value" : "1.3.4.1"
    },
    "jenkins.versions.plugin.pipeline-model-extensions" : {
      "value" : "1.3.4.1"
    },
    "jenkins.versions.plugin.pipeline-rest-api" : {
      "value" : "2.13"
    },
    "jenkins.versions.plugin.pipeline-stage-step" : {
      "value" : "2.3"
    },
    "jenkins.versions.plugin.pipeline-stage-tags-metadata" : {
      "value" : "1.3.4.1"
    },
    "jenkins.versions.plugin.pipeline-stage-view" : {
      "value" : "2.13"
    },
    "jenkins.versions.plugin.plain-credentials" : {
      "value" : "1.5"
    },
    "jenkins.versions.plugin.pubsub-light" : {
      "value" : "1.12"
    },
    "jenkins.versions.plugin.resource-disposer" : {
      "value" : "0.12"
    },
    "jenkins.versions.plugin.scm-api" : {
      "value" : "2.6.3"
    },
    "jenkins.versions.plugin.script-security" : {
      "value" : "1.71"
    },
    "jenkins.versions.plugin.sse-gateway" : {
      "value" : "1.17"
    },
    "jenkins.versions.plugin.ssh-credentials" : {
      "value" : "1.17.4"
    },
    "jenkins.versions.plugin.ssh-slaves" : {
      "value" : "1.30.4"
    },
    "jenkins.versions.plugin.structs" : {
      "value" : "1.20"
    },
    "jenkins.versions.plugin.subversion" : {
      "value" : "2.13.1"
    },
    "jenkins.versions.plugin.support-core" : {
      "value" : "2.54"
    },
    "jenkins.versions.plugin.timestamper" : {
      "value" : "1.11.2"
    },
    "jenkins.versions.plugin.token-macro" : {
      "value" : "2.12"
    },
    "jenkins.versions.plugin.variant" : {
      "value" : "1.1"
    },
    "jenkins.versions.plugin.workflow-aggregator" : {
      "value" : "2.6"
    },
    "jenkins.versions.plugin.workflow-api" : {
      "value" : "2.40"
    },
    "jenkins.versions.plugin.workflow-basic-steps" : {
      "value" : "2.19"
    },
    "jenkins.versions.plugin.workflow-cps" : {
      "value" : "2.80"
    },
    "jenkins.versions.plugin.workflow-cps-global-lib" : {
      "value" : "2.12"
    },
    "jenkins.versions.plugin.workflow-durable-task-step" : {
      "value" : "2.31"
    },
    "jenkins.versions.plugin.workflow-job" : {
      "value" : "2.37"
    },
    "jenkins.versions.plugin.workflow-multibranch" : {
      "value" : "2.20"
    },
    "jenkins.versions.plugin.workflow-scm-step" : {
      "value" : "2.10"
    },
    "jenkins.versions.plugin.workflow-step-api" : {
      "value" : "2.22"
    },
    "jenkins.versions.plugin.workflow-support" : {
      "value" : "3.4"
    },
    "jenkins.versions.plugin.ws-cleanup" : {
      "value" : "0.38"
    },
    "system.cpu.load" : {
      "value" : 1.34
    },
    "vm.blocked.count" : {
      "value" : 0
    },
    "vm.class.loaded" : {
      "value" : 16611
    },
    "vm.class.unloaded" : {
      "value" : 0
    },
    "vm.count" : {
      "value" : 91
    },
    "vm.cpu.load" : {
      "value" : 1.1389979883130568
    },
    "vm.daemon.count" : {
      "value" : 74
    },
    "vm.deadlock.count" : {
      "value" : 0
    },
    "vm.deadlocks" : {
      "value" : [ ]
    },
    "vm.file.descriptor.ratio" : {
      "value" : 7.152557373046875E-4
    },
    "vm.gc.PS-MarkSweep.count" : {
      "value" : 4
    },
    "vm.gc.PS-MarkSweep.time" : {
      "value" : 671
    },
    "vm.gc.PS-Scavenge.count" : {
      "value" : 80
    },
    "vm.gc.PS-Scavenge.time" : {
      "value" : 1010
    },
    "vm.memory.heap.committed" : {
      "value" : 416808960
    },
    "vm.memory.heap.init" : {
      "value" : 62914560
    },
    "vm.memory.heap.max" : {
      "value" : 870842368
    },
    "vm.memory.heap.usage" : {
      "value" : 0.19731864033514732
    },
    "vm.memory.heap.used" : {
      "value" : 171833432
    },
    "vm.memory.non-heap.committed" : {
      "value" : 141283328
    },
    "vm.memory.non-heap.init" : {
      "value" : 2555904
    },
    "vm.memory.non-heap.max" : {
      "value" : -1
    },
    "vm.memory.non-heap.usage" : {
      "value" : -1.27688112E8
    },
    "vm.memory.non-heap.used" : {
      "value" : 127688112
    },
    "vm.memory.pools.Code-Cache.committed" : {
      "value" : 20709376
    },
    "vm.memory.pools.Code-Cache.init" : {
      "value" : 2555904
    },
    "vm.memory.pools.Code-Cache.max" : {
      "value" : 251658240
    },
    "vm.memory.pools.Code-Cache.usage" : {
      "value" : 0.08039347330729167
    },
    "vm.memory.pools.Code-Cache.used" : {
      "value" : 20231680
    },
    "vm.memory.pools.Compressed-Class-Space.committed" : {
      "value" : 14024704
    },
    "vm.memory.pools.Compressed-Class-Space.init" : {
      "value" : 0
    },
    "vm.memory.pools.Compressed-Class-Space.max" : {
      "value" : 1073741824
    },
    "vm.memory.pools.Compressed-Class-Space.usage" : {
      "value" : 0.010502442717552185
    },
    "vm.memory.pools.Compressed-Class-Space.used" : {
      "value" : 11276912
    },
    "vm.memory.pools.Metaspace.committed" : {
      "value" : 106549248
    },
    "vm.memory.pools.Metaspace.init" : {
      "value" : 0
    },
    "vm.memory.pools.Metaspace.max" : {
      "value" : -1
    },
    "vm.memory.pools.Metaspace.usage" : {
      "value" : 0.9026781681274747
    },
    "vm.memory.pools.Metaspace.used" : {
      "value" : 96179680
    },
    "vm.memory.pools.PS-Eden-Space.committed" : {
      "value" : 313524224
    },
    "vm.memory.pools.PS-Eden-Space.init" : {
      "value" : 15728640
    },
    "vm.memory.pools.PS-Eden-Space.max" : {
      "value" : 318242816
    },
    "vm.memory.pools.PS-Eden-Space.usage" : {
      "value" : 0.268925322732187
    },
    "vm.memory.pools.PS-Eden-Space.used" : {
      "value" : 85583552
    },
    "vm.memory.pools.PS-Eden-Space.used-after-gc" : {
      "value" : 0
    },
    "vm.memory.pools.PS-Old-Gen.committed" : {
      "value" : 101711872
    },
    "vm.memory.pools.PS-Old-Gen.init" : {
      "value" : 41943040
    },
    "vm.memory.pools.PS-Old-Gen.max" : {
      "value" : 653262848
    },
    "vm.memory.pools.PS-Old-Gen.usage" : {
      "value" : 0.12963008727537495
    },
    "vm.memory.pools.PS-Old-Gen.used" : {
      "value" : 84682520
    },
    "vm.memory.pools.PS-Old-Gen.used-after-gc" : {
      "value" : 42389696
    },
    "vm.memory.pools.PS-Survivor-Space.committed" : {
      "value" : 1572864
    },
    "vm.memory.pools.PS-Survivor-Space.init" : {
      "value" : 2621440
    },
    "vm.memory.pools.PS-Survivor-Space.max" : {
      "value" : 1572864
    },
    "vm.memory.pools.PS-Survivor-Space.usage" : {
      "value" : 0.9965006510416666
    },
    "vm.memory.pools.PS-Survivor-Space.used" : {
      "value" : 1567360
    },
    "vm.memory.pools.PS-Survivor-Space.used-after-gc" : {
      "value" : 1567360
    },
    "vm.memory.total.committed" : {
      "value" : 558092288
    },
    "vm.memory.total.init" : {
      "value" : 65470464
    },
    "vm.memory.total.max" : {
      "value" : 870842367
    },
    "vm.memory.total.used" : {
      "value" : 299521896
    },
    "vm.new.count" : {
      "value" : 0
    },
    "vm.runnable.count" : {
      "value" : 11
    },
    "vm.terminated.count" : {
      "value" : 0
    },
    "vm.timed_waiting.count" : {
      "value" : 65
    },
    "vm.uptime.milliseconds" : {
      "value" : 34615
    },
    "vm.waiting.count" : {
      "value" : 15
    }
  },
  "counters" : {
    "http.activeRequests" : {
      "count" : 0
    }
  },
  "histograms" : {
    "jenkins.executor.count.history" : {
      "count" : 1,
      "max" : 2,
      "mean" : 2.0,
      "min" : 2,
      "p50" : 2.0,
      "p75" : 2.0,
      "p95" : 2.0,
      "p98" : 2.0,
      "p99" : 2.0,
      "p999" : 2.0,
      "values" : [ 2 ],
      "stddev" : 0.0
    },
    "jenkins.executor.free.history" : {
      "count" : 1,
      "max" : 2,
      "mean" : 2.0,
      "min" : 2,
      "p50" : 2.0,
      "p75" : 2.0,
      "p95" : 2.0,
      "p98" : 2.0,
      "p99" : 2.0,
      "p999" : 2.0,
      "values" : [ 2 ],
      "stddev" : 0.0
    },
    "jenkins.executor.in-use.history" : {
      "count" : 1,
      "max" : 0,
      "mean" : 0.0,
      "min" : 0,
      "p50" : 0.0,
      "p75" : 0.0,
      "p95" : 0.0,
      "p98" : 0.0,
      "p99" : 0.0,
      "p999" : 0.0,
      "values" : [ 0 ],
      "stddev" : 0.0
    },
    "jenkins.job.count.history" : {
      "count" : 1,
      "max" : 1,
      "mean" : 1.0,
      "min" : 1,
      "p50" : 1.0,
      "p75" : 1.0,
      "p95" : 1.0,
      "p98" : 1.0,
      "p99" : 1.0,
      "p999" : 1.0,
      "values" : [ 1 ],
      "stddev" : 0.0
    },
    "jenkins.node.count.history" : {
      "count" : 1,
      "max" : 2,
      "mean" : 2.0,
      "min" : 2,
      "p50" : 2.0,
      "p75" : 2.0,
      "p95" : 2.0,
      "p98" : 2.0,
      "p99" : 2.0,
      "p999" : 2.0,
      "values" : [ 2 ],
      "stddev" : 0.0
    },
    "jenkins.node.offline.history" : {
      "count" : 1,
      "max" : 1,
      "mean" : 1.0,
      "min" : 1,
      "p50" : 1.0,
      "p75" : 1.0,
      "p95" : 1.0,
      "p98" : 1.0,
      "p99" : 1.0,
      "p999" : 1.0,
      "values" : [ 1 ],
      "stddev" : 0.0
    },
    "jenkins.node.online.history" : {
      "count" : 1,
      "max" : 1,
      "mean" : 1.0,
      "min" : 1,
      "p50" : 1.0,
      "p75" : 1.0,
      "p95" : 1.0,
      "p98" : 1.0,
      "p99" : 1.0,
      "p999" : 1.0,
      "values" : [ 1 ],
      "stddev" : 0.0
    },
    "jenkins.project.count.history" : {
      "count" : 1,
      "max" : 1,
      "mean" : 1.0,
      "min" : 1,
      "p50" : 1.0,
      "p75" : 1.0,
      "p95" : 1.0,
      "p98" : 1.0,
      "p99" : 1.0,
      "p999" : 1.0,
      "values" : [ 1 ],
      "stddev" : 0.0
    },
    "jenkins.project.disabled.count.history" : {
      "count" : 1,
      "max" : 0,
      "mean" : 0.0,
      "min" : 0,
      "p50" : 0.0,
      "p75" : 0.0,
      "p95" : 0.0,
      "p98" : 0.0,
      "p99" : 0.0,
      "p999" : 0.0,
      "values" : [ 0 ],
      "stddev" : 0.0
    },
    "jenkins.project.enabled.count.history" : {
      "count" : 1,
      "max" : 1,
      "mean" : 1.0,
      "min" : 1,
      "p50" : 1.0,
      "p75" : 1.0,
      "p95" : 1.0,
      "p98" : 1.0,
      "p99" : 1.0,
      "p999" : 1.0,
      "values" : [ 1 ],
      "stddev" : 0.0
    },
    "jenkins.queue.blocked.history" : {
      "count" : 1,
      "max" : 0,
      "mean" : 0.0,
      "min" : 0,
      "p50" : 0.0,
      "p75" : 0.0,
      "p95" : 0.0,
      "p98" : 0.0,
      "p99" : 0.0,
      "p999" : 0.0,
      "values" : [ 0 ],
      "stddev" : 0.0
    },
    "jenkins.queue.buildable.history" : {
      "count" : 1,
      "max" : 0,
      "mean" : 0.0,
      "min" : 0,
      "p50" : 0.0,
      "p75" : 0.0,
      "p95" : 0.0,
      "p98" : 0.0,
      "p99" : 0.0,
      "p999" : 0.0,
      "values" : [ 0 ],
      "stddev" : 0.0
    },
    "jenkins.queue.pending.history" : {
      "count" : 1,
      "max" : 0,
      "mean" : 0.0,
      "min" : 0,
      "p50" : 0.0,
      "p75" : 0.0,
      "p95" : 0.0,
      "p98" : 0.0,
      "p99" : 0.0,
      "p999" : 0.0,
      "values" : [ 0 ],
      "stddev" : 0.0
    },
    "jenkins.queue.size.history" : {
      "count" : 1,
      "max" : 0,
      "mean" : 0.0,
      "min" : 0,
      "p50" : 0.0,
      "p75" : 0.0,
      "p95" : 0.0,
      "p98" : 0.0,
      "p99" : 0.0,
      "p999" : 0.0,
      "values" : [ 0 ],
      "stddev" : 0.0
    },
    "jenkins.queue.stuck.history" : {
      "count" : 1,
      "max" : 0,
      "mean" : 0.0,
      "min" : 0,
      "p50" : 0.0,
      "p75" : 0.0,
      "p95" : 0.0,
      "p98" : 0.0,
      "p99" : 0.0,
      "p999" : 0.0,
      "values" : [ 0 ],
      "stddev" : 0.0
    },
    "system.cpu.load.x100.history" : {
      "count" : 1,
      "max" : 96,
      "mean" : 96.0,
      "min" : 96,
      "p50" : 96.0,
      "p75" : 96.0,
      "p95" : 96.0,
      "p98" : 96.0,
      "p99" : 96.0,
      "p999" : 96.0,
      "values" : [ 96 ],
      "stddev" : 0.0
    },
    "system.cpu.load.x100.window.15m" : {
      "count" : 1,
      "max" : 96,
      "mean" : 96.0,
      "min" : 96,
      "p50" : 96.0,
      "p75" : 96.0,
      "p95" : 96.0,
      "p98" : 96.0,
      "p99" : 96.0,
      "p999" : 96.0,
      "values" : [ 96 ],
      "stddev" : 0.0
    },
    "system.cpu.load.x100.window.1h" : {
      "count" : 1,
      "max" : 96,
      "mean" : 96.0,
      "min" : 96,
      "p50" : 96.0,
      "p75" : 96.0,
      "p95" : 96.0,
      "p98" : 96.0,
      "p99" : 96.0,
      "p999" : 96.0,
      "values" : [ 96 ],
      "stddev" : 0.0
    },
    "system.cpu.load.x100.window.5m" : {
      "count" : 1,
      "max" : 96,
      "mean" : 96.0,
      "min" : 96,
      "p50" : 96.0,
      "p75" : 96.0,
      "p95" : 96.0,
      "p98" : 96.0,
      "p99" : 96.0,
      "p999" : 96.0,
      "values" : [ 96 ],
      "stddev" : 0.0
    },
    "vm.cpu.load.x100.history" : {
      "count" : 1,
      "max" : 161,
      "mean" : 161.0,
      "min" : 161,
      "p50" : 161.0,
      "p75" : 161.0,
      "p95" : 161.0,
      "p98" : 161.0,
      "p99" : 161.0,
      "p999" : 161.0,
      "values" : [ 161 ],
      "stddev" : 0.0
    },
    "vm.cpu.load.x100.window.15m" : {
      "count" : 1,
      "max" : 161,
      "mean" : 161.0,
      "min" : 161,
      "p50" : 161.0,
      "p75" : 161.0,
      "p95" : 161.0,
      "p98" : 161.0,
      "p99" : 161.0,
      "p999" : 161.0,
      "values" : [ 161 ],
      "stddev" : 0.0
    },
    "vm.cpu.load.x100.window.1h" : {
      "count" : 1,
      "max" : 161,
      "mean" : 161.0,
      "min" : 161,
      "p50" : 161.0,
      "p75" : 161.0,
      "p95" : 161.0,
      "p98" : 161.0,
      "p99" : 161.0,
      "p999" : 161.0,
      "values" : [ 161 ],
      "stddev" : 0.0
    },
    "vm.cpu.load.x100.window.5m" : {
      "count" : 1,
      "max" : 161,
      "mean" : 161.0,
      "min" : 161,
      "p50" : 161.0,
      "p75" : 161.0,
      "p95" : 161.0,
      "p98" : 161.0,
      "p99" : 161.0,
      "p999" : 161.0,
      "values" : [ 161 ],
      "stddev" : 0.0
    },
    "vm.file.descriptor.ratio.x100.history" : {
      "count" : 1,
      "max" : 0,
      "mean" : 0.0,
      "min" : 0,
      "p50" : 0.0,
      "p75" : 0.0,
      "p95" : 0.0,
      "p98" : 0.0,
      "p99" : 0.0,
      "p999" : 0.0,
      "values" : [ 0 ],
      "stddev" : 0.0
    },
    "vm.file.descriptor.ratio.x100.window.15m" : {
      "count" : 1,
      "max" : 0,
      "mean" : 0.0,
      "min" : 0,
      "p50" : 0.0,
      "p75" : 0.0,
      "p95" : 0.0,
      "p98" : 0.0,
      "p99" : 0.0,
      "p999" : 0.0,
      "values" : [ 0 ],
      "stddev" : 0.0
    },
    "vm.file.descriptor.ratio.x100.window.1h" : {
      "count" : 1,
      "max" : 0,
      "mean" : 0.0,
      "min" : 0,
      "p50" : 0.0,
      "p75" : 0.0,
      "p95" : 0.0,
      "p98" : 0.0,
      "p99" : 0.0,
      "p999" : 0.0,
      "values" : [ 0 ],
      "stddev" : 0.0
    },
    "vm.file.descriptor.ratio.x100.window.5m" : {
      "count" : 1,
      "max" : 0,
      "mean" : 0.0,
      "min" : 0,
      "p50" : 0.0,
      "p75" : 0.0,
      "p95" : 0.0,
      "p98" : 0.0,
      "p99" : 0.0,
      "p999" : 0.0,
      "values" : [ 0 ],
      "stddev" : 0.0
    },
    "vm.memory.heap.committed.history" : {
      "count" : 1,
      "max" : 405798912,
      "mean" : 4.05798912E8,
      "min" : 405798912,
      "p50" : 4.05798912E8,
      "p75" : 4.05798912E8,
      "p95" : 4.05798912E8,
      "p98" : 4.05798912E8,
      "p99" : 4.05798912E8,
      "p999" : 4.05798912E8,
      "values" : [ 405798912 ],
      "stddev" : 0.0
    },
    "vm.memory.heap.committed.window.15m" : {
      "count" : 1,
      "max" : 405798912,
      "mean" : 4.05798912E8,
      "min" : 405798912,
      "p50" : 4.05798912E8,
      "p75" : 4.05798912E8,
      "p95" : 4.05798912E8,
      "p98" : 4.05798912E8,
      "p99" : 4.05798912E8,
      "p999" : 4.05798912E8,
      "values" : [ 405798912 ],
      "stddev" : 0.0
    },
    "vm.memory.heap.committed.window.1h" : {
      "count" : 1,
      "max" : 405798912,
      "mean" : 4.05798912E8,
      "min" : 405798912,
      "p50" : 4.05798912E8,
      "p75" : 4.05798912E8,
      "p95" : 4.05798912E8,
      "p98" : 4.05798912E8,
      "p99" : 4.05798912E8,
      "p999" : 4.05798912E8,
      "values" : [ 405798912 ],
      "stddev" : 0.0
    },
    "vm.memory.heap.committed.window.5m" : {
      "count" : 1,
      "max" : 405798912,
      "mean" : 4.05798912E8,
      "min" : 405798912,
      "p50" : 4.05798912E8,
      "p75" : 4.05798912E8,
      "p95" : 4.05798912E8,
      "p98" : 4.05798912E8,
      "p99" : 4.05798912E8,
      "p999" : 4.05798912E8,
      "values" : [ 405798912 ],
      "stddev" : 0.0
    },
    "vm.memory.heap.usage.x100.history" : {
      "count" : 1,
      "max" : 11,
      "mean" : 11.0,
      "min" : 11,
      "p50" : 11.0,
      "p75" : 11.0,
      "p95" : 11.0,
      "p98" : 11.0,
      "p99" : 11.0,
      "p999" : 11.0,
      "values" : [ 11 ],
      "stddev" : 0.0
    },
    "vm.memory.heap.usage.x100.window.15m" : {
      "count" : 1,
      "max" : 11,
      "mean" : 11.0,
      "min" : 11,
      "p50" : 11.0,
      "p75" : 11.0,
      "p95" : 11.0,
      "p98" : 11.0,
      "p99" : 11.0,
      "p999" : 11.0,
      "values" : [ 11 ],
      "stddev" : 0.0
    },
    "vm.memory.heap.usage.x100.window.1h" : {
      "count" : 1,
      "max" : 11,
      "mean" : 11.0,
      "min" : 11,
      "p50" : 11.0,
      "p75" : 11.0,
      "p95" : 11.0,
      "p98" : 11.0,
      "p99" : 11.0,
      "p999" : 11.0,
      "values" : [ 11 ],
      "stddev" : 0.0
    },
    "vm.memory.heap.usage.x100.window.5m" : {
      "count" : 1,
      "max" : 11,
      "mean" : 11.0,
      "min" : 11,
      "p50" : 11.0,
      "p75" : 11.0,
      "p95" : 11.0,
      "p98" : 11.0,
      "p99" : 11.0,
      "p999" : 11.0,
      "values" : [ 11 ],
      "stddev" : 0.0
    },
    "vm.memory.heap.used.history" : {
      "count" : 1,
      "max" : 97237696,
      "mean" : 9.7237696E7,
      "min" : 97237696,
      "p50" : 9.7237696E7,
      "p75" : 9.7237696E7,
      "p95" : 9.7237696E7,
      "p98" : 9.7237696E7,
      "p99" : 9.7237696E7,
      "p999" : 9.7237696E7,
      "values" : [ 97237696 ],
      "stddev" : 0.0
    },
    "vm.memory.heap.used.window.15m" : {
      "count" : 1,
      "max" : 97237696,
      "mean" : 9.7237696E7,
      "min" : 97237696,
      "p50" : 9.7237696E7,
      "p75" : 9.7237696E7,
      "p95" : 9.7237696E7,
      "p98" : 9.7237696E7,
      "p99" : 9.7237696E7,
      "p999" : 9.7237696E7,
      "values" : [ 97237696 ],
      "stddev" : 0.0
    },
    "vm.memory.heap.used.window.1h" : {
      "count" : 1,
      "max" : 97237696,
      "mean" : 9.7237696E7,
      "min" : 97237696,
      "p50" : 9.7237696E7,
      "p75" : 9.7237696E7,
      "p95" : 9.7237696E7,
      "p98" : 9.7237696E7,
      "p99" : 9.7237696E7,
      "p999" : 9.7237696E7,
      "values" : [ 97237696 ],
      "stddev" : 0.0
    },
    "vm.memory.heap.used.window.5m" : {
      "count" : 1,
      "max" : 97237696,
      "mean" : 9.7237696E7,
      "min" : 97237696,
      "p50" : 9.7237696E7,
      "p75" : 9.7237696E7,
      "p95" : 9.7237696E7,
      "p98" : 9.7237696E7,
      "p99" : 9.7237696E7,
      "p999" : 9.7237696E7,
      "values" : [ 97237696 ],
      "stddev" : 0.0
    },
    "vm.memory.non-heap.committed.history" : {
      "count" : 1,
      "max" : 131256320,
      "mean" : 1.3125632E8,
      "min" : 131256320,
      "p50" : 1.3125632E8,
      "p75" : 1.3125632E8,
      "p95" : 1.3125632E8,
      "p98" : 1.3125632E8,
      "p99" : 1.3125632E8,
      "p999" : 1.3125632E8,
      "values" : [ 131256320 ],
      "stddev" : 0.0
    },
    "vm.memory.non-heap.committed.window.15m" : {
      "count" : 1,
      "max" : 131256320,
      "mean" : 1.3125632E8,
      "min" : 131256320,
      "p50" : 1.3125632E8,
      "p75" : 1.3125632E8,
      "p95" : 1.3125632E8,
      "p98" : 1.3125632E8,
      "p99" : 1.3125632E8,
      "p999" : 1.3125632E8,
      "values" : [ 131256320 ],
      "stddev" : 0.0
    },
    "vm.memory.non-heap.committed.window.1h" : {
      "count" : 1,
      "max" : 131256320,
      "mean" : 1.3125632E8,
      "min" : 131256320,
      "p50" : 1.3125632E8,
      "p75" : 1.3125632E8,
      "p95" : 1.3125632E8,
      "p98" : 1.3125632E8,
      "p99" : 1.3125632E8,
      "p999" : 1.3125632E8,
      "values" : [ 131256320 ],
      "stddev" : 0.0
    },
    "vm.memory.non-heap.committed.window.5m" : {
      "count" : 1,
      "max" : 131256320,
      "mean" : 1.3125632E8,
      "min" : 131256320,
      "p50" : 1.3125632E8,
      "p75" : 1.3125632E8,
      "p95" : 1.3125632E8,
      "p98" : 1.3125632E8,
      "p99" : 1.3125632E8,
      "p999" : 1.3125632E8,
      "values" : [ 131256320 ],
      "stddev" : 0.0
    },
    "vm.memory.non-heap.usage.x100.history" : {
      "count" : 1,
      "max" : -11851400800,
      "mean" : -1.18514008E10,
      "min" : -11851400800,
      "p50" : -1.18514008E10,
      "p75" : -1.18514008E10,
      "p95" : -1.18514008E10,
      "p98" : -1.18514008E10,
      "p99" : -1.18514008E10,
      "p999" : -1.18514008E10,
      "values" : [ -11851400800 ],
      "stddev" : 0.0
    },
    "vm.memory.non-heap.usage.x100.window.15m" : {
      "count" : 1,
      "max" : -11851400800,
      "mean" : -1.18514008E10,
      "min" : -11851400800,
      "p50" : -1.18514008E10,
      "p75" : -1.18514008E10,
      "p95" : -1.18514008E10,
      "p98" : -1.18514008E10,
      "p99" : -1.18514008E10,
      "p999" : -1.18514008E10,
      "values" : [ -11851400800 ],
      "stddev" : 0.0
    },
    "vm.memory.non-heap.usage.x100.window.1h" : {
      "count" : 1,
      "max" : -11851400800,
      "mean" : -1.18514008E10,
      "min" : -11851400800,
      "p50" : -1.18514008E10,
      "p75" : -1.18514008E10,
      "p95" : -1.18514008E10,
      "p98" : -1.18514008E10,
      "p99" : -1.18514008E10,
      "p999" : -1.18514008E10,
      "values" : [ -11851400800 ],
      "stddev" : 0.0
    },
    "vm.memory.non-heap.usage.x100.window.5m" : {
      "count" : 1,
      "max" : -11851400800,
      "mean" : -1.18514008E10,
      "min" : -11851400800,
      "p50" : -1.18514008E10,
      "p75" : -1.18514008E10,
      "p95" : -1.18514008E10,
      "p98" : -1.18514008E10,
      "p99" : -1.18514008E10,
      "p999" : -1.18514008E10,
      "values" : [ -11851400800 ],
      "stddev" : 0.0
    },
    "vm.memory.non-heap.used.history" : {
      "count" : 1,
      "max" : 118514072,
      "mean" : 1.18514072E8,
      "min" : 118514072,
      "p50" : 1.18514072E8,
      "p75" : 1.18514072E8,
      "p95" : 1.18514072E8,
      "p98" : 1.18514072E8,
      "p99" : 1.18514072E8,
      "p999" : 1.18514072E8,
      "values" : [ 118514072 ],
      "stddev" : 0.0
    },
    "vm.memory.non-heap.used.window.15m" : {
      "count" : 1,
      "max" : 118514072,
      "mean" : 1.18514072E8,
      "min" : 118514072,
      "p50" : 1.18514072E8,
      "p75" : 1.18514072E8,
      "p95" : 1.18514072E8,
      "p98" : 1.18514072E8,
      "p99" : 1.18514072E8,
      "p999" : 1.18514072E8,
      "values" : [ 118514072 ],
      "stddev" : 0.0
    },
    "vm.memory.non-heap.used.window.1h" : {
      "count" : 1,
      "max" : 118514072,
      "mean" : 1.18514072E8,
      "min" : 118514072,
      "p50" : 1.18514072E8,
      "p75" : 1.18514072E8,
      "p95" : 1.18514072E8,
      "p98" : 1.18514072E8,
      "p99" : 1.18514072E8,
      "p999" : 1.18514072E8,
      "values" : [ 118514072 ],
      "stddev" : 0.0
    },
    "vm.memory.non-heap.used.window.5m" : {
      "count" : 1,
      "max" : 118514072,
      "mean" : 1.18514072E8,
      "min" : 118514072,
      "p50" : 1.18514072E8,
      "p75" : 1.18514072E8,
      "p95" : 1.18514072E8,
      "p98" : 1.18514072E8,
      "p99" : 1.18514072E8,
      "p999" : 1.18514072E8,
      "values" : [ 118514072 ],
      "stddev" : 0.0
    },
    "vm.memory.pools.Code-Cache.committed.history" : {
      "count" : 1,
      "max" : 16711680,
      "mean" : 1.671168E7,
      "min" : 16711680,
      "p50" : 1.671168E7,
      "p75" : 1.671168E7,
      "p95" : 1.671168E7,
      "p98" : 1.671168E7,
      "p99" : 1.671168E7,
      "p999" : 1.671168E7,
      "values" : [ 16711680 ],
      "stddev" : 0.0
    },
    "vm.memory.pools.Code-Cache.committed.window.15m" : {
      "count" : 1,
      "max" : 16711680,
      "mean" : 1.671168E7,
      "min" : 16711680,
      "p50" : 1.671168E7,
      "p75" : 1.671168E7,
      "p95" : 1.671168E7,
      "p98" : 1.671168E7,
      "p99" : 1.671168E7,
      "p999" : 1.671168E7,
      "values" : [ 16711680 ],
      "stddev" : 0.0
    },
    "vm.memory.pools.Code-Cache.committed.window.1h" : {
      "count" : 1,
      "max" : 16711680,
      "mean" : 1.671168E7,
      "min" : 16711680,
      "p50" : 1.671168E7,
      "p75" : 1.671168E7,
      "p95" : 1.671168E7,
      "p98" : 1.671168E7,
      "p99" : 1.671168E7,
      "p999" : 1.671168E7,
      "values" : [ 16711680 ],
      "stddev" : 0.0
    },
    "vm.memory.pools.Code-Cache.committed.window.5m" : {
      "count" : 1,
      "max" : 16711680,
      "mean" : 1.671168E7,
      "min" : 16711680,
      "p50" : 1.671168E7,
      "p75" : 1.671168E7,
      "p95" : 1.671168E7,
      "p98" : 1.671168E7,
      "p99" : 1.671168E7,
      "p999" : 1.671168E7,
      "values" : [ 16711680 ],
      "stddev" : 0.0
    },
    "vm.memory.pools.Code-Cache.usage.x100.history" : {
      "count" : 1,
      "max" : 7,
      "mean" : 7.0,
      "min" : 7,
      "p50" : 7.0,
      "p75" : 7.0,
      "p95" : 7.0,
      "p98" : 7.0,
      "p99" : 7.0,
      "p999" : 7.0,
      "values" : [ 7 ],
      "stddev" : 0.0
    },
    "vm.memory.pools.Code-Cache.usage.x100.window.15m" : {
      "count" : 1,
      "max" : 7,
      "mean" : 7.0,
      "min" : 7,
      "p50" : 7.0,
      "p75" : 7.0,
      "p95" : 7.0,
      "p98" : 7.0,
      "p99" : 7.0,
      "p999" : 7.0,
      "values" : [ 7 ],
      "stddev" : 0.0
    },
    "vm.memory.pools.Code-Cache.usage.x100.window.1h" : {
      "count" : 1,
      "max" : 7,
      "mean" : 7.0,
      "min" : 7,
      "p50" : 7.0,
      "p75" : 7.0,
      "p95" : 7.0,
      "p98" : 7.0,
      "p99" : 7.0,
      "p999" : 7.0,
      "values" : [ 7 ],
      "stddev" : 0.0
    },
    "vm.memory.pools.Code-Cache.usage.x100.window.5m" : {
      "count" : 1,
      "max" : 7,
      "mean" : 7.0,
      "min" : 7,
      "p50" : 7.0,
      "p75" : 7.0,
      "p95" : 7.0,
      "p98" : 7.0,
      "p99" : 7.0,
      "p999" : 7.0,
      "values" : [ 7 ],
      "stddev" : 0.0
    },
    "vm.memory.pools.Code-Cache.used.history" : {
      "count" : 1,
      "max" : 16629504,
      "mean" : 1.6629504E7,
      "min" : 16629504,
      "p50" : 1.6629504E7,
      "p75" : 1.6629504E7,
      "p95" : 1.6629504E7,
      "p98" : 1.6629504E7,
      "p99" : 1.6629504E7,
      "p999" : 1.6629504E7,
      "values" : [ 16629504 ],
      "stddev" : 0.0
    },
    "vm.memory.pools.Code-Cache.used.window.15m" : {
      "count" : 1,
      "max" : 16629504,
      "mean" : 1.6629504E7,
      "min" : 16629504,
      "p50" : 1.6629504E7,
      "p75" : 1.6629504E7,
      "p95" : 1.6629504E7,
      "p98" : 1.6629504E7,
      "p99" : 1.6629504E7,
      "p999" : 1.6629504E7,
      "values" : [ 16629504 ],
      "stddev" : 0.0
    },
    "vm.memory.pools.Code-Cache.used.window.1h" : {
      "count" : 1,
      "max" : 16629504,
      "mean" : 1.6629504E7,
      "min" : 16629504,
      "p50" : 1.6629504E7,
      "p75" : 1.6629504E7,
      "p95" : 1.6629504E7,
      "p98" : 1.6629504E7,
      "p99" : 1.6629504E7,
      "p999" : 1.6629504E7,
      "values" : [ 16629504 ],
      "stddev" : 0.0
    },
    "vm.memory.pools.Code-Cache.used.window.5m" : {
      "count" : 1,
      "max" : 16629504,
      "mean" : 1.6629504E7,
      "min" : 16629504,
      "p50" : 1.6629504E7,
      "p75" : 1.6629504E7,
      "p95" : 1.6629504E7,
      "p98" : 1.6629504E7,
      "p99" : 1.6629504E7,
      "p999" : 1.6629504E7,
      "values" : [ 16629504 ],
      "stddev" : 0.0
    },
    "vm.memory.pools.Compressed-Class-Space.committed.history" : {
      "count" : 1,
      "max" : 13238272,
      "mean" : 1.3238272E7,
      "min" : 13238272,
      "p50" : 1.3238272E7,
      "p75" : 1.3238272E7,
      "p95" : 1.3238272E7,
      "p98" : 1.3238272E7,
      "p99" : 1.3238272E7,
      "p999" : 1.3238272E7,
      "values" : [ 13238272 ],
      "stddev" : 0.0
    },
    "vm.memory.pools.Compressed-Class-Space.committed.window.15m" : {
      "count" : 1,
      "max" : 13238272,
      "mean" : 1.3238272E7,
      "min" : 13238272,
      "p50" : 1.3238272E7,
      "p75" : 1.3238272E7,
      "p95" : 1.3238272E7,
      "p98" : 1.3238272E7,
      "p99" : 1.3238272E7,
      "p999" : 1.3238272E7,
      "values" : [ 13238272 ],
      "stddev" : 0.0
    },
    "vm.memory.pools.Compressed-Class-Space.committed.window.1h" : {
      "count" : 1,
      "max" : 13238272,
      "mean" : 1.3238272E7,
      "min" : 13238272,
      "p50" : 1.3238272E7,
      "p75" : 1.3238272E7,
      "p95" : 1.3238272E7,
      "p98" : 1.3238272E7,
      "p99" : 1.3238272E7,
      "p999" : 1.3238272E7,
      "values" : [ 13238272 ],
      "stddev" : 0.0
    },
    "vm.memory.pools.Compressed-Class-Space.committed.window.5m" : {
      "count" : 1,
      "max" : 13238272,
      "mean" : 1.3238272E7,
      "min" : 13238272,
      "p50" : 1.3238272E7,
      "p75" : 1.3238272E7,
      "p95" : 1.3238272E7,
      "p98" : 1.3238272E7,
      "p99" : 1.3238272E7,
      "p999" : 1.3238272E7,
      "values" : [ 13238272 ],
      "stddev" : 0.0
    },
    "vm.memory.pools.Compressed-Class-Space.usage.x100.history" : {
      "count" : 1,
      "max" : 1,
      "mean" : 1.0,
      "min" : 1,
      "p50" : 1.0,
      "p75" : 1.0,
      "p95" : 1.0,
      "p98" : 1.0,
      "p99" : 1.0,
      "p999" : 1.0,
      "values" : [ 1 ],
      "stddev" : 0.0
    },
    "vm.memory.pools.Compressed-Class-Space.usage.x100.window.15m" : {
      "count" : 1,
      "max" : 1,
      "mean" : 1.0,
      "min" : 1,
      "p50" : 1.0,
      "p75" : 1.0,
      "p95" : 1.0,
      "p98" : 1.0,
      "p99" : 1.0,
      "p999" : 1.0,
      "values" : [ 1 ],
      "stddev" : 0.0
    },
    "vm.memory.pools.Compressed-Class-Space.usage.x100.window.1h" : {
      "count" : 1,
      "max" : 1,
      "mean" : 1.0,
      "min" : 1,
      "p50" : 1.0,
      "p75" : 1.0,
      "p95" : 1.0,
      "p98" : 1.0,
      "p99" : 1.0,
      "p999" : 1.0,
      "values" : [ 1 ],
      "stddev" : 0.0
    },
    "vm.memory.pools.Compressed-Class-Space.usage.x100.window.5m" : {
      "count" : 1,
      "max" : 1,
      "mean" : 1.0,
      "min" : 1,
      "p50" : 1.0,
      "p75" : 1.0,
      "p95" : 1.0,
      "p98" : 1.0,
      "p99" : 1.0,
      "p999" : 1.0,
      "values" : [ 1 ],
      "stddev" : 0.0
    },
    "vm.memory.pools.Compressed-Class-Space.used.history" : {
      "count" : 1,
      "max" : 10617640,
      "mean" : 1.061764E7,
      "min" : 10617640,
      "p50" : 1.061764E7,
      "p75" : 1.061764E7,
      "p95" : 1.061764E7,
      "p98" : 1.061764E7,
      "p99" : 1.061764E7,
      "p999" : 1.061764E7,
      "values" : [ 10617640 ],
      "stddev" : 0.0
    },
    "vm.memory.pools.Compressed-Class-Space.used.window.15m" : {
      "count" : 1,
      "max" : 10617640,
      "mean" : 1.061764E7,
      "min" : 10617640,
      "p50" : 1.061764E7,
      "p75" : 1.061764E7,
      "p95" : 1.061764E7,
      "p98" : 1.061764E7,
      "p99" : 1.061764E7,
      "p999" : 1.061764E7,
      "values" : [ 10617640 ],
      "stddev" : 0.0
    },
    "vm.memory.pools.Compressed-Class-Space.used.window.1h" : {
      "count" : 1,
      "max" : 10617640,
      "mean" : 1.061764E7,
      "min" : 10617640,
      "p50" : 1.061764E7,
      "p75" : 1.061764E7,
      "p95" : 1.061764E7,
      "p98" : 1.061764E7,
      "p99" : 1.061764E7,
      "p999" : 1.061764E7,
      "values" : [ 10617640 ],
      "stddev" : 0.0
    },
    "vm.memory.pools.Compressed-Class-Space.used.window.5m" : {
      "count" : 1,
      "max" : 10617640,
      "mean" : 1.061764E7,
      "min" : 10617640,
      "p50" : 1.061764E7,
      "p75" : 1.061764E7,
      "p95" : 1.061764E7,
      "p98" : 1.061764E7,
      "p99" : 1.061764E7,
      "p999" : 1.061764E7,
      "values" : [ 10617640 ],
      "stddev" : 0.0
    },
    "vm.memory.pools.Metaspace.committed.history" : {
      "count" : 1,
      "max" : 101306368,
      "mean" : 1.01306368E8,
      "min" : 101306368,
      "p50" : 1.01306368E8,
      "p75" : 1.01306368E8,
      "p95" : 1.01306368E8,
      "p98" : 1.01306368E8,
      "p99" : 1.01306368E8,
      "p999" : 1.01306368E8,
      "values" : [ 101306368 ],
      "stddev" : 0.0
    },
    "vm.memory.pools.Metaspace.committed.window.15m" : {
      "count" : 1,
      "max" : 101306368,
      "mean" : 1.01306368E8,
      "min" : 101306368,
      "p50" : 1.01306368E8,
      "p75" : 1.01306368E8,
      "p95" : 1.01306368E8,
      "p98" : 1.01306368E8,
      "p99" : 1.01306368E8,
      "p999" : 1.01306368E8,
      "values" : [ 101306368 ],
      "stddev" : 0.0
    },
    "vm.memory.pools.Metaspace.committed.window.1h" : {
      "count" : 1,
      "max" : 101306368,
      "mean" : 1.01306368E8,
      "min" : 101306368,
      "p50" : 1.01306368E8,
      "p75" : 1.01306368E8,
      "p95" : 1.01306368E8,
      "p98" : 1.01306368E8,
      "p99" : 1.01306368E8,
      "p999" : 1.01306368E8,
      "values" : [ 101306368 ],
      "stddev" : 0.0
    },
    "vm.memory.pools.Metaspace.committed.window.5m" : {
      "count" : 1,
      "max" : 101306368,
      "mean" : 1.01306368E8,
      "min" : 101306368,
      "p50" : 1.01306368E8,
      "p75" : 1.01306368E8,
      "p95" : 1.01306368E8,
      "p98" : 1.01306368E8,
      "p99" : 1.01306368E8,
      "p999" : 1.01306368E8,
      "values" : [ 101306368 ],
      "stddev" : 0.0
    },
    "vm.memory.pools.Metaspace.usage.x100.history" : {
      "count" : 1,
      "max" : 90,
      "mean" : 90.0,
      "min" : 90,
      "p50" : 90.0,
      "p75" : 90.0,
      "p95" : 90.0,
      "p98" : 90.0,
      "p99" : 90.0,
      "p999" : 90.0,
      "values" : [ 90 ],
      "stddev" : 0.0
    },
    "vm.memory.pools.Metaspace.usage.x100.window.15m" : {
      "count" : 1,
      "max" : 90,
      "mean" : 90.0,
      "min" : 90,
      "p50" : 90.0,
      "p75" : 90.0,
      "p95" : 90.0,
      "p98" : 90.0,
      "p99" : 90.0,
      "p999" : 90.0,
      "values" : [ 90 ],
      "stddev" : 0.0
    },
    "vm.memory.pools.Metaspace.usage.x100.window.1h" : {
      "count" : 1,
      "max" : 90,
      "mean" : 90.0,
      "min" : 90,
      "p50" : 90.0,
      "p75" : 90.0,
      "p95" : 90.0,
      "p98" : 90.0,
      "p99" : 90.0,
      "p999" : 90.0,
      "values" : [ 90 ],
      "stddev" : 0.0
    },
    "vm.memory.pools.Metaspace.usage.x100.window.5m" : {
      "count" : 1,
      "max" : 90,
      "mean" : 90.0,
      "min" : 90,
      "p50" : 90.0,
      "p75" : 90.0,
      "p95" : 90.0,
      "p98" : 90.0,
      "p99" : 90.0,
      "p999" : 90.0,
      "values" : [ 90 ],
      "stddev" : 0.0
    },
    "vm.memory.pools.Metaspace.used.history" : {
      "count" : 1,
      "max" : 91267152,
      "mean" : 9.1267152E7,
      "min" : 91267152,
      "p50" : 9.1267152E7,
      "p75" : 9.1267152E7,
      "p95" : 9.1267152E7,
      "p98" : 9.1267152E7,
      "p99" : 9.1267152E7,
      "p999" : 9.1267152E7,
      "values" : [ 91267152 ],
      "stddev" : 0.0
    },
    "vm.memory.pools.Metaspace.used.window.15m" : {
      "count" : 1,
      "max" : 91267152,
      "mean" : 9.1267152E7,
      "min" : 91267152,
      "p50" : 9.1267152E7,
      "p75" : 9.1267152E7,
      "p95" : 9.1267152E7,
      "p98" : 9.1267152E7,
      "p99" : 9.1267152E7,
      "p999" : 9.1267152E7,
      "values" : [ 91267152 ],
      "stddev" : 0.0
    },
    "vm.memory.pools.Metaspace.used.window.1h" : {
      "count" : 1,
      "max" : 91267152,
      "mean" : 9.1267152E7,
      "min" : 91267152,
      "p50" : 9.1267152E7,
      "p75" : 9.1267152E7,
      "p95" : 9.1267152E7,
      "p98" : 9.1267152E7,
      "p99" : 9.1267152E7,
      "p999" : 9.1267152E7,
      "values" : [ 91267152 ],
      "stddev" : 0.0
    },
    "vm.memory.pools.Metaspace.used.window.5m" : {
      "count" : 1,
      "max" : 91267152,
      "mean" : 9.1267152E7,
      "min" : 91267152,
      "p50" : 9.1267152E7,
      "p75" : 9.1267152E7,
      "p95" : 9.1267152E7,
      "p98" : 9.1267152E7,
      "p99" : 9.1267152E7,
      "p999" : 9.1267152E7,
      "values" : [ 91267152 ],
      "stddev" : 0.0
    },
    "vm.memory.pools.PS-Eden-Space.committed.history" : {
      "count" : 1,
      "max" : 287309824,
      "mean" : 2.87309824E8,
      "min" : 287309824,
      "p50" : 2.87309824E8,
      "p75" : 2.87309824E8,
      "p95" : 2.87309824E8,
      "p98" : 2.87309824E8,
      "p99" : 2.87309824E8,
      "p999" : 2.87309824E8,
      "values" : [ 287309824 ],
      "stddev" : 0.0
    },
    "vm.memory.pools.PS-Eden-Space.committed.window.15m" : {
      "count" : 1,
      "max" : 287309824,
      "mean" : 2.87309824E8,
      "min" : 287309824,
      "p50" : 2.87309824E8,
      "p75" : 2.87309824E8,
      "p95" : 2.87309824E8,
      "p98" : 2.87309824E8,
      "p99" : 2.87309824E8,
      "p999" : 2.87309824E8,
      "values" : [ 287309824 ],
      "stddev" : 0.0
    },
    "vm.memory.pools.PS-Eden-Space.committed.window.1h" : {
      "count" : 1,
      "max" : 287309824,
      "mean" : 2.87309824E8,
      "min" : 287309824,
      "p50" : 2.87309824E8,
      "p75" : 2.87309824E8,
      "p95" : 2.87309824E8,
      "p98" : 2.87309824E8,
      "p99" : 2.87309824E8,
      "p999" : 2.87309824E8,
      "values" : [ 287309824 ],
      "stddev" : 0.0
    },
    "vm.memory.pools.PS-Eden-Space.committed.window.5m" : {
      "count" : 1,
      "max" : 287309824,
      "mean" : 2.87309824E8,
      "min" : 287309824,
      "p50" : 2.87309824E8,
      "p75" : 2.87309824E8,
      "p95" : 2.87309824E8,
      "p98" : 2.87309824E8,
      "p99" : 2.87309824E8,
      "p999" : 2.87309824E8,
      "values" : [ 287309824 ],
      "stddev" : 0.0
    },
    "vm.memory.pools.PS-Eden-Space.usage.x100.history" : {
      "count" : 1,
      "max" : 13,
      "mean" : 13.0,
      "min" : 13,
      "p50" : 13.0,
      "p75" : 13.0,
      "p95" : 13.0,
      "p98" : 13.0,
      "p99" : 13.0,
      "p999" : 13.0,
      "values" : [ 13 ],
      "stddev" : 0.0
    },
    "vm.memory.pools.PS-Eden-Space.usage.x100.window.15m" : {
      "count" : 1,
      "max" : 13,
      "mean" : 13.0,
      "min" : 13,
      "p50" : 13.0,
      "p75" : 13.0,
      "p95" : 13.0,
      "p98" : 13.0,
      "p99" : 13.0,
      "p999" : 13.0,
      "values" : [ 13 ],
      "stddev" : 0.0
    },
    "vm.memory.pools.PS-Eden-Space.usage.x100.window.1h" : {
      "count" : 1,
      "max" : 13,
      "mean" : 13.0,
      "min" : 13,
      "p50" : 13.0,
      "p75" : 13.0,
      "p95" : 13.0,
      "p98" : 13.0,
      "p99" : 13.0,
      "p999" : 13.0,
      "values" : [ 13 ],
      "stddev" : 0.0
    },
    "vm.memory.pools.PS-Eden-Space.usage.x100.window.5m" : {
      "count" : 1,
      "max" : 13,
      "mean" : 13.0,
      "min" : 13,
      "p50" : 13.0,
      "p75" : 13.0,
      "p95" : 13.0,
      "p98" : 13.0,
      "p99" : 13.0,
      "p999" : 13.0,
      "values" : [ 13 ],
      "stddev" : 0.0
    },
    "vm.memory.pools.PS-Eden-Space.used.history" : {
      "count" : 1,
      "max" : 38419424,
      "mean" : 3.8419424E7,
      "min" : 38419424,
      "p50" : 3.8419424E7,
      "p75" : 3.8419424E7,
      "p95" : 3.8419424E7,
      "p98" : 3.8419424E7,
      "p99" : 3.8419424E7,
      "p999" : 3.8419424E7,
      "values" : [ 38419424 ],
      "stddev" : 0.0
    },
    "vm.memory.pools.PS-Eden-Space.used.window.15m" : {
      "count" : 1,
      "max" : 38419424,
      "mean" : 3.8419424E7,
      "min" : 38419424,
      "p50" : 3.8419424E7,
      "p75" : 3.8419424E7,
      "p95" : 3.8419424E7,
      "p98" : 3.8419424E7,
      "p99" : 3.8419424E7,
      "p999" : 3.8419424E7,
      "values" : [ 38419424 ],
      "stddev" : 0.0
    },
    "vm.memory.pools.PS-Eden-Space.used.window.1h" : {
      "count" : 1,
      "max" : 38419424,
      "mean" : 3.8419424E7,
      "min" : 38419424,
      "p50" : 3.8419424E7,
      "p75" : 3.8419424E7,
      "p95" : 3.8419424E7,
      "p98" : 3.8419424E7,
      "p99" : 3.8419424E7,
      "p999" : 3.8419424E7,
      "values" : [ 38419424 ],
      "stddev" : 0.0
    },
    "vm.memory.pools.PS-Eden-Space.used.window.5m" : {
      "count" : 1,
      "max" : 38419424,
      "mean" : 3.8419424E7,
      "min" : 38419424,
      "p50" : 3.8419424E7,
      "p75" : 3.8419424E7,
      "p95" : 3.8419424E7,
      "p98" : 3.8419424E7,
      "p99" : 3.8419424E7,
      "p999" : 3.8419424E7,
      "values" : [ 38419424 ],
      "stddev" : 0.0
    },
    "vm.memory.pools.PS-Old-Gen.committed.history" : {
      "count" : 1,
      "max" : 101711872,
      "mean" : 1.01711872E8,
      "min" : 101711872,
      "p50" : 1.01711872E8,
      "p75" : 1.01711872E8,
      "p95" : 1.01711872E8,
      "p98" : 1.01711872E8,
      "p99" : 1.01711872E8,
      "p999" : 1.01711872E8,
      "values" : [ 101711872 ],
      "stddev" : 0.0
    },
    "vm.memory.pools.PS-Old-Gen.committed.window.15m" : {
      "count" : 1,
      "max" : 101711872,
      "mean" : 1.01711872E8,
      "min" : 101711872,
      "p50" : 1.01711872E8,
      "p75" : 1.01711872E8,
      "p95" : 1.01711872E8,
      "p98" : 1.01711872E8,
      "p99" : 1.01711872E8,
      "p999" : 1.01711872E8,
      "values" : [ 101711872 ],
      "stddev" : 0.0
    },
    "vm.memory.pools.PS-Old-Gen.committed.window.1h" : {
      "count" : 1,
      "max" : 101711872,
      "mean" : 1.01711872E8,
      "min" : 101711872,
      "p50" : 1.01711872E8,
      "p75" : 1.01711872E8,
      "p95" : 1.01711872E8,
      "p98" : 1.01711872E8,
      "p99" : 1.01711872E8,
      "p999" : 1.01711872E8,
      "values" : [ 101711872 ],
      "stddev" : 0.0
    },
    "vm.memory.pools.PS-Old-Gen.committed.window.5m" : {
      "count" : 1,
      "max" : 101711872,
      "mean" : 1.01711872E8,
      "min" : 101711872,
      "p50" : 1.01711872E8,
      "p75" : 1.01711872E8,
      "p95" : 1.01711872E8,
      "p98" : 1.01711872E8,
      "p99" : 1.01711872E8,
      "p999" : 1.01711872E8,
      "values" : [ 101711872 ],
      "stddev" : 0.0
    },
    "vm.memory.pools.PS-Old-Gen.usage.x100.history" : {
      "count" : 1,
      "max" : 6,
      "mean" : 6.0,
      "min" : 6,
      "p50" : 6.0,
      "p75" : 6.0,
      "p95" : 6.0,
      "p98" : 6.0,
      "p99" : 6.0,
      "p999" : 6.0,
      "values" : [ 6 ],
      "stddev" : 0.0
    },
    "vm.memory.pools.PS-Old-Gen.usage.x100.window.15m" : {
      "count" : 1,
      "max" : 6,
      "mean" : 6.0,
      "min" : 6,
      "p50" : 6.0,
      "p75" : 6.0,
      "p95" : 6.0,
      "p98" : 6.0,
      "p99" : 6.0,
      "p999" : 6.0,
      "values" : [ 6 ],
      "stddev" : 0.0
    },
    "vm.memory.pools.PS-Old-Gen.usage.x100.window.1h" : {
      "count" : 1,
      "max" : 6,
      "mean" : 6.0,
      "min" : 6,
      "p50" : 6.0,
      "p75" : 6.0,
      "p95" : 6.0,
      "p98" : 6.0,
      "p99" : 6.0,
      "p999" : 6.0,
      "values" : [ 6 ],
      "stddev" : 0.0
    },
    "vm.memory.pools.PS-Old-Gen.usage.x100.window.5m" : {
      "count" : 1,
      "max" : 6,
      "mean" : 6.0,
      "min" : 6,
      "p50" : 6.0,
      "p75" : 6.0,
      "p95" : 6.0,
      "p98" : 6.0,
      "p99" : 6.0,
      "p999" : 6.0,
      "values" : [ 6 ],
      "stddev" : 0.0
    },
    "vm.memory.pools.PS-Old-Gen.used.history" : {
      "count" : 1,
      "max" : 42406080,
      "mean" : 4.240608E7,
      "min" : 42406080,
      "p50" : 4.240608E7,
      "p75" : 4.240608E7,
      "p95" : 4.240608E7,
      "p98" : 4.240608E7,
      "p99" : 4.240608E7,
      "p999" : 4.240608E7,
      "values" : [ 42406080 ],
      "stddev" : 0.0
    },
    "vm.memory.pools.PS-Old-Gen.used.window.15m" : {
      "count" : 1,
      "max" : 42406080,
      "mean" : 4.240608E7,
      "min" : 42406080,
      "p50" : 4.240608E7,
      "p75" : 4.240608E7,
      "p95" : 4.240608E7,
      "p98" : 4.240608E7,
      "p99" : 4.240608E7,
      "p999" : 4.240608E7,
      "values" : [ 42406080 ],
      "stddev" : 0.0
    },
    "vm.memory.pools.PS-Old-Gen.used.window.1h" : {
      "count" : 1,
      "max" : 42406080,
      "mean" : 4.240608E7,
      "min" : 42406080,
      "p50" : 4.240608E7,
      "p75" : 4.240608E7,
      "p95" : 4.240608E7,
      "p98" : 4.240608E7,
      "p99" : 4.240608E7,
      "p999" : 4.240608E7,
      "values" : [ 42406080 ],
      "stddev" : 0.0
    },
    "vm.memory.pools.PS-Old-Gen.used.window.5m" : {
      "count" : 1,
      "max" : 42406080,
      "mean" : 4.240608E7,
      "min" : 42406080,
      "p50" : 4.240608E7,
      "p75" : 4.240608E7,
      "p95" : 4.240608E7,
      "p98" : 4.240608E7,
      "p99" : 4.240608E7,
      "p999" : 4.240608E7,
      "values" : [ 42406080 ],
      "stddev" : 0.0
    },
    "vm.memory.pools.PS-Survivor-Space.committed.history" : {
      "count" : 1,
      "max" : 16777216,
      "mean" : 1.6777216E7,
      "min" : 16777216,
      "p50" : 1.6777216E7,
      "p75" : 1.6777216E7,
      "p95" : 1.6777216E7,
      "p98" : 1.6777216E7,
      "p99" : 1.6777216E7,
      "p999" : 1.6777216E7,
      "values" : [ 16777216 ],
      "stddev" : 0.0
    },
    "vm.memory.pools.PS-Survivor-Space.committed.window.15m" : {
      "count" : 1,
      "max" : 16777216,
      "mean" : 1.6777216E7,
      "min" : 16777216,
      "p50" : 1.6777216E7,
      "p75" : 1.6777216E7,
      "p95" : 1.6777216E7,
      "p98" : 1.6777216E7,
      "p99" : 1.6777216E7,
      "p999" : 1.6777216E7,
      "values" : [ 16777216 ],
      "stddev" : 0.0
    },
    "vm.memory.pools.PS-Survivor-Space.committed.window.1h" : {
      "count" : 1,
      "max" : 16777216,
      "mean" : 1.6777216E7,
      "min" : 16777216,
      "p50" : 1.6777216E7,
      "p75" : 1.6777216E7,
      "p95" : 1.6777216E7,
      "p98" : 1.6777216E7,
      "p99" : 1.6777216E7,
      "p999" : 1.6777216E7,
      "values" : [ 16777216 ],
      "stddev" : 0.0
    },
    "vm.memory.pools.PS-Survivor-Space.committed.window.5m" : {
      "count" : 1,
      "max" : 16777216,
      "mean" : 1.6777216E7,
      "min" : 16777216,
      "p50" : 1.6777216E7,
      "p75" : 1.6777216E7,
      "p95" : 1.6777216E7,
      "p98" : 1.6777216E7,
      "p99" : 1.6777216E7,
      "p999" : 1.6777216E7,
      "values" : [ 16777216 ],
      "stddev" : 0.0
    },
    "vm.memory.pools.PS-Survivor-Space.usage.x100.history" : {
      "count" : 1,
      "max" : 98,
      "mean" : 98.0,
      "min" : 98,
      "p50" : 98.0,
      "p75" : 98.0,
      "p95" : 98.0,
      "p98" : 98.0,
      "p99" : 98.0,
      "p999" : 98.0,
      "values" : [ 98 ],
      "stddev" : 0.0
    },
    "vm.memory.pools.PS-Survivor-Space.usage.x100.window.15m" : {
      "count" : 1,
      "max" : 98,
      "mean" : 98.0,
      "min" : 98,
      "p50" : 98.0,
      "p75" : 98.0,
      "p95" : 98.0,
      "p98" : 98.0,
      "p99" : 98.0,
      "p999" : 98.0,
      "values" : [ 98 ],
      "stddev" : 0.0
    },
    "vm.memory.pools.PS-Survivor-Space.usage.x100.window.1h" : {
      "count" : 1,
      "max" : 98,
      "mean" : 98.0,
      "min" : 98,
      "p50" : 98.0,
      "p75" : 98.0,
      "p95" : 98.0,
      "p98" : 98.0,
      "p99" : 98.0,
      "p999" : 98.0,
      "values" : [ 98 ],
      "stddev" : 0.0
    },
    "vm.memory.pools.PS-Survivor-Space.usage.x100.window.5m" : {
      "count" : 1,
      "max" : 98,
      "mean" : 98.0,
      "min" : 98,
      "p50" : 98.0,
      "p75" : 98.0,
      "p95" : 98.0,
      "p98" : 98.0,
      "p99" : 98.0,
      "p999" : 98.0,
      "values" : [ 98 ],
      "stddev" : 0.0
    },
    "vm.memory.pools.PS-Survivor-Space.used.history" : {
      "count" : 1,
      "max" : 16412192,
      "mean" : 1.6412192E7,
      "min" : 16412192,
      "p50" : 1.6412192E7,
      "p75" : 1.6412192E7,
      "p95" : 1.6412192E7,
      "p98" : 1.6412192E7,
      "p99" : 1.6412192E7,
      "p999" : 1.6412192E7,
      "values" : [ 16412192 ],
      "stddev" : 0.0
    },
    "vm.memory.pools.PS-Survivor-Space.used.window.15m" : {
      "count" : 1,
      "max" : 16412192,
      "mean" : 1.6412192E7,
      "min" : 16412192,
      "p50" : 1.6412192E7,
      "p75" : 1.6412192E7,
      "p95" : 1.6412192E7,
      "p98" : 1.6412192E7,
      "p99" : 1.6412192E7,
      "p999" : 1.6412192E7,
      "values" : [ 16412192 ],
      "stddev" : 0.0
    },
    "vm.memory.pools.PS-Survivor-Space.used.window.1h" : {
      "count" : 1,
      "max" : 16412192,
      "mean" : 1.6412192E7,
      "min" : 16412192,
      "p50" : 1.6412192E7,
      "p75" : 1.6412192E7,
      "p95" : 1.6412192E7,
      "p98" : 1.6412192E7,
      "p99" : 1.6412192E7,
      "p999" : 1.6412192E7,
      "values" : [ 16412192 ],
      "stddev" : 0.0
    },
    "vm.memory.pools.PS-Survivor-Space.used.window.5m" : {
      "count" : 1,
      "max" : 16412192,
      "mean" : 1.6412192E7,
      "min" : 16412192,
      "p50" : 1.6412192E7,
      "p75" : 1.6412192E7,
      "p95" : 1.6412192E7,
      "p98" : 1.6412192E7,
      "p99" : 1.6412192E7,
      "p999" : 1.6412192E7,
      "values" : [ 16412192 ],
      "stddev" : 0.0
    },
    "vm.memory.total.committed.history" : {
      "count" : 1,
      "max" : 537055232,
      "mean" : 5.37055232E8,
      "min" : 537055232,
      "p50" : 5.37055232E8,
      "p75" : 5.37055232E8,
      "p95" : 5.37055232E8,
      "p98" : 5.37055232E8,
      "p99" : 5.37055232E8,
      "p999" : 5.37055232E8,
      "values" : [ 537055232 ],
      "stddev" : 0.0
    },
    "vm.memory.total.committed.window.15m" : {
      "count" : 1,
      "max" : 537055232,
      "mean" : 5.37055232E8,
      "min" : 537055232,
      "p50" : 5.37055232E8,
      "p75" : 5.37055232E8,
      "p95" : 5.37055232E8,
      "p98" : 5.37055232E8,
      "p99" : 5.37055232E8,
      "p999" : 5.37055232E8,
      "values" : [ 537055232 ],
      "stddev" : 0.0
    },
    "vm.memory.total.committed.window.1h" : {
      "count" : 1,
      "max" : 537055232,
      "mean" : 5.37055232E8,
      "min" : 537055232,
      "p50" : 5.37055232E8,
      "p75" : 5.37055232E8,
      "p95" : 5.37055232E8,
      "p98" : 5.37055232E8,
      "p99" : 5.37055232E8,
      "p999" : 5.37055232E8,
      "values" : [ 537055232 ],
      "stddev" : 0.0
    },
    "vm.memory.total.committed.window.5m" : {
      "count" : 1,
      "max" : 537055232,
      "mean" : 5.37055232E8,
      "min" : 537055232,
      "p50" : 5.37055232E8,
      "p75" : 5.37055232E8,
      "p95" : 5.37055232E8,
      "p98" : 5.37055232E8,
      "p99" : 5.37055232E8,
      "p999" : 5.37055232E8,
      "values" : [ 537055232 ],
      "stddev" : 0.0
    },
    "vm.memory.total.used.history" : {
      "count" : 1,
      "max" : 215752120,
      "mean" : 2.1575212E8,
      "min" : 215752120,
      "p50" : 2.1575212E8,
      "p75" : 2.1575212E8,
      "p95" : 2.1575212E8,
      "p98" : 2.1575212E8,
      "p99" : 2.1575212E8,
      "p999" : 2.1575212E8,
      "values" : [ 215752120 ],
      "stddev" : 0.0
    },
    "vm.memory.total.used.window.15m" : {
      "count" : 1,
      "max" : 215752120,
      "mean" : 2.1575212E8,
      "min" : 215752120,
      "p50" : 2.1575212E8,
      "p75" : 2.1575212E8,
      "p95" : 2.1575212E8,
      "p98" : 2.1575212E8,
      "p99" : 2.1575212E8,
      "p999" : 2.1575212E8,
      "values" : [ 215752120 ],
      "stddev" : 0.0
    },
    "vm.memory.total.used.window.1h" : {
      "count" : 1,
      "max" : 215752120,
      "mean" : 2.1575212E8,
      "min" : 215752120,
      "p50" : 2.1575212E8,
      "p75" : 2.1575212E8,
      "p95" : 2.1575212E8,
      "p98" : 2.1575212E8,
      "p99" : 2.1575212E8,
      "p999" : 2.1575212E8,
      "values" : [ 215752120 ],
      "stddev" : 0.0
    },
    "vm.memory.total.used.window.5m" : {
      "count" : 1,
      "max" : 215752120,
      "mean" : 2.1575212E8,
      "min" : 215752120,
      "p50" : 2.1575212E8,
      "p75" : 2.1575212E8,
      "p95" : 2.1575212E8,
      "p98" : 2.1575212E8,
      "p99" : 2.1575212E8,
      "p999" : 2.1575212E8,
      "values" : [ 215752120 ],
      "stddev" : 0.0
    }
  },
  "meters" : {
    "http.responseCodes.badRequest" : {
      "count" : 0,
      "m15_rate" : 0.0,
      "m1_rate" : 0.0,
      "m5_rate" : 0.0,
      "mean_rate" : 0.0,
      "units" : "events/minute"
    },
    "http.responseCodes.created" : {
      "count" : 0,
      "m15_rate" : 0.0,
      "m1_rate" : 0.0,
      "m5_rate" : 0.0,
      "mean_rate" : 0.0,
      "units" : "events/minute"
    },
    "http.responseCodes.forbidden" : {
      "count" : 0,
      "m15_rate" : 0.0,
      "m1_rate" : 0.0,
      "m5_rate" : 0.0,
      "mean_rate" : 0.0,
      "units" : "events/minute"
    },
    "http.responseCodes.noContent" : {
      "count" : 0,
      "m15_rate" : 0.0,
      "m1_rate" : 0.0,
      "m5_rate" : 0.0,
      "mean_rate" : 0.0,
      "units" : "events/minute"
    },
    "http.responseCodes.notFound" : {
      "count" : 0,
      "m15_rate" : 0.0,
      "m1_rate" : 0.0,
      "m5_rate" : 0.0,
      "mean_rate" : 0.0,
      "units" : "events/minute"
    },
    "http.responseCodes.notModified" : {
      "count" : 0,
      "m15_rate" : 0.0,
      "m1_rate" : 0.0,
      "m5_rate" : 0.0,
      "mean_rate" : 0.0,
      "units" : "events/minute"
    },
    "http.responseCodes.ok" : {
      "count" : 0,
      "m15_rate" : 0.0,
      "m1_rate" : 0.0,
      "m5_rate" : 0.0,
      "mean_rate" : 0.0,
      "units" : "events/minute"
    },
    "http.responseCodes.other" : {
      "count" : 0,
      "m15_rate" : 0.0,
      "m1_rate" : 0.0,
      "m5_rate" : 0.0,
      "mean_rate" : 0.0,
      "units" : "events/minute"
    },
    "http.responseCodes.serverError" : {
      "count" : 0,
      "m15_rate" : 0.0,
      "m1_rate" : 0.0,
      "m5_rate" : 0.0,
      "mean_rate" : 0.0,
      "units" : "events/minute"
    },
    "http.responseCodes.serviceUnavailable" : {
      "count" : 3,
      "m15_rate" : 11.867404671527067,
      "m1_rate" : 10.15778069868737,
      "m5_rate" : 11.60659320578407,
      "mean_rate" : 6.761426710225988,
      "units" : "events/minute"
    },
    "jenkins.job.scheduled" : {
      "count" : 0,
      "m15_rate" : 0.0,
      "m1_rate" : 0.0,
      "m5_rate" : 0.0,
      "mean_rate" : 0.0,
      "units" : "events/minute"
    },
    "jenkins.runs.aborted" : {
      "count" : 0,
      "m15_rate" : 0.0,
      "m1_rate" : 0.0,
      "m5_rate" : 0.0,
      "mean_rate" : 0.0,
      "units" : "events/minute"
    },
    "jenkins.runs.failure" : {
      "count" : 0,
      "m15_rate" : 0.0,
      "m1_rate" : 0.0,
      "m5_rate" : 0.0,
      "mean_rate" : 0.0,
      "units" : "events/minute"
    },
    "jenkins.runs.not_built" : {
      "count" : 0,
      "m15_rate" : 0.0,
      "m1_rate" : 0.0,
      "m5_rate" : 0.0,
      "mean_rate" : 0.0,
      "units" : "events/minute"
    },
    "jenkins.runs.success" : {
      "count" : 0,
      "m15_rate" : 0.0,
      "m1_rate" : 0.0,
      "m5_rate" : 0.0,
      "mean_rate" : 0.0,
      "units" : "events/minute"
    },
    "jenkins.runs.total" : {
      "count" : 0,
      "m15_rate" : 0.0,
      "m1_rate" : 0.0,
      "m5_rate" : 0.0,
      "mean_rate" : 0.0,
      "units" : "events/minute"
    },
    "jenkins.runs.unstable" : {
      "count" : 0,
      "m15_rate" : 0.0,
      "m1_rate" : 0.0,
      "m5_rate" : 0.0,
      "mean_rate" : 0.0,
      "units" : "events/minute"
    },
    "jenkins.task.scheduled" : {
      "count" : 0,
      "m15_rate" : 0.0,
      "m1_rate" : 0.0,
      "m5_rate" : 0.0,
      "mean_rate" : 0.0,
      "units" : "events/minute"
    }
  },
  "timers" : {
    "http.requests" : {
      "count" : 3,
      "max" : 0.012385998,
      "mean" : 0.005825637260537668,
      "min" : 0.002883557,
      "p50" : 0.002910527,
      "p75" : 0.012385998,
      "p95" : 0.012385998,
      "p98" : 0.012385998,
      "p99" : 0.012385998,
      "p999" : 0.012385998,
      "values" : [ 0.002883557, 0.002910527, 0.012385998 ],
      "stddev" : 0.004383615271198347,
      "m15_rate" : 11.867404671527067,
      "m1_rate" : 10.15778069868737,
      "m5_rate" : 11.60659320578407,
      "mean_rate" : 6.761951460979099,
      "duration_units" : "seconds",
      "rate_units" : "calls/minute"
    },
    "jenkins.health-check.duration" : {
      "count" : 0,
      "max" : 0.0,
      "mean" : 0.0,
      "min" : 0.0,
      "p50" : 0.0,
      "p75" : 0.0,
      "p95" : 0.0,
      "p98" : 0.0,
      "p99" : 0.0,
      "p999" : 0.0,
      "values" : [ ],
      "stddev" : 0.0,
      "m15_rate" : 0.0,
      "m1_rate" : 0.0,
      "m5_rate" : 0.0,
      "mean_rate" : 0.0,
      "duration_units" : "seconds",
      "rate_units" : "calls/minute"
    },
    "jenkins.job.blocked.duration" : {
      "count" : 0,
      "max" : 0.0,
      "mean" : 0.0,
      "min" : 0.0,
      "p50" : 0.0,
      "p75" : 0.0,
      "p95" : 0.0,
      "p98" : 0.0,
      "p99" : 0.0,
      "p999" : 0.0,
      "values" : [ ],
      "stddev" : 0.0,
      "m15_rate" : 0.0,
      "m1_rate" : 0.0,
      "m5_rate" : 0.0,
      "mean_rate" : 0.0,
      "duration_units" : "seconds",
      "rate_units" : "calls/minute"
    },
    "jenkins.job.buildable.duration" : {
      "count" : 0,
      "max" : 0.0,
      "mean" : 0.0,
      "min" : 0.0,
      "p50" : 0.0,
      "p75" : 0.0,
      "p95" : 0.0,
      "p98" : 0.0,
      "p99" : 0.0,
      "p999" : 0.0,
      "values" : [ ],
      "stddev" : 0.0,
      "m15_rate" : 0.0,
      "m1_rate" : 0.0,
      "m5_rate" : 0.0,
      "mean_rate" : 0.0,
      "duration_units" : "seconds",
      "rate_units" : "calls/minute"
    },
    "jenkins.job.building.duration" : {
      "count" : 0,
      "max" : 0.0,
      "mean" : 0.0,
      "min" : 0.0,
      "p50" : 0.0,
      "p75" : 0.0,
      "p95" : 0.0,
      "p98" : 0.0,
      "p99" : 0.0,
      "p999" : 0.0,
      "values" : [ ],
      "stddev" : 0.0,
      "m15_rate" : 0.0,
      "m1_rate" : 0.0,
      "m5_rate" : 0.0,
      "mean_rate" : 0.0,
      "duration_units" : "seconds",
      "rate_units" : "calls/minute"
    },
    "jenkins.job.execution.time" : {
      "count" : 0,
      "max" : 0.0,
      "mean" : 0.0,
      "min" : 0.0,
      "p50" : 0.0,
      "p75" : 0.0,
      "p95" : 0.0,
      "p98" : 0.0,
      "p99" : 0.0,
      "p999" : 0.0,
      "values" : [ ],
      "stddev" : 0.0,
      "m15_rate" : 0.0,
      "m1_rate" : 0.0,
      "m5_rate" : 0.0,
      "mean_rate" : 0.0,
      "duration_units" : "seconds",
      "rate_units" : "calls/minute"
    },
    "jenkins.job.queuing.duration" : {
      "count" : 0,
      "max" : 0.0,
      "mean" : 0.0,
      "min" : 0.0,
      "p50" : 0.0,
      "p75" : 0.0,
      "p95" : 0.0,
      "p98" : 0.0,
      "p99" : 0.0,
      "p999" : 0.0,
      "values" : [ ],
      "stddev" : 0.0,
      "m15_rate" : 0.0,
      "m1_rate" : 0.0,
      "m5_rate" : 0.0,
      "mean_rate" : 0.0,
      "duration_units" : "seconds",
      "rate_units" : "calls/minute"
    },
    "jenkins.job.total.duration" : {
      "count" : 0,
      "max" : 0.0,
      "mean" : 0.0,
      "min" : 0.0,
      "p50" : 0.0,
      "p75" : 0.0,
      "p95" : 0.0,
      "p98" : 0.0,
      "p99" : 0.0,
      "p999" : 0.0,
      "values" : [ ],
      "stddev" : 0.0,
      "m15_rate" : 0.0,
      "m1_rate" : 0.0,
      "m5_rate" : 0.0,
      "mean_rate" : 0.0,
      "duration_units" : "seconds",
      "rate_units" : "calls/minute"
    },
    "jenkins.job.waiting.duration" : {
      "count" : 0,
      "max" : 0.0,
      "mean" : 0.0,
      "min" : 0.0,
      "p50" : 0.0,
      "p75" : 0.0,
      "p95" : 0.0,
      "p98" : 0.0,
      "p99" : 0.0,
      "p999" : 0.0,
      "values" : [ ],
      "stddev" : 0.0,
      "m15_rate" : 0.0,
      "m1_rate" : 0.0,
      "m5_rate" : 0.0,
      "mean_rate" : 0.0,
      "duration_units" : "seconds",
      "rate_units" : "calls/minute"
    },
    "jenkins.node.python.builds" : {
      "count" : 0,
      "max" : 0.0,
      "mean" : 0.0,
      "min" : 0.0,
      "p50" : 0.0,
      "p75" : 0.0,
      "p95" : 0.0,
      "p98" : 0.0,
      "p99" : 0.0,
      "p999" : 0.0,
      "values" : [ ],
      "stddev" : 0.0,
      "m15_rate" : 0.0,
      "m1_rate" : 0.0,
      "m5_rate" : 0.0,
      "mean_rate" : 0.0,
      "duration_units" : "seconds",
      "rate_units" : "calls/minute"
    },
    "jenkins.task.blocked.duration" : {
      "count" : 0,
      "max" : 0.0,
      "mean" : 0.0,
      "min" : 0.0,
      "p50" : 0.0,
      "p75" : 0.0,
      "p95" : 0.0,
      "p98" : 0.0,
      "p99" : 0.0,
      "p999" : 0.0,
      "values" : [ ],
      "stddev" : 0.0,
      "m15_rate" : 0.0,
      "m1_rate" : 0.0,
      "m5_rate" : 0.0,
      "mean_rate" : 0.0,
      "duration_units" : "seconds",
      "rate_units" : "calls/minute"
    },
    "jenkins.task.buildable.duration" : {
      "count" : 0,
      "max" : 0.0,
      "mean" : 0.0,
      "min" : 0.0,
      "p50" : 0.0,
      "p75" : 0.0,
      "p95" : 0.0,
      "p98" : 0.0,
      "p99" : 0.0,
      "p999" : 0.0,
      "values" : [ ],
      "stddev" : 0.0,
      "m15_rate" : 0.0,
      "m1_rate" : 0.0,
      "m5_rate" : 0.0,
      "mean_rate" : 0.0,
      "duration_units" : "seconds",
      "rate_units" : "calls/minute"
    },
    "jenkins.task.execution.duration" : {
      "count" : 0,
      "max" : 0.0,
      "mean" : 0.0,
      "min" : 0.0,
      "p50" : 0.0,
      "p75" : 0.0,
      "p95" : 0.0,
      "p98" : 0.0,
      "p99" : 0.0,
      "p999" : 0.0,
      "values" : [ ],
      "stddev" : 0.0,
      "m15_rate" : 0.0,
      "m1_rate" : 0.0,
      "m5_rate" : 0.0,
      "mean_rate" : 0.0,
      "duration_units" : "seconds",
      "rate_units" : "calls/minute"
    },
    "jenkins.task.queuing.duration" : {
      "count" : 0,
      "max" : 0.0,
      "mean" : 0.0,
      "min" : 0.0,
      "p50" : 0.0,
      "p75" : 0.0,
      "p95" : 0.0,
      "p98" : 0.0,
      "p99" : 0.0,
      "p999" : 0.0,
      "values" : [ ],
      "stddev" : 0.0,
      "m15_rate" : 0.0,
      "m1_rate" : 0.0,
      "m5_rate" : 0.0,
      "mean_rate" : 0.0,
      "duration_units" : "seconds",
      "rate_units" : "calls/minute"
    },
    "jenkins.task.waiting.duration" : {
      "count" : 0,
      "max" : 0.0,
      "mean" : 0.0,
      "min" : 0.0,
      "p50" : 0.0,
      "p75" : 0.0,
      "p95" : 0.0,
      "p98" : 0.0,
      "p99" : 0.0,
      "p999" : 0.0,
      "values" : [ ],
      "stddev" : 0.0,
      "m15_rate" : 0.0,
      "m1_rate" : 0.0,
      "m5_rate" : 0.0,
      "mean_rate" : 0.0,
      "duration_units" : "seconds",
      "rate_units" : "calls/minute"
    }
  }
}